tp,fp,fn,tn,gt_px,pred_px,gt_empty,Dice,IoU,Precision,Recall,Specificity,VS,HD95,ASSD,NSD,patient,slice,patient_dice,fold,model
0.0,0.0,0.0,147456.0,0.0,0.0,1,1.0,1.0,1.0,1.0,0.9999999999993219,1.0,,,,53,0,0.34294871794871795,0,unet
0.0,0.0,0.0,147456.0,0.0,0.0,1,1.0,1.0,1.0,1.0,0.9999999999993219,1.0,,,,53,1,0.34294871794871795,0,unet
0.0,0.0,0.0,147456.0,0.0,0.0,1,1.0,1.0,1.0,1.0,0.9999999999993219,1.0,,,,53,2,0.34294871794871795,0,unet
0.0,0.0,0.0,147456.0,0.0,0.0,1,1.0,1.0,1.0,1.0,0.9999999999993219,1.0,,,,53,3,0.34294871794871795,0,unet
0.0,0.0,0.0,147456.0,0.0,0.0,1,1.0,1.0,1.0,1.0,0.9999999999993219,1.0,,,,53,4,0.34294871794871795,0,unet
0.0,0.0,0.0,147456.0,0.0,0.0,1,1.0,1.0,1.0,1.0,0.9999999999993219,1.0,,,,53,5,0.34294871794871795,0,unet
0.0,0.0,0.0,147456.0,0.0,0.0,1,1.0,1.0,1.0,1.0,0.9999999999993219,1.0,,,,53,6,0.34294871794871795,0,unet
0.0,0.0,0.0,147456.0,0.0,0.0,1,1.0,1.0,1.0,1.0,0.9999999999993219,1.0,,,,53,7,0.34294871794871795,0,unet
0.0,0.0,0.0,147456.0,0.0,0.0,1,1.0,1.0,1.0,1.0,0.9999999999993219,1.0,,,,53,8,0.34294871794871795,0,unet
0.0,0.0,0.0,147456.0,0.0,0.0,1,1.0,1.0,1.0,1.0,0.9999999999993219,1.0,,,,53,9,0.34294871794871795,0,unet
0.0,0.0,0.0,147456.0,0.0,0.0,1,1.0,1.0,1.0,1.0,0.9999999999993219,1.0,,,,53,10,0.34294871794871795,0,unet
0.0,1224.0,0.0,146232.0,0.0,1224.0,1,0.0,0.0,0.0,1.0,0.9916992187493274,0.0,,,,53,11,0.34294871794871795,0,unet
0.0,858.0,0.0,146598.0,0.0,858.0,1,0.0,0.0,0.0,1.0,0.9941813151034924,0.0,,,,53,12,0.34294871794871795,0,unet
0.0,612.0,0.0,146844.0,0.0,612.0,1,0.0,0.0,0.0,1.0,0.9958496093743247,0.0,,,,53,13,0.34294871794871795,0,unet
0.0,793.0,0.0,146663.0,0.0,793.0,1,0.0,0.0,0.0,1.0,0.9946221245652977,0.0,,,,53,14,0.34294871794871795,0,unet
0.0,629.0,0.0,146827.0,0.0,629.0,1,0.0,0.0,0.0,1.0,0.9957343207458526,0.0,,,,53,15,0.34294871794871795,0,unet
0.0,0.0,0.0,147456.0,0.0,0.0,1,1.0,1.0,1.0,1.0,0.9999999999993219,1.0,,,,53,16,0.34294871794871795,0,unet
0.0,126.0,71.0,147259.0,71.0,126.0,0,0.0,0.0,0.0,0.0,0.9991450961760022,0.7208121828828364,108.68444145329804,106.35764165610628,0.0,53,17,0.34294871794871795,0,unet
54.0,66.0,312.0,147024.0,366.0,120.0,0,0.22222222217649748,0.12499999997106481,0.44999999962500004,0.14754098356624562,0.9995512951247538,0.49382716059797793,100.91895857594272,28.74224757430623,0.3058823529411765,53,18,0.34294871794871795,0,unet
0.0,101.0,60.0,147295.0,60.0,101.0,0,0.0,0.0,0.0,0.0,0.9993147710921604,0.7453416150650052,49.49475399871567,44.56746709993976,0.0,53,19,0.34294871794871795,0,unet
0.0,279.0,0.0,147177.0,0.0,279.0,1,0.0,0.0,0.0,1.0,0.9981079101555731,0.0,,,,53,20,0.34294871794871795,0,unet
233.0,499.0,61.0,146663.0,294.0,732.0,0,0.4541910330941334,0.29382093312814367,0.31830601088547733,0.7925170065331574,0.9966091789993363,0.5730994152462867,82.39409796339731,21.30883850656541,0.5484949832775919,53,21,0.34294871794871795,0,unet
672.0,794.0,381.0,145609.0,1053.0,1466.0,0,0.5335450575413441,0.3638332430772153,0.4583901773220743,0.6381766381160325,0.9945766138665229,0.8360460500263578,73.04663161867656,17.816766714162878,0.46096654275092935,53,22,0.34294871794871795,0,unet
640.0,615.0,181.0,146020.0,821.0,1255.0,0,0.6165703275232867,0.4456824512224455,0.5099601593219155,0.7795371497223463,0.99580591263955,0.7909441233241357,70.71054029008741,16.920202610826202,0.6061855670103092,53,23,0.34294871794871795,0,unet
474.0,155.0,77.0,146750.0,551.0,629.0,0,0.8033898304403906,0.6713881018879054,0.7535771063984774,0.8602540833284475,0.9989448963609142,0.9338983050903475,37.78982708508474,3.141580193499513,0.9292307692307692,53,24,0.34294871794871795,0,unet
174.0,80.0,208.0,146994.0,382.0,254.0,0,0.5471698112347217,0.3766233765418564,0.6850393698090397,0.4554973820797127,0.9994560561343273,0.7987421383964242,21.09992374282991,4.308875334695418,0.7008196721311475,53,25,0.34294871794871795,0,unet
0.0,0.0,216.0,147240.0,216.0,0.0,0,0.0,0.0,0.0,0.0,0.9999999999993209,4.629628902463878e-10,,,,53,26,0.34294871794871795,0,unet
0.0,0.0,80.0,147376.0,80.0,0.0,0,0.0,0.0,0.0,0.0,0.9999999999993214,1.2499998813808588e-09,,,,53,27,0.34294871794871795,0,unet
0.0,0.0,0.0,147456.0,0.0,0.0,1,1.0,1.0,1.0,1.0,0.9999999999993219,1.0,,,,53,28,0.34294871794871795,0,unet
0.0,0.0,0.0,147456.0,0.0,0.0,1,1.0,1.0,1.0,1.0,0.9999999999993219,1.0,,,,53,29,0.34294871794871795,0,unet
0.0,0.0,0.0,147456.0,0.0,0.0,1,1.0,1.0,1.0,1.0,0.9999999999993219,1.0,,,,53,30,0.34294871794871795,0,unet
0.0,0.0,0.0,147456.0,0.0,0.0,1,1.0,1.0,1.0,1.0,0.9999999999993219,1.0,,,,53,31,0.34294871794871795,0,unet
0.0,132.0,0.0,147324.0,0.0,132.0,1,0.0,0.0,0.0,1.0,0.9991048177076558,0.0,,,,53,32,0.34294871794871795,0,unet
0.0,0.0,0.0,147456.0,0.0,0.0,1,1.0,1.0,1.0,1.0,0.9999999999993219,1.0,,,,53,33,0.34294871794871795,0,unet
0.0,0.0,0.0,147456.0,0.0,0.0,1,1.0,1.0,1.0,1.0,0.9999999999993219,1.0,,,,53,34,0.34294871794871795,0,unet
0.0,0.0,0.0,147456.0,0.0,0.0,1,1.0,1.0,1.0,1.0,0.9999999999993219,1.0,,,,56,0,,0,unet
0.0,0.0,0.0,147456.0,0.0,0.0,1,1.0,1.0,1.0,1.0,0.9999999999993219,1.0,,,,56,1,,0,unet
0.0,0.0,0.0,147456.0,0.0,0.0,1,1.0,1.0,1.0,1.0,0.9999999999993219,1.0,,,,56,2,,0,unet
0.0,0.0,0.0,147456.0,0.0,0.0,1,1.0,1.0,1.0,1.0,0.9999999999993219,1.0,,,,56,3,,0,unet
0.0,0.0,0.0,147456.0,0.0,0.0,1,1.0,1.0,1.0,1.0,0.9999999999993219,1.0,,,,56,4,,0,unet
0.0,0.0,0.0,147456.0,0.0,0.0,1,1.0,1.0,1.0,1.0,0.9999999999993219,1.0,,,,56,5,,0,unet
0.0,0.0,0.0,147456.0,0.0,0.0,1,1.0,1.0,1.0,1.0,0.9999999999993219,1.0,,,,56,6,,0,unet
0.0,0.0,0.0,147456.0,0.0,0.0,1,1.0,1.0,1.0,1.0,0.9999999999993219,1.0,,,,56,7,,0,unet
0.0,0.0,0.0,147456.0,0.0,0.0,1,1.0,1.0,1.0,1.0,0.9999999999993219,1.0,,,,56,8,,0,unet
0.0,0.0,0.0,147456.0,0.0,0.0,1,1.0,1.0,1.0,1.0,0.9999999999993219,1.0,,,,56,9,,0,unet
0.0,0.0,0.0,147456.0,0.0,0.0,1,1.0,1.0,1.0,1.0,0.9999999999993219,1.0,,,,56,10,,0,unet
0.0,0.0,0.0,147456.0,0.0,0.0,1,1.0,1.0,1.0,1.0,0.9999999999993219,1.0,,,,56,11,,0,unet
0.0,0.0,0.0,147456.0,0.0,0.0,1,1.0,1.0,1.0,1.0,0.9999999999993219,1.0,,,,56,12,,0,unet
0.0,0.0,0.0,147456.0,0.0,0.0,1,1.0,1.0,1.0,1.0,0.9999999999993219,1.0,,,,56,13,,0,unet
0.0,0.0,0.0,147456.0,0.0,0.0,1,1.0,1.0,1.0,1.0,0.9999999999993219,1.0,,,,56,14,,0,unet
0.0,0.0,0.0,147456.0,0.0,0.0,1,1.0,1.0,1.0,1.0,0.9999999999993219,1.0,,,,56,15,,0,unet
0.0,58.0,0.0,147398.0,0.0,58.0,1,0.0,0.0,0.0,1.0,0.9996066623257109,0.0,,,,56,16,,0,unet
0.0,163.0,0.0,147293.0,0.0,163.0,1,0.0,0.0,0.0,1.0,0.9988945855027948,0.0,,,,56,17,,0,unet
0.0,0.0,0.0,147456.0,0.0,0.0,1,1.0,1.0,1.0,1.0,0.9999999999993219,1.0,,,,56,18,,0,unet
0.0,0.0,0.0,147456.0,0.0,0.0,1,1.0,1.0,1.0,1.0,0.9999999999993219,1.0,,,,56,19,,0,unet
0.0,0.0,0.0,147456.0,0.0,0.0,1,1.0,1.0,1.0,1.0,0.9999999999993219,1.0,,,,56,20,,0,unet
0.0,0.0,0.0,147456.0,0.0,0.0,1,1.0,1.0,1.0,1.0,0.9999999999993219,1.0,,,,56,21,,0,unet
0.0,0.0,0.0,147456.0,0.0,0.0,1,1.0,1.0,1.0,1.0,0.9999999999993219,1.0,,,,56,22,,0,unet
0.0,0.0,0.0,147456.0,0.0,0.0,1,1.0,1.0,1.0,1.0,0.9999999999993219,1.0,,,,56,23,,0,unet
0.0,0.0,0.0,147456.0,0.0,0.0,1,1.0,1.0,1.0,1.0,0.9999999999993219,1.0,,,,56,24,,0,unet
0.0,0.0,0.0,147456.0,0.0,0.0,1,1.0,1.0,1.0,1.0,0.9999999999993219,1.0,,,,56,25,,0,unet
0.0,0.0,0.0,147456.0,0.0,0.0,1,1.0,1.0,1.0,1.0,0.9999999999993219,1.0,,,,56,26,,0,unet
0.0,0.0,0.0,147456.0,0.0,0.0,1,1.0,1.0,1.0,1.0,0.9999999999993219,1.0,,,,56,27,,0,unet
0.0,0.0,0.0,147456.0,0.0,0.0,1,1.0,1.0,1.0,1.0,0.9999999999993219,1.0,,,,56,28,,0,unet
0.0,0.0,0.0,147456.0,0.0,0.0,1,1.0,1.0,1.0,1.0,0.9999999999993219,1.0,,,,56,29,,0,unet
0.0,0.0,0.0,147456.0,0.0,0.0,1,1.0,1.0,1.0,1.0,0.9999999999993219,1.0,,,,56,30,,0,unet
0.0,0.0,0.0,147456.0,0.0,0.0,1,1.0,1.0,1.0,1.0,0.9999999999993219,1.0,,,,56,31,,0,unet
0.0,0.0,0.0,147456.0,0.0,0.0,1,1.0,1.0,1.0,1.0,0.9999999999993219,1.0,,,,56,32,,0,unet
0.0,0.0,0.0,147456.0,0.0,0.0,1,1.0,1.0,1.0,1.0,0.9999999999993219,1.0,,,,56,33,,0,unet
0.0,0.0,0.0,147456.0,0.0,0.0,1,1.0,1.0,1.0,1.0,0.9999999999993219,1.0,,,,56,34,,0,unet
0.0,0.0,0.0,147456.0,0.0,0.0,1,1.0,1.0,1.0,1.0,0.9999999999993219,1.0,,,,56,35,,0,unet
0.0,0.0,0.0,147456.0,0.0,0.0,1,1.0,1.0,1.0,1.0,0.9999999999993219,1.0,,,,56,36,,0,unet
0.0,0.0,0.0,147456.0,0.0,0.0,1,1.0,1.0,1.0,1.0,0.9999999999993219,1.0,,,,56,37,,0,unet
0.0,0.0,0.0,147456.0,0.0,0.0,1,1.0,1.0,1.0,1.0,0.9999999999993219,1.0,,,,56,38,,0,unet
0.0,0.0,0.0,147456.0,0.0,0.0,1,1.0,1.0,1.0,1.0,0.9999999999993219,1.0,,,,56,39,,0,unet
0.0,0.0,0.0,147456.0,0.0,0.0,1,1.0,1.0,1.0,1.0,0.9999999999993219,1.0,,,,69,0,0.163302752293578,0,unet
0.0,0.0,0.0,147456.0,0.0,0.0,1,1.0,1.0,1.0,1.0,0.9999999999993219,1.0,,,,69,1,0.163302752293578,0,unet
0.0,0.0,0.0,147456.0,0.0,0.0,1,1.0,1.0,1.0,1.0,0.9999999999993219,1.0,,,,69,2,0.163302752293578,0,unet
0.0,0.0,0.0,147456.0,0.0,0.0,1,1.0,1.0,1.0,1.0,0.9999999999993219,1.0,,,,69,3,0.163302752293578,0,unet
0.0,0.0,0.0,147456.0,0.0,0.0,1,1.0,1.0,1.0,1.0,0.9999999999993219,1.0,,,,69,4,0.163302752293578,0,unet
0.0,0.0,0.0,147456.0,0.0,0.0,1,1.0,1.0,1.0,1.0,0.9999999999993219,1.0,,,,69,5,0.163302752293578,0,unet
0.0,0.0,0.0,147456.0,0.0,0.0,1,1.0,1.0,1.0,1.0,0.9999999999993219,1.0,,,,69,6,0.163302752293578,0,unet
0.0,0.0,0.0,147456.0,0.0,0.0,1,1.0,1.0,1.0,1.0,0.9999999999993219,1.0,,,,69,7,0.163302752293578,0,unet
0.0,0.0,0.0,147456.0,0.0,0.0,1,1.0,1.0,1.0,1.0,0.9999999999993219,1.0,,,,69,8,0.163302752293578,0,unet
0.0,0.0,0.0,147456.0,0.0,0.0,1,1.0,1.0,1.0,1.0,0.9999999999993219,1.0,,,,69,9,0.163302752293578,0,unet
0.0,0.0,0.0,147456.0,0.0,0.0,1,1.0,1.0,1.0,1.0,0.9999999999993219,1.0,,,,69,10,0.163302752293578,0,unet
0.0,0.0,0.0,147456.0,0.0,0.0,1,1.0,1.0,1.0,1.0,0.9999999999993219,1.0,,,,69,11,0.163302752293578,0,unet
0.0,0.0,0.0,147456.0,0.0,0.0,1,1.0,1.0,1.0,1.0,0.9999999999993219,1.0,,,,69,12,0.163302752293578,0,unet
0.0,0.0,0.0,147456.0,0.0,0.0,1,1.0,1.0,1.0,1.0,0.9999999999993219,1.0,,,,69,13,0.163302752293578,0,unet
0.0,0.0,0.0,147456.0,0.0,0.0,1,1.0,1.0,1.0,1.0,0.9999999999993219,1.0,,,,69,14,0.163302752293578,0,unet
0.0,0.0,0.0,147456.0,0.0,0.0,1,1.0,1.0,1.0,1.0,0.9999999999993219,1.0,,,,69,15,0.163302752293578,0,unet
87.0,6.0,44.0,147319.0,131.0,93.0,0,0.7767857139389349,0.6350364958868348,0.9354838699618454,0.6641221368976167,0.9999592737138979,0.8303571429328762,2.1781147686508167,0.6391106715903909,0.9090909090909091,69,16,0.163302752293578,0,unet
91.0,14.0,47.0,147304.0,138.0,105.0,0,0.7489711931074193,0.5986842101324447,0.86666666584127,0.6594202893772317,0.9999049674846252,0.8641975309200833,2.159935998527369,0.7602692720496007,0.9605263157894737,69,17,0.163302752293578,0,unet
0.0,0.0,0.0,147456.0,0.0,0.0,1,1.0,1.0,1.0,1.0,0.9999999999993219,1.0,,,,69,18,0.163302752293578,0,unet
0.0,36.0,0.0,147420.0,0.0,36.0,1,0.0,0.0,0.0,1.0,0.999755859374322,0.0,,,,69,19,0.163302752293578,0,unet
0.0,402.0,0.0,147054.0,0.0,402.0,1,0.0,0.0,0.0,1.0,0.997273763020157,0.0,,,,69,20,0.163302752293578,0,unet
0.0,0.0,0.0,147456.0,0.0,0.0,1,1.0,1.0,1.0,1.0,0.9999999999993219,1.0,,,,69,21,0.163302752293578,0,unet
0.0,0.0,0.0,147456.0,0.0,0.0,1,1.0,1.0,1.0,1.0,0.9999999999993219,1.0,,,,69,22,0.163302752293578,0,unet
0.0,148.0,0.0,147308.0,0.0,148.0,1,0.0,0.0,0.0,1.0,0.9989963107632114,0.0,,,,69,23,0.163302752293578,0,unet
0.0,536.0,0.0,146920.0,0.0,536.0,1,0.0,0.0,0.0,1.0,0.9963650173604354,0.0,,,,69,24,0.163302752293578,0,unet
0.0,427.0,0.0,147029.0,0.0,427.0,1,0.0,0.0,0.0,1.0,0.9971042209194627,0.0,,,,69,25,0.163302752293578,0,unet
0.0,0.0,0.0,147456.0,0.0,0.0,1,1.0,1.0,1.0,1.0,0.9999999999993219,1.0,,,,69,26,0.163302752293578,0,unet
0.0,0.0,0.0,147456.0,0.0,0.0,1,1.0,1.0,1.0,1.0,0.9999999999993219,1.0,,,,69,27,0.163302752293578,0,unet
0.0,0.0,0.0,147456.0,0.0,0.0,1,1.0,1.0,1.0,1.0,0.9999999999993219,1.0,,,,69,28,0.163302752293578,0,unet
0.0,0.0,0.0,147456.0,0.0,0.0,1,1.0,1.0,1.0,1.0,0.9999999999993219,1.0,,,,69,29,0.163302752293578,0,unet
0.0,0.0,0.0,147456.0,0.0,0.0,1,1.0,1.0,1.0,1.0,0.9999999999993219,1.0,,,,69,30,0.163302752293578,0,unet
0.0,0.0,0.0,147456.0,0.0,0.0,1,1.0,1.0,1.0,1.0,0.9999999999993219,1.0,,,,69,31,0.163302752293578,0,unet
0.0,0.0,0.0,147456.0,0.0,0.0,1,1.0,1.0,1.0,1.0,0.9999999999993219,1.0,,,,69,32,0.163302752293578,0,unet
0.0,164.0,0.0,147292.0,0.0,164.0,1,0.0,0.0,0.0,1.0,0.9988878038187671,0.0,,,,69,33,0.163302752293578,0,unet
0.0,0.0,0.0,147456.0,0.0,0.0,1,1.0,1.0,1.0,1.0,0.9999999999993219,1.0,,,,69,34,0.163302752293578,0,unet
0.0,0.0,0.0,147456.0,0.0,0.0,1,1.0,1.0,1.0,1.0,0.9999999999993219,1.0,,,,69,35,0.163302752293578,0,unet
0.0,0.0,0.0,147456.0,0.0,0.0,1,1.0,1.0,1.0,1.0,0.9999999999993219,1.0,,,,69,36,0.163302752293578,0,unet
0.0,0.0,0.0,147456.0,0.0,0.0,1,1.0,1.0,1.0,1.0,0.9999999999993219,1.0,,,,69,37,0.163302752293578,0,unet
0.0,0.0,0.0,147456.0,0.0,0.0,1,1.0,1.0,1.0,1.0,0.9999999999993219,1.0,,,,69,38,0.163302752293578,0,unet
0.0,0.0,0.0,147456.0,0.0,0.0,1,1.0,1.0,1.0,1.0,0.9999999999993219,1.0,,,,69,39,0.163302752293578,0,unet
0.0,0.0,0.0,147456.0,0.0,0.0,1,1.0,1.0,1.0,1.0,0.9999999999993219,1.0,,,,73,0,0.0,0,unet
0.0,0.0,0.0,147456.0,0.0,0.0,1,1.0,1.0,1.0,1.0,0.9999999999993219,1.0,,,,73,1,0.0,0,unet
0.0,0.0,0.0,147456.0,0.0,0.0,1,1.0,1.0,1.0,1.0,0.9999999999993219,1.0,,,,73,2,0.0,0,unet
0.0,0.0,0.0,147456.0,0.0,0.0,1,1.0,1.0,1.0,1.0,0.9999999999993219,1.0,,,,73,3,0.0,0,unet
0.0,0.0,0.0,147456.0,0.0,0.0,1,1.0,1.0,1.0,1.0,0.9999999999993219,1.0,,,,73,4,0.0,0,unet
0.0,0.0,0.0,147456.0,0.0,0.0,1,1.0,1.0,1.0,1.0,0.9999999999993219,1.0,,,,73,5,0.0,0,unet
0.0,0.0,0.0,147456.0,0.0,0.0,1,1.0,1.0,1.0,1.0,0.9999999999993219,1.0,,,,73,6,0.0,0,unet
0.0,0.0,0.0,147456.0,0.0,0.0,1,1.0,1.0,1.0,1.0,0.9999999999993219,1.0,,,,73,7,0.0,0,unet
0.0,0.0,0.0,147456.0,0.0,0.0,1,1.0,1.0,1.0,1.0,0.9999999999993219,1.0,,,,73,8,0.0,0,unet
0.0,0.0,0.0,147456.0,0.0,0.0,1,1.0,1.0,1.0,1.0,0.9999999999993219,1.0,,,,73,9,0.0,0,unet
0.0,0.0,0.0,147456.0,0.0,0.0,1,1.0,1.0,1.0,1.0,0.9999999999993219,1.0,,,,73,10,0.0,0,unet
0.0,0.0,0.0,147456.0,0.0,0.0,1,1.0,1.0,1.0,1.0,0.9999999999993219,1.0,,,,73,11,0.0,0,unet
0.0,0.0,0.0,147456.0,0.0,0.0,1,1.0,1.0,1.0,1.0,0.9999999999993219,1.0,,,,73,12,0.0,0,unet
0.0,0.0,0.0,147456.0,0.0,0.0,1,1.0,1.0,1.0,1.0,0.9999999999993219,1.0,,,,73,13,0.0,0,unet
0.0,0.0,0.0,147456.0,0.0,0.0,1,1.0,1.0,1.0,1.0,0.9999999999993219,1.0,,,,73,14,0.0,0,unet
0.0,0.0,0.0,147456.0,0.0,0.0,1,1.0,1.0,1.0,1.0,0.9999999999993219,1.0,,,,73,15,0.0,0,unet
0.0,0.0,0.0,147456.0,0.0,0.0,1,1.0,1.0,1.0,1.0,0.9999999999993219,1.0,,,,73,16,0.0,0,unet
0.0,0.0,0.0,147456.0,0.0,0.0,1,1.0,1.0,1.0,1.0,0.9999999999993219,1.0,,,,73,17,0.0,0,unet
0.0,0.0,0.0,147456.0,0.0,0.0,1,1.0,1.0,1.0,1.0,0.9999999999993219,1.0,,,,73,18,0.0,0,unet
0.0,0.0,0.0,147456.0,0.0,0.0,1,1.0,1.0,1.0,1.0,0.9999999999993219,1.0,,,,73,19,0.0,0,unet
0.0,0.0,0.0,147456.0,0.0,0.0,1,1.0,1.0,1.0,1.0,0.9999999999993219,1.0,,,,73,20,0.0,0,unet
0.0,0.0,0.0,147456.0,0.0,0.0,1,1.0,1.0,1.0,1.0,0.9999999999993219,1.0,,,,73,21,0.0,0,unet
0.0,0.0,0.0,147456.0,0.0,0.0,1,1.0,1.0,1.0,1.0,0.9999999999993219,1.0,,,,73,22,0.0,0,unet
0.0,0.0,0.0,147456.0,0.0,0.0,1,1.0,1.0,1.0,1.0,0.9999999999993219,1.0,,,,73,23,0.0,0,unet
0.0,0.0,0.0,147456.0,0.0,0.0,1,1.0,1.0,1.0,1.0,0.9999999999993219,1.0,,,,73,24,0.0,0,unet
0.0,0.0,427.0,147029.0,427.0,0.0,0,0.0,0.0,0.0,0.0,0.9999999999993199,2.3419211014896746e-10,,,,73,25,0.0,0,unet
0.0,0.0,462.0,146994.0,462.0,0.0,0,0.0,0.0,0.0,0.0,0.9999999999993197,2.164503021262476e-10,,,,73,26,0.0,0,unet
0.0,0.0,729.0,146727.0,729.0,0.0,0,0.0,0.0,0.0,0.0,0.9999999999993184,1.3717416091907353e-10,,,,73,27,0.0,0,unet
0.0,0.0,604.0,146852.0,604.0,0.0,0,0.0,0.0,0.0,0.0,0.999999999999319,1.6556289672564617e-10,,,,73,28,0.0,0,unet
0.0,0.0,408.0,147048.0,408.0,0.0,0,0.0,0.0,0.0,0.0,0.99999999999932,2.450980529644653e-10,,,,73,29,0.0,0,unet
0.0,0.0,253.0,147203.0,253.0,0.0,0,0.0,0.0,0.0,0.0,0.9999999999993207,3.952569382903448e-10,,,,73,30,0.0,0,unet
0.0,0.0,0.0,147456.0,0.0,0.0,1,1.0,1.0,1.0,1.0,0.9999999999993219,1.0,,,,73,31,0.0,0,unet
0.0,0.0,0.0,147456.0,0.0,0.0,1,1.0,1.0,1.0,1.0,0.9999999999993219,1.0,,,,73,32,0.0,0,unet
0.0,0.0,0.0,147456.0,0.0,0.0,1,1.0,1.0,1.0,1.0,0.9999999999993219,1.0,,,,73,33,0.0,0,unet
0.0,0.0,0.0,147456.0,0.0,0.0,1,1.0,1.0,1.0,1.0,0.9999999999993219,1.0,,,,73,34,0.0,0,unet
0.0,0.0,0.0,147456.0,0.0,0.0,1,1.0,1.0,1.0,1.0,0.9999999999993219,1.0,,,,73,35,0.0,0,unet
0.0,0.0,0.0,147456.0,0.0,0.0,1,1.0,1.0,1.0,1.0,0.9999999999993219,1.0,,,,73,36,0.0,0,unet
0.0,0.0,0.0,147456.0,0.0,0.0,1,1.0,1.0,1.0,1.0,0.9999999999993219,1.0,,,,74,0,0.2965807277381605,0,unet
0.0,0.0,0.0,147456.0,0.0,0.0,1,1.0,1.0,1.0,1.0,0.9999999999993219,1.0,,,,74,1,0.2965807277381605,0,unet
0.0,0.0,0.0,147456.0,0.0,0.0,1,1.0,1.0,1.0,1.0,0.9999999999993219,1.0,,,,74,2,0.2965807277381605,0,unet
0.0,0.0,0.0,147456.0,0.0,0.0,1,1.0,1.0,1.0,1.0,0.9999999999993219,1.0,,,,74,3,0.2965807277381605,0,unet
0.0,0.0,0.0,147456.0,0.0,0.0,1,1.0,1.0,1.0,1.0,0.9999999999993219,1.0,,,,74,4,0.2965807277381605,0,unet
0.0,0.0,0.0,147456.0,0.0,0.0,1,1.0,1.0,1.0,1.0,0.9999999999993219,1.0,,,,74,5,0.2965807277381605,0,unet
0.0,0.0,0.0,147456.0,0.0,0.0,1,1.0,1.0,1.0,1.0,0.9999999999993219,1.0,,,,74,6,0.2965807277381605,0,unet
0.0,0.0,0.0,147456.0,0.0,0.0,1,1.0,1.0,1.0,1.0,0.9999999999993219,1.0,,,,74,7,0.2965807277381605,0,unet
0.0,0.0,0.0,147456.0,0.0,0.0,1,1.0,1.0,1.0,1.0,0.9999999999993219,1.0,,,,74,8,0.2965807277381605,0,unet
0.0,0.0,0.0,147456.0,0.0,0.0,1,1.0,1.0,1.0,1.0,0.9999999999993219,1.0,,,,74,9,0.2965807277381605,0,unet
0.0,0.0,0.0,147456.0,0.0,0.0,1,1.0,1.0,1.0,1.0,0.9999999999993219,1.0,,,,74,10,0.2965807277381605,0,unet
0.0,0.0,146.0,147310.0,146.0,0.0,0,0.0,0.0,0.0,0.0,0.9999999999993212,6.849314448942323e-10,,,,74,11,0.2965807277381605,0,unet
0.0,0.0,123.0,147333.0,123.0,0.0,0,0.0,0.0,0.0,0.0,0.9999999999993212,8.130081052826199e-10,,,,74,12,0.2965807277381605,0,unet
199.0,43.0,740.0,146474.0,939.0,242.0,0,0.337002540191617,0.2026476578205043,0.8223140492469777,0.2119275825120418,0.9997065186968067,0.40982218463930387,36.66445142454662,10.251588153447857,0.528957528957529,74,13,0.2965807277381605,0,unet
201.0,220.0,542.0,146493.0,743.0,421.0,0,0.3453608247125978,0.20872274141134758,0.47743467922151195,0.2705248990214637,0.9985004737133052,0.7233676976182675,17.9279983802943,6.234411347700503,0.4721189591078067,74,14,0.2965807277381605,0,unet
36.0,9.0,588.0,146823.0,624.0,45.0,0,0.10762331836956304,0.05687203790570742,0.7999999982222222,0.05769230768306213,0.9999387054586194,0.13452914811143057,33.19896817049919,12.860104416450536,0.20710059171597633,74,15,0.2965807277381605,0,unet
0.0,106.0,0.0,147350.0,0.0,106.0,1,0.0,0.0,0.0,1.0,0.9992811414923779,0.0,,,,74,16,0.2965807277381605,0,unet
0.0,0.0,126.0,147330.0,126.0,0.0,0,0.0,0.0,0.0,0.0,0.9999999999993212,7.936507007144655e-10,,,,74,17,0.2965807277381605,0,unet
0.0,0.0,268.0,147188.0,268.0,0.0,0,0.0,0.0,0.0,0.0,0.9999999999993205,3.73134412257059e-10,,,,74,18,0.2965807277381605,0,unet
109.0,14.0,209.0,147124.0,318.0,123.0,0,0.494331065647544,0.32831325291315866,0.8861788610681474,0.3427672954896958,0.9999048512274192,0.5578231293519675,18.229370278134503,4.258667097148928,0.6031746031746031,74,19,0.2965807277381605,0,unet
70.0,19.0,143.0,147224.0,213.0,89.0,0,0.4635761587868953,0.301724137800981,0.7865168530488575,0.32863849749829177,0.9998709616070035,0.5894039736458927,6.888420770281584,2.027369700827715,0.7291666666666666,74,20,0.2965807277381605,0,unet
65.0,0.0,175.0,147216.0,240.0,65.0,0,0.4262295080569739,0.27083333322048614,0.9999999984615385,0.27083333322048614,0.9999999999993208,0.42622950838484286,6.799812246246156,2.3758352508440117,0.6428571428571429,74,21,0.2965807277381605,0,unet
40.0,10.0,112.0,147294.0,152.0,50.0,0,0.39603960376433683,0.2469135800944978,0.7999999984,0.2631578945637119,0.999932113180226,0.49504950520047053,9.74991982719962,3.0138662978469797,0.5737704918032787,74,22,0.2965807277381605,0,unet
91.0,16.0,73.0,147276.0,164.0,107.0,0,0.6715867156193407,0.5055555552746914,0.850467288924797,0.5548780484421475,0.9998913722394971,0.7896678967565801,6.155621980077333,1.5637375848975934,0.7413793103448276,74,23,0.2965807277381605,0,unet
0.0,0.0,165.0,147291.0,165.0,0.0,0,0.0,0.0,0.0,0.0,0.9999999999993211,6.060605350910464e-10,,,,74,24,0.2965807277381605,0,unet
0.0,0.0,0.0,147456.0,0.0,0.0,1,1.0,1.0,1.0,1.0,0.9999999999993219,1.0,,,,74,25,0.2965807277381605,0,unet
0.0,0.0,0.0,147456.0,0.0,0.0,1,1.0,1.0,1.0,1.0,0.9999999999993219,1.0,,,,74,26,0.2965807277381605,0,unet
0.0,0.0,0.0,147456.0,0.0,0.0,1,1.0,1.0,1.0,1.0,0.9999999999993219,1.0,,,,74,27,0.2965807277381605,0,unet
0.0,0.0,0.0,147456.0,0.0,0.0,1,1.0,1.0,1.0,1.0,0.9999999999993219,1.0,,,,74,28,0.2965807277381605,0,unet
0.0,0.0,0.0,147456.0,0.0,0.0,1,1.0,1.0,1.0,1.0,0.9999999999993219,1.0,,,,74,29,0.2965807277381605,0,unet
0.0,0.0,0.0,147456.0,0.0,0.0,1,1.0,1.0,1.0,1.0,0.9999999999993219,1.0,,,,74,30,0.2965807277381605,0,unet
0.0,0.0,0.0,147456.0,0.0,0.0,1,1.0,1.0,1.0,1.0,0.9999999999993219,1.0,,,,74,31,0.2965807277381605,0,unet
0.0,0.0,0.0,147456.0,0.0,0.0,1,1.0,1.0,1.0,1.0,0.9999999999993219,1.0,,,,74,32,0.2965807277381605,0,unet
0.0,0.0,0.0,147456.0,0.0,0.0,1,1.0,1.0,1.0,1.0,0.9999999999993219,1.0,,,,74,33,0.2965807277381605,0,unet
0.0,0.0,0.0,147456.0,0.0,0.0,1,1.0,1.0,1.0,1.0,0.9999999999993219,1.0,,,,74,34,0.2965807277381605,0,unet
0.0,0.0,0.0,147456.0,0.0,0.0,1,1.0,1.0,1.0,1.0,0.9999999999993219,1.0,,,,74,35,0.2965807277381605,0,unet
0.0,0.0,0.0,147456.0,0.0,0.0,1,1.0,1.0,1.0,1.0,0.9999999999993219,1.0,,,,74,36,0.2965807277381605,0,unet
0.0,0.0,0.0,147456.0,0.0,0.0,1,1.0,1.0,1.0,1.0,0.9999999999993219,1.0,,,,74,37,0.2965807277381605,0,unet
0.0,0.0,0.0,147456.0,0.0,0.0,1,1.0,1.0,1.0,1.0,0.9999999999993219,1.0,,,,74,38,0.2965807277381605,0,unet
0.0,0.0,0.0,147456.0,0.0,0.0,1,1.0,1.0,1.0,1.0,0.9999999999993219,1.0,,,,75,0,0.8739794534992318,0,unet
0.0,0.0,0.0,147456.0,0.0,0.0,1,1.0,1.0,1.0,1.0,0.9999999999993219,1.0,,,,75,1,0.8739794534992318,0,unet
0.0,0.0,0.0,147456.0,0.0,0.0,1,1.0,1.0,1.0,1.0,0.9999999999993219,1.0,,,,75,2,0.8739794534992318,0,unet
0.0,0.0,0.0,147456.0,0.0,0.0,1,1.0,1.0,1.0,1.0,0.9999999999993219,1.0,,,,75,3,0.8739794534992318,0,unet
0.0,0.0,0.0,147456.0,0.0,0.0,1,1.0,1.0,1.0,1.0,0.9999999999993219,1.0,,,,75,4,0.8739794534992318,0,unet
0.0,0.0,0.0,147456.0,0.0,0.0,1,1.0,1.0,1.0,1.0,0.9999999999993219,1.0,,,,75,5,0.8739794534992318,0,unet
0.0,0.0,0.0,147456.0,0.0,0.0,1,1.0,1.0,1.0,1.0,0.9999999999993219,1.0,,,,75,6,0.8739794534992318,0,unet
0.0,0.0,0.0,147456.0,0.0,0.0,1,1.0,1.0,1.0,1.0,0.9999999999993219,1.0,,,,75,7,0.8739794534992318,0,unet
0.0,0.0,0.0,147456.0,0.0,0.0,1,1.0,1.0,1.0,1.0,0.9999999999993219,1.0,,,,75,8,0.8739794534992318,0,unet
0.0,0.0,0.0,147456.0,0.0,0.0,1,1.0,1.0,1.0,1.0,0.9999999999993219,1.0,,,,75,9,0.8739794534992318,0,unet
0.0,58.0,0.0,147398.0,0.0,58.0,1,0.0,0.0,0.0,1.0,0.9996066623257109,0.0,,,,75,10,0.8739794534992318,0,unet
0.0,0.0,0.0,147456.0,0.0,0.0,1,1.0,1.0,1.0,1.0,0.9999999999993219,1.0,,,,75,11,0.8739794534992318,0,unet
0.0,0.0,0.0,147456.0,0.0,0.0,1,1.0,1.0,1.0,1.0,0.9999999999993219,1.0,,,,75,12,0.8739794534992318,0,unet
0.0,0.0,0.0,147456.0,0.0,0.0,1,1.0,1.0,1.0,1.0,0.9999999999993219,1.0,,,,75,13,0.8739794534992318,0,unet
0.0,0.0,0.0,147456.0,0.0,0.0,1,1.0,1.0,1.0,1.0,0.9999999999993219,1.0,,,,75,14,0.8739794534992318,0,unet
0.0,164.0,271.0,147021.0,271.0,164.0,0,0.0,0.0,0.0,0.0,0.998885756020655,0.7540229885622936,85.18355629769123,80.65247688109227,0.0,75,15,0.8739794534992318,0,unet
0.0,0.0,568.0,146888.0,568.0,0.0,0,0.0,0.0,0.0,0.0,0.9999999999993192,1.760562806651933e-10,,,,75,16,0.8739794534992318,0,unet
992.0,6.0,502.0,145956.0,1494.0,998.0,0,0.7961476725202188,0.6613333332892444,0.9939879758523058,0.6639892904508709,0.9999588934099286,0.8009630818699454,3.9665483413256353,1.6230509288187605,0.6327868852459017,75,17,0.8739794534992318,0,unet
1960.0,28.0,379.0,145089.0,2339.0,1988.0,0,0.9059394499443971,0.8280523869527651,0.9859154929081531,0.8379649422472012,0.9998070522399168,0.9188814421095706,3.791723756024149,1.0319154147419873,0.8940217391304348,75,18,0.8739794534992318,0,unet
2595.0,157.0,494.0,144210.0,3089.0,2752.0,0,0.8885464817516086,0.7994454713247244,0.9429505813610847,0.840077695019745,0.9989124938517813,0.9423043999325064,6.737984996969013,1.4605028547295869,0.8276643990929705,75,19,0.8739794534992318,0,unet
3758.0,190.0,424.0,143084.0,4182.0,3948.0,0,0.9244772447610765,0.859560841700376,0.9518743667438735,0.898613103756609,0.998673869647669,0.9712177121774758,5.021240999264018,1.1469939169660521,0.8372943327239488,75,20,0.8739794534992318,0,unet
4453.0,214.0,277.0,142512.0,4730.0,4667.0,0,0.9477492816755586,0.9006877022471544,0.9541461323986684,0.941437632115403,0.9985006235717399,0.9932957326807141,2.604166567325592,0.8295900459860428,0.9319371727748691,75,21,0.8739794534992318,0,unet
4708.0,298.0,580.0,141870.0,5288.0,5006.0,0,0.9147075966493616,0.8428213390468525,0.9404714342600785,0.8903177004370213,0.9979038883567344,0.9726054012048513,92.58571812072503,6.746391012003918,0.8026315789473685,75,22,0.8739794534992318,0,unet
4750.0,116.0,845.0,141745.0,5595.0,4866.0,0,0.9081349775269273,0.831728243725587,0.9761611179413038,0.8489722966783025,0.999182298164401,0.9303125896192495,9.882117311053312,1.8958442246926084,0.7446808510638298,75,23,0.8739794534992318,0,unet
4575.0,40.0,845.0,141996.0,5420.0,4615.0,0,0.9118086696471169,0.8379120878967415,0.9913326110294403,0.8440959409438359,0.9997183812547525,0.919780767315199,3.294039103684437,1.2996589682658082,0.7484276729559748,75,24,0.8739794534992318,0,unet
4049.0,104.0,615.0,142688.0,4664.0,4153.0,0,0.9184529885344396,0.8492030201164178,0.9749578617631843,0.8681389365165494,0.9992716678798537,0.9420437790638307,2.604166567325592,1.0207452797199297,0.7692307692307693,75,25,0.8739794534992318,0,unet
3685.0,38.0,1673.0,142060.0,5358.0,3723.0,0,0.8115846272347584,0.6829132690755576,0.9897931775184048,0.6877566255937335,0.9997325789237007,0.8199537495890326,10.311973498933233,2.5226881269317163,0.538961038961039,75,26,0.8739794534992318,0,unet
3477.0,45.0,1064.0,142870.0,4541.0,3522.0,0,0.8624581421200241,0.7581770606027437,0.9872231686261436,0.765690376552176,0.9996851275226536,0.8736202406068012,6.256487728021,1.825066283127432,0.630114566284779,75,27,0.8739794534992318,0,unet
2736.0,39.0,925.0,143756.0,3661.0,2775.0,0,0.8502175264007114,0.7394594594394741,0.9859459459104164,0.7473367932054812,0.9997287805549568,0.8623368551916977,6.265138349940439,1.7878691329184964,0.6377358490566037,75,28,0.8739794534992318,0,unet
1777.0,74.0,646.0,144959.0,2423.0,1851.0,0,0.8315395413937403,0.7116539847532378,0.9600216098887075,0.7333883615050191,0.9994897712927406,0.8661675245702816,7.882122794815791,1.697055914568566,0.7214611872146118,75,29,0.8739794534992318,0,unet
0.0,0.0,870.0,146586.0,870.0,0.0,0,0.0,0.0,0.0,0.0,0.9999999999993178,1.1494249996246708e-10,,,,75,30,0.8739794534992318,0,unet
0.0,0.0,0.0,147456.0,0.0,0.0,1,1.0,1.0,1.0,1.0,0.9999999999993219,1.0,,,,75,31,0.8739794534992318,0,unet
0.0,0.0,0.0,147456.0,0.0,0.0,1,1.0,1.0,1.0,1.0,0.9999999999993219,1.0,,,,75,32,0.8739794534992318,0,unet
0.0,0.0,0.0,147456.0,0.0,0.0,1,1.0,1.0,1.0,1.0,0.9999999999993219,1.0,,,,75,33,0.8739794534992318,0,unet
0.0,0.0,0.0,147456.0,0.0,0.0,1,1.0,1.0,1.0,1.0,0.9999999999993219,1.0,,,,75,34,0.8739794534992318,0,unet
0.0,0.0,0.0,147456.0,0.0,0.0,1,1.0,1.0,1.0,1.0,0.9999999999993219,1.0,,,,75,35,0.8739794534992318,0,unet
0.0,0.0,0.0,147456.0,0.0,0.0,1,1.0,1.0,1.0,1.0,0.9999999999993219,1.0,,,,76,0,0.07442777806612343,0,unet
0.0,0.0,0.0,147456.0,0.0,0.0,1,1.0,1.0,1.0,1.0,0.9999999999993219,1.0,,,,76,1,0.07442777806612343,0,unet
0.0,0.0,0.0,147456.0,0.0,0.0,1,1.0,1.0,1.0,1.0,0.9999999999993219,1.0,,,,76,2,0.07442777806612343,0,unet
0.0,0.0,0.0,147456.0,0.0,0.0,1,1.0,1.0,1.0,1.0,0.9999999999993219,1.0,,,,76,3,0.07442777806612343,0,unet
0.0,0.0,0.0,147456.0,0.0,0.0,1,1.0,1.0,1.0,1.0,0.9999999999993219,1.0,,,,76,4,0.07442777806612343,0,unet
0.0,0.0,0.0,147456.0,0.0,0.0,1,1.0,1.0,1.0,1.0,0.9999999999993219,1.0,,,,76,5,0.07442777806612343,0,unet
0.0,0.0,0.0,147456.0,0.0,0.0,1,1.0,1.0,1.0,1.0,0.9999999999993219,1.0,,,,76,6,0.07442777806612343,0,unet
0.0,0.0,0.0,147456.0,0.0,0.0,1,1.0,1.0,1.0,1.0,0.9999999999993219,1.0,,,,76,7,0.07442777806612343,0,unet
0.0,0.0,0.0,147456.0,0.0,0.0,1,1.0,1.0,1.0,1.0,0.9999999999993219,1.0,,,,76,8,0.07442777806612343,0,unet
0.0,0.0,0.0,147456.0,0.0,0.0,1,1.0,1.0,1.0,1.0,0.9999999999993219,1.0,,,,76,9,0.07442777806612343,0,unet
0.0,0.0,0.0,147456.0,0.0,0.0,1,1.0,1.0,1.0,1.0,0.9999999999993219,1.0,,,,76,10,0.07442777806612343,0,unet
0.0,0.0,0.0,147456.0,0.0,0.0,1,1.0,1.0,1.0,1.0,0.9999999999993219,1.0,,,,76,11,0.07442777806612343,0,unet
0.0,0.0,0.0,147456.0,0.0,0.0,1,1.0,1.0,1.0,1.0,0.9999999999993219,1.0,,,,76,12,0.07442777806612343,0,unet
0.0,0.0,0.0,147456.0,0.0,0.0,1,1.0,1.0,1.0,1.0,0.9999999999993219,1.0,,,,76,13,0.07442777806612343,0,unet
0.0,0.0,0.0,147456.0,0.0,0.0,1,1.0,1.0,1.0,1.0,0.9999999999993219,1.0,,,,76,14,0.07442777806612343,0,unet
0.0,0.0,0.0,147456.0,0.0,0.0,1,1.0,1.0,1.0,1.0,0.9999999999993219,1.0,,,,76,15,0.07442777806612343,0,unet
0.0,0.0,0.0,147456.0,0.0,0.0,1,1.0,1.0,1.0,1.0,0.9999999999993219,1.0,,,,76,16,0.07442777806612343,0,unet
0.0,0.0,0.0,147456.0,0.0,0.0,1,1.0,1.0,1.0,1.0,0.9999999999993219,1.0,,,,76,17,0.07442777806612343,0,unet
0.0,0.0,0.0,147456.0,0.0,0.0,1,1.0,1.0,1.0,1.0,0.9999999999993219,1.0,,,,76,18,0.07442777806612343,0,unet
0.0,0.0,0.0,147456.0,0.0,0.0,1,1.0,1.0,1.0,1.0,0.9999999999993219,1.0,,,,76,19,0.07442777806612343,0,unet
0.0,0.0,0.0,147456.0,0.0,0.0,1,1.0,1.0,1.0,1.0,0.9999999999993219,1.0,,,,76,20,0.07442777806612343,0,unet
0.0,0.0,0.0,147456.0,0.0,0.0,1,1.0,1.0,1.0,1.0,0.9999999999993219,1.0,,,,76,21,0.07442777806612343,0,unet
0.0,0.0,0.0,147456.0,0.0,0.0,1,1.0,1.0,1.0,1.0,0.9999999999993219,1.0,,,,76,22,0.07442777806612343,0,unet
0.0,0.0,0.0,147456.0,0.0,0.0,1,1.0,1.0,1.0,1.0,0.9999999999993219,1.0,,,,76,23,0.07442777806612343,0,unet
0.0,0.0,0.0,147456.0,0.0,0.0,1,1.0,1.0,1.0,1.0,0.9999999999993219,1.0,,,,76,24,0.07442777806612343,0,unet
0.0,0.0,0.0,147456.0,0.0,0.0,1,1.0,1.0,1.0,1.0,0.9999999999993219,1.0,,,,76,25,0.07442777806612343,0,unet
0.0,0.0,0.0,147456.0,0.0,0.0,1,1.0,1.0,1.0,1.0,0.9999999999993219,1.0,,,,76,26,0.07442777806612343,0,unet
0.0,0.0,264.0,147192.0,264.0,0.0,0,0.0,0.0,0.0,0.0,0.9999999999993207,3.787880009653577e-10,,,,76,27,0.07442777806612343,0,unet
0.0,1247.0,0.0,146209.0,0.0,1247.0,1,0.0,0.0,0.0,1.0,0.9915432400166887,0.0,,,,76,28,0.07442777806612343,0,unet
0.0,850.0,169.0,146437.0,169.0,850.0,0,0.0,0.0,0.0,0.0,0.9942289543537487,0.3316977429507657,120.00209399745532,113.65727781274471,0.0,76,29,0.07442777806612343,0,unet
92.0,821.0,168.0,146375.0,260.0,913.0,0,0.1568627450846664,0.08510638297085046,0.10076670316530485,0.3538461537100591,0.9944224027820088,0.44330775793322186,58.074463190366,20.095055974585602,0.1791530944625407,76,30,0.07442777806612343,0,unet
174.0,541.0,47.0,146694.0,221.0,715.0,0,0.37179487175515014,0.22834645666294667,0.24335664332260748,0.7873303163858234,0.9963256019282125,0.47222222227860877,25.358533066932594,7.581976604492567,0.38235294117647056,76,31,0.07442777806612343,0,unet
156.0,564.0,208.0,146528.0,364.0,720.0,0,0.28782287820223035,0.16810344825774748,0.21666666663657408,0.4285714284536891,0.9961656650252929,0.6715867158974551,25.545911227176237,6.659228135671747,0.3615819209039548,76,32,0.07442777806612343,0,unet
15.0,900.0,872.0,145669.0,887.0,915.0,0,0.016648168700518967,0.008393956350957249,0.016393442621159188,0.016910935736537663,0.9938595473797366,0.9844617092128489,126.1974643217689,50.22283167341908,0.074,76,33,0.07442777806612343,0,unet
138.0,1223.0,1160.0,144935.0,1298.0,1361.0,0,0.10379842045491544,0.054740182465103523,0.1013960323217196,0.10631741139396629,0.9916323430800972,0.976306882287465,126.46469836982357,42.273425925548786,0.2023047375160051,76,34,0.07442777806612343,0,unet
22.0,941.0,937.0,145556.0,959.0,963.0,0,0.02289281997799725,0.011578947367811634,0.022845275179351476,0.022940563084156356,0.9935766602722284,0.9979188345474548,91.98393947462415,27.984068281376004,0.06884057971014493,76,35,0.07442777806612343,0,unet
120.0,712.0,813.0,145811.0,933.0,832.0,0,0.13597733710277748,0.07294832826304265,0.1442307692134338,0.1286173633302661,0.9951406946342928,0.9427762039692478,104.94262664340195,27.470606135882957,0.2011173184357542,76,36,0.07442777806612343,0,unet
0.0,473.0,1072.0,145911.0,1072.0,473.0,0,0.0,0.0,0.0,0.0,0.9967687725427664,0.6122977346529257,112.16870873445134,44.37161167174592,0.0,76,37,0.07442777806612343,0,unet
0.0,0.0,1101.0,146355.0,1101.0,0.0,0,0.0,0.0,0.0,0.0,0.9999999999993168,9.082656848846682e-11,,,,76,38,0.07442777806612343,0,unet
0.0,0.0,487.0,146969.0,487.0,0.0,0,0.0,0.0,0.0,0.0,0.9999999999993195,2.0533885702889165e-10,,,,76,39,0.07442777806612343,0,unet
0.0,0.0,761.0,146695.0,761.0,0.0,0,0.0,0.0,0.0,0.0,0.9999999999993183,1.3140599719463353e-10,,,,76,40,0.07442777806612343,0,unet
0.0,0.0,583.0,146873.0,583.0,0.0,0,0.0,0.0,0.0,0.0,0.9999999999993191,1.7152657072472266e-10,,,,76,41,0.07442777806612343,0,unet
0.0,0.0,0.0,147456.0,0.0,0.0,1,1.0,1.0,1.0,1.0,0.9999999999993219,1.0,,,,76,42,0.07442777806612343,0,unet
0.0,0.0,0.0,147456.0,0.0,0.0,1,1.0,1.0,1.0,1.0,0.9999999999993219,1.0,,,,76,43,0.07442777806612343,0,unet
0.0,193.0,0.0,147263.0,0.0,193.0,1,0.0,0.0,0.0,1.0,0.9986911349819616,0.0,,,,76,44,0.07442777806612343,0,unet
0.0,726.0,0.0,146730.0,0.0,726.0,1,0.0,0.0,0.0,1.0,0.9950764973951585,0.0,,,,76,45,0.07442777806612343,0,unet
0.0,0.0,0.0,147456.0,0.0,0.0,1,1.0,1.0,1.0,1.0,0.9999999999993219,1.0,,,,76,46,0.07442777806612343,0,unet
0.0,0.0,0.0,147456.0,0.0,0.0,1,1.0,1.0,1.0,1.0,0.9999999999993219,1.0,,,,76,47,0.07442777806612343,0,unet
0.0,0.0,0.0,147456.0,0.0,0.0,1,1.0,1.0,1.0,1.0,0.9999999999993219,1.0,,,,76,48,0.07442777806612343,0,unet
0.0,0.0,0.0,147456.0,0.0,0.0,1,1.0,1.0,1.0,1.0,0.9999999999993219,1.0,,,,76,49,0.07442777806612343,0,unet
0.0,0.0,0.0,147456.0,0.0,0.0,1,1.0,1.0,1.0,1.0,0.9999999999993219,1.0,,,,76,50,0.07442777806612343,0,unet
0.0,0.0,0.0,147456.0,0.0,0.0,1,1.0,1.0,1.0,1.0,0.9999999999993219,1.0,,,,80,0,0.12079439252336449,0,unet
0.0,0.0,0.0,147456.0,0.0,0.0,1,1.0,1.0,1.0,1.0,0.9999999999993219,1.0,,,,80,1,0.12079439252336449,0,unet
0.0,0.0,0.0,147456.0,0.0,0.0,1,1.0,1.0,1.0,1.0,0.9999999999993219,1.0,,,,80,2,0.12079439252336449,0,unet
0.0,0.0,0.0,147456.0,0.0,0.0,1,1.0,1.0,1.0,1.0,0.9999999999993219,1.0,,,,80,3,0.12079439252336449,0,unet
0.0,0.0,0.0,147456.0,0.0,0.0,1,1.0,1.0,1.0,1.0,0.9999999999993219,1.0,,,,80,4,0.12079439252336449,0,unet
0.0,0.0,0.0,147456.0,0.0,0.0,1,1.0,1.0,1.0,1.0,0.9999999999993219,1.0,,,,80,5,0.12079439252336449,0,unet
0.0,0.0,0.0,147456.0,0.0,0.0,1,1.0,1.0,1.0,1.0,0.9999999999993219,1.0,,,,80,6,0.12079439252336449,0,unet
0.0,0.0,76.0,147380.0,76.0,0.0,0,0.0,0.0,0.0,0.0,0.9999999999993214,1.3157893663517939e-09,,,,80,7,0.12079439252336449,0,unet
0.0,0.0,579.0,146877.0,579.0,0.0,0,0.0,0.0,0.0,0.0,0.9999999999993191,1.727115117589051e-10,,,,80,8,0.12079439252336449,0,unet
0.0,0.0,628.0,146828.0,628.0,0.0,0,0.0,0.0,0.0,0.0,0.9999999999993189,1.5923562468600494e-10,,,,80,9,0.12079439252336449,0,unet
0.0,0.0,0.0,147456.0,0.0,0.0,1,1.0,1.0,1.0,1.0,0.9999999999993219,1.0,,,,80,10,0.12079439252336449,0,unet
0.0,0.0,0.0,147456.0,0.0,0.0,1,1.0,1.0,1.0,1.0,0.9999999999993219,1.0,,,,80,11,0.12079439252336449,0,unet
0.0,0.0,344.0,147112.0,344.0,0.0,0,0.0,0.0,0.0,0.0,0.9999999999993202,2.9069768814338204e-10,,,,80,12,0.12079439252336449,0,unet
137.0,28.0,2184.0,145107.0,2321.0,165.0,0,0.11021721640747317,0.05832269050411568,0.8303030297998164,0.059026281772553806,0.999807076169773,0.13274336286674393,88.96502150259369,43.82389923967069,0.1091703056768559,80,13,0.12079439252336449,0,unet
251.0,5.0,1524.0,145676.0,1775.0,256.0,0,0.2471688823118085,0.1410112359471342,0.9804687496170043,0.14140845069625868,0.9999656784337011,0.2520925652756233,80.4700478874568,34.754884882961576,0.18829516539440203,80,14,0.12079439252336449,0,unet
129.0,22.0,456.0,146849.0,585.0,151.0,0,0.3505434782132414,0.21252059304571325,0.8543046351958248,0.22051282047512602,0.9998502086858536,0.4103260870366404,52.05432880671451,17.085179806214324,0.32926829268292684,80,15,0.12079439252336449,0,unet
0.0,0.0,601.0,146855.0,601.0,0.0,0,0.0,0.0,0.0,0.0,0.9999999999993191,1.6638934674517714e-10,,,,80,16,0.12079439252336449,0,unet
0.0,123.0,371.0,146962.0,371.0,123.0,0,0.0,0.0,0.0,0.0,0.9991637488520249,0.4979757086036487,94.05732407177969,58.90975722028394,0.0,80,17,0.12079439252336449,0,unet
0.0,81.0,263.0,147112.0,263.0,81.0,0,0.0,0.0,0.0,0.0,0.9994497020911324,0.4709302327119389,62.17687944510707,55.7584253704047,0.0,80,18,0.12079439252336449,0,unet
0.0,52.0,74.0,147330.0,74.0,52.0,0,0.0,0.0,0.0,0.0,0.9996471753667343,0.8253968255353994,63.58782075170747,59.65328331435674,0.0,80,19,0.12079439252336449,0,unet
0.0,115.0,0.0,147341.0,0.0,115.0,1,0.0,0.0,0.0,1.0,0.9992201063361279,0.0,,,,80,20,0.12079439252336449,0,unet
0.0,0.0,0.0,147456.0,0.0,0.0,1,1.0,1.0,1.0,1.0,0.9999999999993219,1.0,,,,80,21,0.12079439252336449,0,unet
0.0,0.0,0.0,147456.0,0.0,0.0,1,1.0,1.0,1.0,1.0,0.9999999999993219,1.0,,,,80,22,0.12079439252336449,0,unet
0.0,0.0,0.0,147456.0,0.0,0.0,1,1.0,1.0,1.0,1.0,0.9999999999993219,1.0,,,,80,23,0.12079439252336449,0,unet
0.0,0.0,0.0,147456.0,0.0,0.0,1,1.0,1.0,1.0,1.0,0.9999999999993219,1.0,,,,80,24,0.12079439252336449,0,unet
0.0,0.0,0.0,147456.0,0.0,0.0,1,1.0,1.0,1.0,1.0,0.9999999999993219,1.0,,,,80,25,0.12079439252336449,0,unet
0.0,0.0,0.0,147456.0,0.0,0.0,1,1.0,1.0,1.0,1.0,0.9999999999993219,1.0,,,,80,26,0.12079439252336449,0,unet
0.0,0.0,0.0,147456.0,0.0,0.0,1,1.0,1.0,1.0,1.0,0.9999999999993219,1.0,,,,80,27,0.12079439252336449,0,unet
0.0,0.0,0.0,147456.0,0.0,0.0,1,1.0,1.0,1.0,1.0,0.9999999999993219,1.0,,,,80,28,0.12079439252336449,0,unet
0.0,0.0,0.0,147456.0,0.0,0.0,1,1.0,1.0,1.0,1.0,0.9999999999993219,1.0,,,,80,29,0.12079439252336449,0,unet
0.0,0.0,0.0,147456.0,0.0,0.0,1,1.0,1.0,1.0,1.0,0.9999999999993219,1.0,,,,80,30,0.12079439252336449,0,unet
0.0,0.0,0.0,147456.0,0.0,0.0,1,1.0,1.0,1.0,1.0,0.9999999999993219,1.0,,,,80,31,0.12079439252336449,0,unet
0.0,0.0,0.0,147456.0,0.0,0.0,1,1.0,1.0,1.0,1.0,0.9999999999993219,1.0,,,,80,32,0.12079439252336449,0,unet
0.0,0.0,0.0,147456.0,0.0,0.0,1,1.0,1.0,1.0,1.0,0.9999999999993219,1.0,,,,98,0,,0,unet
0.0,0.0,0.0,147456.0,0.0,0.0,1,1.0,1.0,1.0,1.0,0.9999999999993219,1.0,,,,98,1,,0,unet
0.0,0.0,0.0,147456.0,0.0,0.0,1,1.0,1.0,1.0,1.0,0.9999999999993219,1.0,,,,98,2,,0,unet
0.0,0.0,0.0,147456.0,0.0,0.0,1,1.0,1.0,1.0,1.0,0.9999999999993219,1.0,,,,98,3,,0,unet
0.0,0.0,0.0,147456.0,0.0,0.0,1,1.0,1.0,1.0,1.0,0.9999999999993219,1.0,,,,98,4,,0,unet
0.0,0.0,0.0,147456.0,0.0,0.0,1,1.0,1.0,1.0,1.0,0.9999999999993219,1.0,,,,98,5,,0,unet
0.0,0.0,0.0,147456.0,0.0,0.0,1,1.0,1.0,1.0,1.0,0.9999999999993219,1.0,,,,98,6,,0,unet
0.0,0.0,0.0,147456.0,0.0,0.0,1,1.0,1.0,1.0,1.0,0.9999999999993219,1.0,,,,98,7,,0,unet
0.0,0.0,0.0,147456.0,0.0,0.0,1,1.0,1.0,1.0,1.0,0.9999999999993219,1.0,,,,98,8,,0,unet
0.0,0.0,0.0,147456.0,0.0,0.0,1,1.0,1.0,1.0,1.0,0.9999999999993219,1.0,,,,98,9,,0,unet
0.0,0.0,0.0,147456.0,0.0,0.0,1,1.0,1.0,1.0,1.0,0.9999999999993219,1.0,,,,98,10,,0,unet
0.0,0.0,0.0,147456.0,0.0,0.0,1,1.0,1.0,1.0,1.0,0.9999999999993219,1.0,,,,98,11,,0,unet
0.0,0.0,0.0,147456.0,0.0,0.0,1,1.0,1.0,1.0,1.0,0.9999999999993219,1.0,,,,98,12,,0,unet
0.0,0.0,0.0,147456.0,0.0,0.0,1,1.0,1.0,1.0,1.0,0.9999999999993219,1.0,,,,98,13,,0,unet
0.0,0.0,0.0,147456.0,0.0,0.0,1,1.0,1.0,1.0,1.0,0.9999999999993219,1.0,,,,98,14,,0,unet
0.0,0.0,0.0,147456.0,0.0,0.0,1,1.0,1.0,1.0,1.0,0.9999999999993219,1.0,,,,98,15,,0,unet
0.0,0.0,0.0,147456.0,0.0,0.0,1,1.0,1.0,1.0,1.0,0.9999999999993219,1.0,,,,98,16,,0,unet
0.0,0.0,0.0,147456.0,0.0,0.0,1,1.0,1.0,1.0,1.0,0.9999999999993219,1.0,,,,98,17,,0,unet
0.0,0.0,0.0,147456.0,0.0,0.0,1,1.0,1.0,1.0,1.0,0.9999999999993219,1.0,,,,98,18,,0,unet
0.0,0.0,0.0,147456.0,0.0,0.0,1,1.0,1.0,1.0,1.0,0.9999999999993219,1.0,,,,98,19,,0,unet
0.0,0.0,0.0,147456.0,0.0,0.0,1,1.0,1.0,1.0,1.0,0.9999999999993219,1.0,,,,98,20,,0,unet
0.0,0.0,0.0,147456.0,0.0,0.0,1,1.0,1.0,1.0,1.0,0.9999999999993219,1.0,,,,98,21,,0,unet
0.0,0.0,0.0,147456.0,0.0,0.0,1,1.0,1.0,1.0,1.0,0.9999999999993219,1.0,,,,98,22,,0,unet
0.0,0.0,0.0,147456.0,0.0,0.0,1,1.0,1.0,1.0,1.0,0.9999999999993219,1.0,,,,98,23,,0,unet
0.0,0.0,0.0,147456.0,0.0,0.0,1,1.0,1.0,1.0,1.0,0.9999999999993219,1.0,,,,98,24,,0,unet
0.0,0.0,0.0,147456.0,0.0,0.0,1,1.0,1.0,1.0,1.0,0.9999999999993219,1.0,,,,98,25,,0,unet
0.0,0.0,0.0,147456.0,0.0,0.0,1,1.0,1.0,1.0,1.0,0.9999999999993219,1.0,,,,98,26,,0,unet
0.0,0.0,0.0,147456.0,0.0,0.0,1,1.0,1.0,1.0,1.0,0.9999999999993219,1.0,,,,98,27,,0,unet
0.0,0.0,0.0,147456.0,0.0,0.0,1,1.0,1.0,1.0,1.0,0.9999999999993219,1.0,,,,98,28,,0,unet
0.0,0.0,0.0,147456.0,0.0,0.0,1,1.0,1.0,1.0,1.0,0.9999999999993219,1.0,,,,98,29,,0,unet
0.0,0.0,0.0,147456.0,0.0,0.0,1,1.0,1.0,1.0,1.0,0.9999999999993219,1.0,,,,98,30,,0,unet
0.0,0.0,0.0,147456.0,0.0,0.0,1,1.0,1.0,1.0,1.0,0.9999999999993219,1.0,,,,98,31,,0,unet
0.0,0.0,0.0,147456.0,0.0,0.0,1,1.0,1.0,1.0,1.0,0.9999999999993219,1.0,,,,98,32,,0,unet
0.0,74.0,0.0,147382.0,0.0,74.0,1,0.0,0.0,0.0,1.0,0.9994981553812666,0.0,,,,98,33,,0,unet
0.0,62.0,0.0,147394.0,0.0,62.0,1,0.0,0.0,0.0,1.0,0.9995795355895999,0.0,,,,98,34,,0,unet
0.0,0.0,0.0,147456.0,0.0,0.0,1,1.0,1.0,1.0,1.0,0.9999999999993219,1.0,,,,98,35,,0,unet
0.0,0.0,0.0,147456.0,0.0,0.0,1,1.0,1.0,1.0,1.0,0.9999999999993219,1.0,,,,98,36,,0,unet
0.0,0.0,0.0,147456.0,0.0,0.0,1,1.0,1.0,1.0,1.0,0.9999999999993219,1.0,,,,98,37,,0,unet
0.0,0.0,0.0,147456.0,0.0,0.0,1,1.0,1.0,1.0,1.0,0.9999999999993219,1.0,,,,98,38,,0,unet
0.0,0.0,0.0,147456.0,0.0,0.0,1,1.0,1.0,1.0,1.0,0.9999999999993219,1.0,,,,98,39,,0,unet
0.0,0.0,0.0,147456.0,0.0,0.0,1,1.0,1.0,1.0,1.0,0.9999999999993219,1.0,,,,98,40,,0,unet
0.0,0.0,0.0,147456.0,0.0,0.0,1,1.0,1.0,1.0,1.0,0.9999999999993219,1.0,,,,98,41,,0,unet
0.0,0.0,0.0,147456.0,0.0,0.0,1,1.0,1.0,1.0,1.0,0.9999999999993219,1.0,,,,98,42,,0,unet
0.0,0.0,0.0,147456.0,0.0,0.0,1,1.0,1.0,1.0,1.0,0.9999999999993219,1.0,,,,98,43,,0,unet
0.0,0.0,0.0,147456.0,0.0,0.0,1,1.0,1.0,1.0,1.0,0.9999999999993219,1.0,,,,98,44,,0,unet
0.0,0.0,0.0,147456.0,0.0,0.0,1,1.0,1.0,1.0,1.0,0.9999999999993219,1.0,,,,98,45,,0,unet
0.0,0.0,0.0,147456.0,0.0,0.0,1,1.0,1.0,1.0,1.0,0.9999999999993219,1.0,,,,98,46,,0,unet
0.0,0.0,0.0,147456.0,0.0,0.0,1,1.0,1.0,1.0,1.0,0.9999999999993219,1.0,,,,98,47,,0,unet
0.0,0.0,0.0,147456.0,0.0,0.0,1,1.0,1.0,1.0,1.0,0.9999999999993219,1.0,,,,104,0,,0,unet
0.0,0.0,0.0,147456.0,0.0,0.0,1,1.0,1.0,1.0,1.0,0.9999999999993219,1.0,,,,104,1,,0,unet
0.0,0.0,0.0,147456.0,0.0,0.0,1,1.0,1.0,1.0,1.0,0.9999999999993219,1.0,,,,104,2,,0,unet
0.0,0.0,0.0,147456.0,0.0,0.0,1,1.0,1.0,1.0,1.0,0.9999999999993219,1.0,,,,104,3,,0,unet
0.0,0.0,0.0,147456.0,0.0,0.0,1,1.0,1.0,1.0,1.0,0.9999999999993219,1.0,,,,104,4,,0,unet
0.0,0.0,0.0,147456.0,0.0,0.0,1,1.0,1.0,1.0,1.0,0.9999999999993219,1.0,,,,104,5,,0,unet
0.0,0.0,0.0,147456.0,0.0,0.0,1,1.0,1.0,1.0,1.0,0.9999999999993219,1.0,,,,104,6,,0,unet
0.0,0.0,0.0,147456.0,0.0,0.0,1,1.0,1.0,1.0,1.0,0.9999999999993219,1.0,,,,104,7,,0,unet
0.0,0.0,0.0,147456.0,0.0,0.0,1,1.0,1.0,1.0,1.0,0.9999999999993219,1.0,,,,104,8,,0,unet
0.0,0.0,0.0,147456.0,0.0,0.0,1,1.0,1.0,1.0,1.0,0.9999999999993219,1.0,,,,104,9,,0,unet
0.0,0.0,0.0,147456.0,0.0,0.0,1,1.0,1.0,1.0,1.0,0.9999999999993219,1.0,,,,104,10,,0,unet
0.0,0.0,0.0,147456.0,0.0,0.0,1,1.0,1.0,1.0,1.0,0.9999999999993219,1.0,,,,104,11,,0,unet
0.0,0.0,0.0,147456.0,0.0,0.0,1,1.0,1.0,1.0,1.0,0.9999999999993219,1.0,,,,104,12,,0,unet
0.0,0.0,0.0,147456.0,0.0,0.0,1,1.0,1.0,1.0,1.0,0.9999999999993219,1.0,,,,104,13,,0,unet
0.0,162.0,0.0,147294.0,0.0,162.0,1,0.0,0.0,0.0,1.0,0.9989013671868225,0.0,,,,104,14,,0,unet
0.0,0.0,0.0,147456.0,0.0,0.0,1,1.0,1.0,1.0,1.0,0.9999999999993219,1.0,,,,104,15,,0,unet
0.0,0.0,0.0,147456.0,0.0,0.0,1,1.0,1.0,1.0,1.0,0.9999999999993219,1.0,,,,104,16,,0,unet
0.0,0.0,0.0,147456.0,0.0,0.0,1,1.0,1.0,1.0,1.0,0.9999999999993219,1.0,,,,104,17,,0,unet
0.0,0.0,0.0,147456.0,0.0,0.0,1,1.0,1.0,1.0,1.0,0.9999999999993219,1.0,,,,104,18,,0,unet
0.0,0.0,0.0,147456.0,0.0,0.0,1,1.0,1.0,1.0,1.0,0.9999999999993219,1.0,,,,104,19,,0,unet
0.0,0.0,0.0,147456.0,0.0,0.0,1,1.0,1.0,1.0,1.0,0.9999999999993219,1.0,,,,104,20,,0,unet
0.0,0.0,0.0,147456.0,0.0,0.0,1,1.0,1.0,1.0,1.0,0.9999999999993219,1.0,,,,104,21,,0,unet
0.0,0.0,0.0,147456.0,0.0,0.0,1,1.0,1.0,1.0,1.0,0.9999999999993219,1.0,,,,104,22,,0,unet
0.0,0.0,0.0,147456.0,0.0,0.0,1,1.0,1.0,1.0,1.0,0.9999999999993219,1.0,,,,104,23,,0,unet
0.0,0.0,0.0,147456.0,0.0,0.0,1,1.0,1.0,1.0,1.0,0.9999999999993219,1.0,,,,104,24,,0,unet
0.0,0.0,0.0,147456.0,0.0,0.0,1,1.0,1.0,1.0,1.0,0.9999999999993219,1.0,,,,104,25,,0,unet
0.0,0.0,0.0,147456.0,0.0,0.0,1,1.0,1.0,1.0,1.0,0.9999999999993219,1.0,,,,104,26,,0,unet
0.0,0.0,0.0,147456.0,0.0,0.0,1,1.0,1.0,1.0,1.0,0.9999999999993219,1.0,,,,104,27,,0,unet
0.0,0.0,0.0,147456.0,0.0,0.0,1,1.0,1.0,1.0,1.0,0.9999999999993219,1.0,,,,104,28,,0,unet
0.0,0.0,0.0,147456.0,0.0,0.0,1,1.0,1.0,1.0,1.0,0.9999999999993219,1.0,,,,104,29,,0,unet
0.0,0.0,0.0,147456.0,0.0,0.0,1,1.0,1.0,1.0,1.0,0.9999999999993219,1.0,,,,104,30,,0,unet
0.0,0.0,0.0,147456.0,0.0,0.0,1,1.0,1.0,1.0,1.0,0.9999999999993219,1.0,,,,108,0,,0,unet
0.0,0.0,0.0,147456.0,0.0,0.0,1,1.0,1.0,1.0,1.0,0.9999999999993219,1.0,,,,108,1,,0,unet
0.0,0.0,0.0,147456.0,0.0,0.0,1,1.0,1.0,1.0,1.0,0.9999999999993219,1.0,,,,108,2,,0,unet
0.0,0.0,0.0,147456.0,0.0,0.0,1,1.0,1.0,1.0,1.0,0.9999999999993219,1.0,,,,108,3,,0,unet
0.0,0.0,0.0,147456.0,0.0,0.0,1,1.0,1.0,1.0,1.0,0.9999999999993219,1.0,,,,108,4,,0,unet
0.0,0.0,0.0,147456.0,0.0,0.0,1,1.0,1.0,1.0,1.0,0.9999999999993219,1.0,,,,108,5,,0,unet
0.0,0.0,0.0,147456.0,0.0,0.0,1,1.0,1.0,1.0,1.0,0.9999999999993219,1.0,,,,108,6,,0,unet
0.0,0.0,0.0,147456.0,0.0,0.0,1,1.0,1.0,1.0,1.0,0.9999999999993219,1.0,,,,108,7,,0,unet
0.0,0.0,0.0,147456.0,0.0,0.0,1,1.0,1.0,1.0,1.0,0.9999999999993219,1.0,,,,108,8,,0,unet
0.0,0.0,0.0,147456.0,0.0,0.0,1,1.0,1.0,1.0,1.0,0.9999999999993219,1.0,,,,108,9,,0,unet
0.0,0.0,0.0,147456.0,0.0,0.0,1,1.0,1.0,1.0,1.0,0.9999999999993219,1.0,,,,108,10,,0,unet
0.0,0.0,0.0,147456.0,0.0,0.0,1,1.0,1.0,1.0,1.0,0.9999999999993219,1.0,,,,108,11,,0,unet
0.0,0.0,0.0,147456.0,0.0,0.0,1,1.0,1.0,1.0,1.0,0.9999999999993219,1.0,,,,108,12,,0,unet
0.0,0.0,0.0,147456.0,0.0,0.0,1,1.0,1.0,1.0,1.0,0.9999999999993219,1.0,,,,108,13,,0,unet
0.0,0.0,0.0,147456.0,0.0,0.0,1,1.0,1.0,1.0,1.0,0.9999999999993219,1.0,,,,108,14,,0,unet
0.0,0.0,0.0,147456.0,0.0,0.0,1,1.0,1.0,1.0,1.0,0.9999999999993219,1.0,,,,108,15,,0,unet
0.0,0.0,0.0,147456.0,0.0,0.0,1,1.0,1.0,1.0,1.0,0.9999999999993219,1.0,,,,108,16,,0,unet
0.0,0.0,0.0,147456.0,0.0,0.0,1,1.0,1.0,1.0,1.0,0.9999999999993219,1.0,,,,108,17,,0,unet
0.0,0.0,0.0,147456.0,0.0,0.0,1,1.0,1.0,1.0,1.0,0.9999999999993219,1.0,,,,108,18,,0,unet
0.0,123.0,0.0,147333.0,0.0,123.0,1,0.0,0.0,0.0,1.0,0.9991658528639057,0.0,,,,108,19,,0,unet
0.0,0.0,0.0,147456.0,0.0,0.0,1,1.0,1.0,1.0,1.0,0.9999999999993219,1.0,,,,108,20,,0,unet
0.0,0.0,0.0,147456.0,0.0,0.0,1,1.0,1.0,1.0,1.0,0.9999999999993219,1.0,,,,108,21,,0,unet
0.0,0.0,0.0,147456.0,0.0,0.0,1,1.0,1.0,1.0,1.0,0.9999999999993219,1.0,,,,108,22,,0,unet
0.0,0.0,0.0,147456.0,0.0,0.0,1,1.0,1.0,1.0,1.0,0.9999999999993219,1.0,,,,108,23,,0,unet
0.0,0.0,0.0,147456.0,0.0,0.0,1,1.0,1.0,1.0,1.0,0.9999999999993219,1.0,,,,108,24,,0,unet
0.0,0.0,0.0,147456.0,0.0,0.0,1,1.0,1.0,1.0,1.0,0.9999999999993219,1.0,,,,108,25,,0,unet
0.0,0.0,0.0,147456.0,0.0,0.0,1,1.0,1.0,1.0,1.0,0.9999999999993219,1.0,,,,108,26,,0,unet
0.0,0.0,0.0,147456.0,0.0,0.0,1,1.0,1.0,1.0,1.0,0.9999999999993219,1.0,,,,108,27,,0,unet
0.0,0.0,0.0,147456.0,0.0,0.0,1,1.0,1.0,1.0,1.0,0.9999999999993219,1.0,,,,108,28,,0,unet
0.0,0.0,0.0,147456.0,0.0,0.0,1,1.0,1.0,1.0,1.0,0.9999999999993219,1.0,,,,108,29,,0,unet
0.0,0.0,0.0,147456.0,0.0,0.0,1,1.0,1.0,1.0,1.0,0.9999999999993219,1.0,,,,108,30,,0,unet
0.0,0.0,0.0,147456.0,0.0,0.0,1,1.0,1.0,1.0,1.0,0.9999999999993219,1.0,,,,108,31,,0,unet
0.0,0.0,0.0,147456.0,0.0,0.0,1,1.0,1.0,1.0,1.0,0.9999999999993219,1.0,,,,108,32,,0,unet
0.0,0.0,0.0,147456.0,0.0,0.0,1,1.0,1.0,1.0,1.0,0.9999999999993219,1.0,,,,108,33,,0,unet
0.0,0.0,0.0,147456.0,0.0,0.0,1,1.0,1.0,1.0,1.0,0.9999999999993219,1.0,,,,108,34,,0,unet
0.0,0.0,0.0,147456.0,0.0,0.0,1,1.0,1.0,1.0,1.0,0.9999999999993219,1.0,,,,108,35,,0,unet
0.0,50.0,0.0,147406.0,0.0,50.0,1,0.0,0.0,0.0,1.0,0.9996609157979331,0.0,,,,108,36,,0,unet
0.0,0.0,0.0,147456.0,0.0,0.0,1,1.0,1.0,1.0,1.0,0.9999999999993219,1.0,,,,108,37,,0,unet
0.0,0.0,0.0,147456.0,0.0,0.0,1,1.0,1.0,1.0,1.0,0.9999999999993219,1.0,,,,108,38,,0,unet
0.0,55.0,0.0,147401.0,0.0,55.0,1,0.0,0.0,0.0,1.0,0.9996270073777943,0.0,,,,108,39,,0,unet
0.0,79.0,0.0,147377.0,0.0,79.0,1,0.0,0.0,0.0,1.0,0.9994642469611278,0.0,,,,108,40,,0,unet
0.0,0.0,0.0,147456.0,0.0,0.0,1,1.0,1.0,1.0,1.0,0.9999999999993219,1.0,,,,108,41,,0,unet
0.0,0.0,0.0,147456.0,0.0,0.0,1,1.0,1.0,1.0,1.0,0.9999999999993219,1.0,,,,108,42,,0,unet
0.0,0.0,0.0,147456.0,0.0,0.0,1,1.0,1.0,1.0,1.0,0.9999999999993219,1.0,,,,108,43,,0,unet
0.0,0.0,0.0,147456.0,0.0,0.0,1,1.0,1.0,1.0,1.0,0.9999999999993219,1.0,,,,108,44,,0,unet
0.0,0.0,0.0,147456.0,0.0,0.0,1,1.0,1.0,1.0,1.0,0.9999999999993219,1.0,,,,108,45,,0,unet
0.0,0.0,0.0,147456.0,0.0,0.0,1,1.0,1.0,1.0,1.0,0.9999999999993219,1.0,,,,108,46,,0,unet
0.0,0.0,0.0,147456.0,0.0,0.0,1,1.0,1.0,1.0,1.0,0.9999999999993219,1.0,,,,108,47,,0,unet
0.0,0.0,0.0,147456.0,0.0,0.0,1,1.0,1.0,1.0,1.0,0.9999999999993219,1.0,,,,108,48,,0,unet
0.0,0.0,0.0,147456.0,0.0,0.0,1,1.0,1.0,1.0,1.0,0.9999999999993219,1.0,,,,108,49,,0,unet
0.0,0.0,0.0,147456.0,0.0,0.0,1,1.0,1.0,1.0,1.0,0.9999999999993219,1.0,,,,108,50,,0,unet
0.0,0.0,0.0,147456.0,0.0,0.0,1,1.0,1.0,1.0,1.0,0.9999999999993219,1.0,,,,108,51,,0,unet
0.0,0.0,0.0,147456.0,0.0,0.0,1,1.0,1.0,1.0,1.0,0.9999999999993219,1.0,,,,108,52,,0,unet
0.0,0.0,0.0,147456.0,0.0,0.0,1,1.0,1.0,1.0,1.0,0.9999999999993219,1.0,,,,108,53,,0,unet
0.0,0.0,0.0,147456.0,0.0,0.0,1,1.0,1.0,1.0,1.0,0.9999999999993219,1.0,,,,108,54,,0,unet
0.0,0.0,0.0,147456.0,0.0,0.0,1,1.0,1.0,1.0,1.0,0.9999999999993219,1.0,,,,108,55,,0,unet
0.0,0.0,0.0,147456.0,0.0,0.0,1,1.0,1.0,1.0,1.0,0.9999999999993219,1.0,,,,108,56,,0,unet
0.0,0.0,0.0,147456.0,0.0,0.0,1,1.0,1.0,1.0,1.0,0.9999999999993219,1.0,,,,108,57,,0,unet
0.0,0.0,0.0,147456.0,0.0,0.0,1,1.0,1.0,1.0,1.0,0.9999999999993219,1.0,,,,113,0,,0,unet
0.0,0.0,0.0,147456.0,0.0,0.0,1,1.0,1.0,1.0,1.0,0.9999999999993219,1.0,,,,113,1,,0,unet
0.0,0.0,0.0,147456.0,0.0,0.0,1,1.0,1.0,1.0,1.0,0.9999999999993219,1.0,,,,113,2,,0,unet
0.0,0.0,0.0,147456.0,0.0,0.0,1,1.0,1.0,1.0,1.0,0.9999999999993219,1.0,,,,113,3,,0,unet
0.0,0.0,0.0,147456.0,0.0,0.0,1,1.0,1.0,1.0,1.0,0.9999999999993219,1.0,,,,113,4,,0,unet
0.0,0.0,0.0,147456.0,0.0,0.0,1,1.0,1.0,1.0,1.0,0.9999999999993219,1.0,,,,113,5,,0,unet
0.0,0.0,0.0,147456.0,0.0,0.0,1,1.0,1.0,1.0,1.0,0.9999999999993219,1.0,,,,113,6,,0,unet
0.0,0.0,0.0,147456.0,0.0,0.0,1,1.0,1.0,1.0,1.0,0.9999999999993219,1.0,,,,113,7,,0,unet
0.0,0.0,0.0,147456.0,0.0,0.0,1,1.0,1.0,1.0,1.0,0.9999999999993219,1.0,,,,113,8,,0,unet
0.0,0.0,0.0,147456.0,0.0,0.0,1,1.0,1.0,1.0,1.0,0.9999999999993219,1.0,,,,113,9,,0,unet
0.0,0.0,0.0,147456.0,0.0,0.0,1,1.0,1.0,1.0,1.0,0.9999999999993219,1.0,,,,113,10,,0,unet
0.0,0.0,0.0,147456.0,0.0,0.0,1,1.0,1.0,1.0,1.0,0.9999999999993219,1.0,,,,113,11,,0,unet
0.0,0.0,0.0,147456.0,0.0,0.0,1,1.0,1.0,1.0,1.0,0.9999999999993219,1.0,,,,113,12,,0,unet
0.0,0.0,0.0,147456.0,0.0,0.0,1,1.0,1.0,1.0,1.0,0.9999999999993219,1.0,,,,113,13,,0,unet
0.0,0.0,0.0,147456.0,0.0,0.0,1,1.0,1.0,1.0,1.0,0.9999999999993219,1.0,,,,113,14,,0,unet
0.0,0.0,0.0,147456.0,0.0,0.0,1,1.0,1.0,1.0,1.0,0.9999999999993219,1.0,,,,113,15,,0,unet
0.0,0.0,0.0,147456.0,0.0,0.0,1,1.0,1.0,1.0,1.0,0.9999999999993219,1.0,,,,113,16,,0,unet
0.0,0.0,0.0,147456.0,0.0,0.0,1,1.0,1.0,1.0,1.0,0.9999999999993219,1.0,,,,113,17,,0,unet
0.0,125.0,0.0,147331.0,0.0,125.0,1,0.0,0.0,0.0,1.0,0.9991522894958502,0.0,,,,113,18,,0,unet
0.0,175.0,0.0,147281.0,0.0,175.0,1,0.0,0.0,0.0,1.0,0.9988132052944615,0.0,,,,113,19,,0,unet
0.0,203.0,0.0,147253.0,0.0,203.0,1,0.0,0.0,0.0,1.0,0.9986233181416839,0.0,,,,113,20,,0,unet
0.0,0.0,0.0,147456.0,0.0,0.0,1,1.0,1.0,1.0,1.0,0.9999999999993219,1.0,,,,113,21,,0,unet
0.0,0.0,0.0,147456.0,0.0,0.0,1,1.0,1.0,1.0,1.0,0.9999999999993219,1.0,,,,113,22,,0,unet
0.0,0.0,0.0,147456.0,0.0,0.0,1,1.0,1.0,1.0,1.0,0.9999999999993219,1.0,,,,113,23,,0,unet
0.0,0.0,0.0,147456.0,0.0,0.0,1,1.0,1.0,1.0,1.0,0.9999999999993219,1.0,,,,113,24,,0,unet
0.0,0.0,0.0,147456.0,0.0,0.0,1,1.0,1.0,1.0,1.0,0.9999999999993219,1.0,,,,113,25,,0,unet
0.0,0.0,0.0,147456.0,0.0,0.0,1,1.0,1.0,1.0,1.0,0.9999999999993219,1.0,,,,113,26,,0,unet
0.0,0.0,0.0,147456.0,0.0,0.0,1,1.0,1.0,1.0,1.0,0.9999999999993219,1.0,,,,113,27,,0,unet
0.0,0.0,0.0,147456.0,0.0,0.0,1,1.0,1.0,1.0,1.0,0.9999999999993219,1.0,,,,113,28,,0,unet
0.0,0.0,0.0,147456.0,0.0,0.0,1,1.0,1.0,1.0,1.0,0.9999999999993219,1.0,,,,113,29,,0,unet
0.0,0.0,0.0,147456.0,0.0,0.0,1,1.0,1.0,1.0,1.0,0.9999999999993219,1.0,,,,113,30,,0,unet
0.0,0.0,0.0,147456.0,0.0,0.0,1,1.0,1.0,1.0,1.0,0.9999999999993219,1.0,,,,113,31,,0,unet
0.0,0.0,0.0,147456.0,0.0,0.0,1,1.0,1.0,1.0,1.0,0.9999999999993219,1.0,,,,113,32,,0,unet
0.0,0.0,0.0,147456.0,0.0,0.0,1,1.0,1.0,1.0,1.0,0.9999999999993219,1.0,,,,119,0,,0,unet
0.0,0.0,0.0,147456.0,0.0,0.0,1,1.0,1.0,1.0,1.0,0.9999999999993219,1.0,,,,119,1,,0,unet
0.0,0.0,0.0,147456.0,0.0,0.0,1,1.0,1.0,1.0,1.0,0.9999999999993219,1.0,,,,119,2,,0,unet
0.0,0.0,0.0,147456.0,0.0,0.0,1,1.0,1.0,1.0,1.0,0.9999999999993219,1.0,,,,119,3,,0,unet
0.0,0.0,0.0,147456.0,0.0,0.0,1,1.0,1.0,1.0,1.0,0.9999999999993219,1.0,,,,119,4,,0,unet
0.0,0.0,0.0,147456.0,0.0,0.0,1,1.0,1.0,1.0,1.0,0.9999999999993219,1.0,,,,119,5,,0,unet
0.0,0.0,0.0,147456.0,0.0,0.0,1,1.0,1.0,1.0,1.0,0.9999999999993219,1.0,,,,119,6,,0,unet
0.0,0.0,0.0,147456.0,0.0,0.0,1,1.0,1.0,1.0,1.0,0.9999999999993219,1.0,,,,119,7,,0,unet
0.0,0.0,0.0,147456.0,0.0,0.0,1,1.0,1.0,1.0,1.0,0.9999999999993219,1.0,,,,119,8,,0,unet
0.0,0.0,0.0,147456.0,0.0,0.0,1,1.0,1.0,1.0,1.0,0.9999999999993219,1.0,,,,119,9,,0,unet
0.0,0.0,0.0,147456.0,0.0,0.0,1,1.0,1.0,1.0,1.0,0.9999999999993219,1.0,,,,119,10,,0,unet
0.0,0.0,0.0,147456.0,0.0,0.0,1,1.0,1.0,1.0,1.0,0.9999999999993219,1.0,,,,119,11,,0,unet
0.0,0.0,0.0,147456.0,0.0,0.0,1,1.0,1.0,1.0,1.0,0.9999999999993219,1.0,,,,119,12,,0,unet
0.0,0.0,0.0,147456.0,0.0,0.0,1,1.0,1.0,1.0,1.0,0.9999999999993219,1.0,,,,119,13,,0,unet
0.0,48.0,0.0,147408.0,0.0,48.0,1,0.0,0.0,0.0,1.0,0.9996744791659887,0.0,,,,119,14,,0,unet
0.0,0.0,0.0,147456.0,0.0,0.0,1,1.0,1.0,1.0,1.0,0.9999999999993219,1.0,,,,119,15,,0,unet
0.0,0.0,0.0,147456.0,0.0,0.0,1,1.0,1.0,1.0,1.0,0.9999999999993219,1.0,,,,119,16,,0,unet
0.0,0.0,0.0,147456.0,0.0,0.0,1,1.0,1.0,1.0,1.0,0.9999999999993219,1.0,,,,119,17,,0,unet
0.0,0.0,0.0,147456.0,0.0,0.0,1,1.0,1.0,1.0,1.0,0.9999999999993219,1.0,,,,119,18,,0,unet
0.0,0.0,0.0,147456.0,0.0,0.0,1,1.0,1.0,1.0,1.0,0.9999999999993219,1.0,,,,119,19,,0,unet
0.0,0.0,0.0,147456.0,0.0,0.0,1,1.0,1.0,1.0,1.0,0.9999999999993219,1.0,,,,119,20,,0,unet
0.0,0.0,0.0,147456.0,0.0,0.0,1,1.0,1.0,1.0,1.0,0.9999999999993219,1.0,,,,119,21,,0,unet
0.0,0.0,0.0,147456.0,0.0,0.0,1,1.0,1.0,1.0,1.0,0.9999999999993219,1.0,,,,119,22,,0,unet
0.0,0.0,0.0,147456.0,0.0,0.0,1,1.0,1.0,1.0,1.0,0.9999999999993219,1.0,,,,119,23,,0,unet
0.0,0.0,0.0,147456.0,0.0,0.0,1,1.0,1.0,1.0,1.0,0.9999999999993219,1.0,,,,119,24,,0,unet
0.0,0.0,0.0,147456.0,0.0,0.0,1,1.0,1.0,1.0,1.0,0.9999999999993219,1.0,,,,119,25,,0,unet
0.0,0.0,0.0,147456.0,0.0,0.0,1,1.0,1.0,1.0,1.0,0.9999999999993219,1.0,,,,119,26,,0,unet
0.0,0.0,0.0,147456.0,0.0,0.0,1,1.0,1.0,1.0,1.0,0.9999999999993219,1.0,,,,119,27,,0,unet
0.0,0.0,0.0,147456.0,0.0,0.0,1,1.0,1.0,1.0,1.0,0.9999999999993219,1.0,,,,119,28,,0,unet
0.0,0.0,0.0,147456.0,0.0,0.0,1,1.0,1.0,1.0,1.0,0.9999999999993219,1.0,,,,119,29,,0,unet
0.0,0.0,0.0,147456.0,0.0,0.0,1,1.0,1.0,1.0,1.0,0.9999999999993219,1.0,,,,119,30,,0,unet
0.0,0.0,0.0,147456.0,0.0,0.0,1,1.0,1.0,1.0,1.0,0.9999999999993219,1.0,,,,119,31,,0,unet
0.0,0.0,0.0,147456.0,0.0,0.0,1,1.0,1.0,1.0,1.0,0.9999999999993219,1.0,,,,119,32,,0,unet
0.0,0.0,0.0,147456.0,0.0,0.0,1,1.0,1.0,1.0,1.0,0.9999999999993219,1.0,,,,119,33,,0,unet
0.0,0.0,0.0,147456.0,0.0,0.0,1,1.0,1.0,1.0,1.0,0.9999999999993219,1.0,,,,119,34,,0,unet
0.0,0.0,0.0,147456.0,0.0,0.0,1,1.0,1.0,1.0,1.0,0.9999999999993219,1.0,,,,119,35,,0,unet
0.0,0.0,0.0,147456.0,0.0,0.0,1,1.0,1.0,1.0,1.0,0.9999999999993219,1.0,,,,124,0,,0,unet
0.0,0.0,0.0,147456.0,0.0,0.0,1,1.0,1.0,1.0,1.0,0.9999999999993219,1.0,,,,124,1,,0,unet
0.0,0.0,0.0,147456.0,0.0,0.0,1,1.0,1.0,1.0,1.0,0.9999999999993219,1.0,,,,124,2,,0,unet
0.0,0.0,0.0,147456.0,0.0,0.0,1,1.0,1.0,1.0,1.0,0.9999999999993219,1.0,,,,124,3,,0,unet
0.0,0.0,0.0,147456.0,0.0,0.0,1,1.0,1.0,1.0,1.0,0.9999999999993219,1.0,,,,124,4,,0,unet
0.0,0.0,0.0,147456.0,0.0,0.0,1,1.0,1.0,1.0,1.0,0.9999999999993219,1.0,,,,124,5,,0,unet
0.0,0.0,0.0,147456.0,0.0,0.0,1,1.0,1.0,1.0,1.0,0.9999999999993219,1.0,,,,124,6,,0,unet
0.0,0.0,0.0,147456.0,0.0,0.0,1,1.0,1.0,1.0,1.0,0.9999999999993219,1.0,,,,124,7,,0,unet
0.0,0.0,0.0,147456.0,0.0,0.0,1,1.0,1.0,1.0,1.0,0.9999999999993219,1.0,,,,124,8,,0,unet
0.0,0.0,0.0,147456.0,0.0,0.0,1,1.0,1.0,1.0,1.0,0.9999999999993219,1.0,,,,124,9,,0,unet
0.0,0.0,0.0,147456.0,0.0,0.0,1,1.0,1.0,1.0,1.0,0.9999999999993219,1.0,,,,124,10,,0,unet
0.0,0.0,0.0,147456.0,0.0,0.0,1,1.0,1.0,1.0,1.0,0.9999999999993219,1.0,,,,124,11,,0,unet
0.0,0.0,0.0,147456.0,0.0,0.0,1,1.0,1.0,1.0,1.0,0.9999999999993219,1.0,,,,124,12,,0,unet
0.0,153.0,0.0,147303.0,0.0,153.0,1,0.0,0.0,0.0,1.0,0.9989624023430725,0.0,,,,124,13,,0,unet
0.0,84.0,0.0,147372.0,0.0,84.0,1,0.0,0.0,0.0,1.0,0.9994303385409888,0.0,,,,124,14,,0,unet
0.0,338.0,0.0,147118.0,0.0,338.0,1,0.0,0.0,0.0,1.0,0.9977077907979345,0.0,,,,124,15,,0,unet
0.0,441.0,0.0,147015.0,0.0,441.0,1,0.0,0.0,0.0,1.0,0.9970092773430739,0.0,,,,124,16,,0,unet
0.0,82.0,0.0,147374.0,0.0,82.0,1,0.0,0.0,0.0,1.0,0.9994439019090444,0.0,,,,124,17,,0,unet
0.0,169.0,0.0,147287.0,0.0,169.0,1,0.0,0.0,0.0,1.0,0.9988538953986281,0.0,,,,124,18,,0,unet
0.0,265.0,0.0,147191.0,0.0,265.0,1,0.0,0.0,0.0,1.0,0.9982028537319619,0.0,,,,124,19,,0,unet
0.0,101.0,0.0,147355.0,0.0,101.0,1,0.0,0.0,0.0,1.0,0.9993150499125167,0.0,,,,124,20,,0,unet
0.0,90.0,0.0,147366.0,0.0,90.0,1,0.0,0.0,0.0,1.0,0.9993896484368222,0.0,,,,124,21,,0,unet
0.0,0.0,0.0,147456.0,0.0,0.0,1,1.0,1.0,1.0,1.0,0.9999999999993219,1.0,,,,124,22,,0,unet
0.0,0.0,0.0,147456.0,0.0,0.0,1,1.0,1.0,1.0,1.0,0.9999999999993219,1.0,,,,124,23,,0,unet
0.0,0.0,0.0,147456.0,0.0,0.0,1,1.0,1.0,1.0,1.0,0.9999999999993219,1.0,,,,124,24,,0,unet
0.0,0.0,0.0,147456.0,0.0,0.0,1,1.0,1.0,1.0,1.0,0.9999999999993219,1.0,,,,124,25,,0,unet
0.0,0.0,0.0,147456.0,0.0,0.0,1,1.0,1.0,1.0,1.0,0.9999999999993219,1.0,,,,124,26,,0,unet
0.0,0.0,0.0,147456.0,0.0,0.0,1,1.0,1.0,1.0,1.0,0.9999999999993219,1.0,,,,124,27,,0,unet
0.0,0.0,0.0,147456.0,0.0,0.0,1,1.0,1.0,1.0,1.0,0.9999999999993219,1.0,,,,124,28,,0,unet
0.0,0.0,0.0,147456.0,0.0,0.0,1,1.0,1.0,1.0,1.0,0.9999999999993219,1.0,,,,124,29,,0,unet
0.0,0.0,0.0,147456.0,0.0,0.0,1,1.0,1.0,1.0,1.0,0.9999999999993219,1.0,,,,124,30,,0,unet
0.0,0.0,0.0,147456.0,0.0,0.0,1,1.0,1.0,1.0,1.0,0.9999999999993219,1.0,,,,124,31,,0,unet
0.0,0.0,0.0,147456.0,0.0,0.0,1,1.0,1.0,1.0,1.0,0.9999999999993219,1.0,,,,124,32,,0,unet
0.0,0.0,0.0,147456.0,0.0,0.0,1,1.0,1.0,1.0,1.0,0.9999999999993219,1.0,,,,124,33,,0,unet
0.0,0.0,0.0,147456.0,0.0,0.0,1,1.0,1.0,1.0,1.0,0.9999999999993219,1.0,,,,124,34,,0,unet
0.0,0.0,0.0,147456.0,0.0,0.0,1,1.0,1.0,1.0,1.0,0.9999999999993219,1.0,,,,124,35,,0,unet
0.0,0.0,0.0,147456.0,0.0,0.0,1,1.0,1.0,1.0,1.0,0.9999999999993219,1.0,,,,124,36,,0,unet
0.0,0.0,0.0,147456.0,0.0,0.0,1,1.0,1.0,1.0,1.0,0.9999999999993219,1.0,,,,125,0,,0,unet
0.0,0.0,0.0,147456.0,0.0,0.0,1,1.0,1.0,1.0,1.0,0.9999999999993219,1.0,,,,125,1,,0,unet
0.0,0.0,0.0,147456.0,0.0,0.0,1,1.0,1.0,1.0,1.0,0.9999999999993219,1.0,,,,125,2,,0,unet
0.0,0.0,0.0,147456.0,0.0,0.0,1,1.0,1.0,1.0,1.0,0.9999999999993219,1.0,,,,125,3,,0,unet
0.0,0.0,0.0,147456.0,0.0,0.0,1,1.0,1.0,1.0,1.0,0.9999999999993219,1.0,,,,125,4,,0,unet
0.0,0.0,0.0,147456.0,0.0,0.0,1,1.0,1.0,1.0,1.0,0.9999999999993219,1.0,,,,125,5,,0,unet
0.0,0.0,0.0,147456.0,0.0,0.0,1,1.0,1.0,1.0,1.0,0.9999999999993219,1.0,,,,125,6,,0,unet
0.0,0.0,0.0,147456.0,0.0,0.0,1,1.0,1.0,1.0,1.0,0.9999999999993219,1.0,,,,125,7,,0,unet
0.0,0.0,0.0,147456.0,0.0,0.0,1,1.0,1.0,1.0,1.0,0.9999999999993219,1.0,,,,125,8,,0,unet
0.0,0.0,0.0,147456.0,0.0,0.0,1,1.0,1.0,1.0,1.0,0.9999999999993219,1.0,,,,125,9,,0,unet
0.0,0.0,0.0,147456.0,0.0,0.0,1,1.0,1.0,1.0,1.0,0.9999999999993219,1.0,,,,125,10,,0,unet
0.0,0.0,0.0,147456.0,0.0,0.0,1,1.0,1.0,1.0,1.0,0.9999999999993219,1.0,,,,125,11,,0,unet
0.0,0.0,0.0,147456.0,0.0,0.0,1,1.0,1.0,1.0,1.0,0.9999999999993219,1.0,,,,125,12,,0,unet
0.0,0.0,0.0,147456.0,0.0,0.0,1,1.0,1.0,1.0,1.0,0.9999999999993219,1.0,,,,125,13,,0,unet
0.0,0.0,0.0,147456.0,0.0,0.0,1,1.0,1.0,1.0,1.0,0.9999999999993219,1.0,,,,125,14,,0,unet
0.0,0.0,0.0,147456.0,0.0,0.0,1,1.0,1.0,1.0,1.0,0.9999999999993219,1.0,,,,125,15,,0,unet
0.0,0.0,0.0,147456.0,0.0,0.0,1,1.0,1.0,1.0,1.0,0.9999999999993219,1.0,,,,125,16,,0,unet
0.0,0.0,0.0,147456.0,0.0,0.0,1,1.0,1.0,1.0,1.0,0.9999999999993219,1.0,,,,125,17,,0,unet
0.0,0.0,0.0,147456.0,0.0,0.0,1,1.0,1.0,1.0,1.0,0.9999999999993219,1.0,,,,125,18,,0,unet
0.0,0.0,0.0,147456.0,0.0,0.0,1,1.0,1.0,1.0,1.0,0.9999999999993219,1.0,,,,125,19,,0,unet
0.0,0.0,0.0,147456.0,0.0,0.0,1,1.0,1.0,1.0,1.0,0.9999999999993219,1.0,,,,125,20,,0,unet
0.0,0.0,0.0,147456.0,0.0,0.0,1,1.0,1.0,1.0,1.0,0.9999999999993219,1.0,,,,125,21,,0,unet
0.0,0.0,0.0,147456.0,0.0,0.0,1,1.0,1.0,1.0,1.0,0.9999999999993219,1.0,,,,125,22,,0,unet
0.0,0.0,0.0,147456.0,0.0,0.0,1,1.0,1.0,1.0,1.0,0.9999999999993219,1.0,,,,125,23,,0,unet
0.0,0.0,0.0,147456.0,0.0,0.0,1,1.0,1.0,1.0,1.0,0.9999999999993219,1.0,,,,125,24,,0,unet
0.0,0.0,0.0,147456.0,0.0,0.0,1,1.0,1.0,1.0,1.0,0.9999999999993219,1.0,,,,125,25,,0,unet
0.0,0.0,0.0,147456.0,0.0,0.0,1,1.0,1.0,1.0,1.0,0.9999999999993219,1.0,,,,125,26,,0,unet
0.0,54.0,0.0,147402.0,0.0,54.0,1,0.0,0.0,0.0,1.0,0.9996337890618221,0.0,,,,125,27,,0,unet
0.0,0.0,0.0,147456.0,0.0,0.0,1,1.0,1.0,1.0,1.0,0.9999999999993219,1.0,,,,125,28,,0,unet
0.0,0.0,0.0,147456.0,0.0,0.0,1,1.0,1.0,1.0,1.0,0.9999999999993219,1.0,,,,125,29,,0,unet
0.0,0.0,0.0,147456.0,0.0,0.0,1,1.0,1.0,1.0,1.0,0.9999999999993219,1.0,,,,125,30,,0,unet
0.0,0.0,0.0,147456.0,0.0,0.0,1,1.0,1.0,1.0,1.0,0.9999999999993219,1.0,,,,125,31,,0,unet
0.0,0.0,0.0,147456.0,0.0,0.0,1,1.0,1.0,1.0,1.0,0.9999999999993219,1.0,,,,125,32,,0,unet
0.0,0.0,0.0,147456.0,0.0,0.0,1,1.0,1.0,1.0,1.0,0.9999999999993219,1.0,,,,125,33,,0,unet
0.0,0.0,0.0,147456.0,0.0,0.0,1,1.0,1.0,1.0,1.0,0.9999999999993219,1.0,,,,125,34,,0,unet
0.0,0.0,0.0,147456.0,0.0,0.0,1,1.0,1.0,1.0,1.0,0.9999999999993219,1.0,,,,125,35,,0,unet
0.0,0.0,0.0,147456.0,0.0,0.0,1,1.0,1.0,1.0,1.0,0.9999999999993219,1.0,,,,125,36,,0,unet
0.0,0.0,0.0,147456.0,0.0,0.0,1,1.0,1.0,1.0,1.0,0.9999999999993219,1.0,,,,125,37,,0,unet
0.0,0.0,0.0,147456.0,0.0,0.0,1,1.0,1.0,1.0,1.0,0.9999999999993219,1.0,,,,125,38,,0,unet
0.0,0.0,0.0,147456.0,0.0,0.0,1,1.0,1.0,1.0,1.0,0.9999999999993219,1.0,,,,125,39,,0,unet
0.0,0.0,0.0,147456.0,0.0,0.0,1,1.0,1.0,1.0,1.0,0.9999999999993219,1.0,,,,125,40,,0,unet
0.0,0.0,0.0,147456.0,0.0,0.0,1,1.0,1.0,1.0,1.0,0.9999999999993219,1.0,,,,125,41,,0,unet
0.0,0.0,0.0,147456.0,0.0,0.0,1,1.0,1.0,1.0,1.0,0.9999999999993219,1.0,,,,125,42,,0,unet
0.0,0.0,0.0,147456.0,0.0,0.0,1,1.0,1.0,1.0,1.0,0.9999999999993219,1.0,,,,53,0,0.4084626234132581,0,attention_unet
0.0,0.0,0.0,147456.0,0.0,0.0,1,1.0,1.0,1.0,1.0,0.9999999999993219,1.0,,,,53,1,0.4084626234132581,0,attention_unet
0.0,0.0,0.0,147456.0,0.0,0.0,1,1.0,1.0,1.0,1.0,0.9999999999993219,1.0,,,,53,2,0.4084626234132581,0,attention_unet
0.0,0.0,0.0,147456.0,0.0,0.0,1,1.0,1.0,1.0,1.0,0.9999999999993219,1.0,,,,53,3,0.4084626234132581,0,attention_unet
0.0,0.0,0.0,147456.0,0.0,0.0,1,1.0,1.0,1.0,1.0,0.9999999999993219,1.0,,,,53,4,0.4084626234132581,0,attention_unet
0.0,0.0,0.0,147456.0,0.0,0.0,1,1.0,1.0,1.0,1.0,0.9999999999993219,1.0,,,,53,5,0.4084626234132581,0,attention_unet
0.0,0.0,0.0,147456.0,0.0,0.0,1,1.0,1.0,1.0,1.0,0.9999999999993219,1.0,,,,53,6,0.4084626234132581,0,attention_unet
0.0,0.0,0.0,147456.0,0.0,0.0,1,1.0,1.0,1.0,1.0,0.9999999999993219,1.0,,,,53,7,0.4084626234132581,0,attention_unet
0.0,0.0,0.0,147456.0,0.0,0.0,1,1.0,1.0,1.0,1.0,0.9999999999993219,1.0,,,,53,8,0.4084626234132581,0,attention_unet
0.0,0.0,0.0,147456.0,0.0,0.0,1,1.0,1.0,1.0,1.0,0.9999999999993219,1.0,,,,53,9,0.4084626234132581,0,attention_unet
0.0,0.0,0.0,147456.0,0.0,0.0,1,1.0,1.0,1.0,1.0,0.9999999999993219,1.0,,,,53,10,0.4084626234132581,0,attention_unet
0.0,585.0,0.0,146871.0,0.0,585.0,1,0.0,0.0,0.0,1.0,0.9960327148430745,0.0,,,,53,11,0.4084626234132581,0,attention_unet
0.0,368.0,0.0,147088.0,0.0,368.0,1,0.0,0.0,0.0,1.0,0.9975043402771013,0.0,,,,53,12,0.4084626234132581,0,attention_unet
0.0,350.0,0.0,147106.0,0.0,350.0,1,0.0,0.0,0.0,1.0,0.9976264105896012,0.0,,,,53,13,0.4084626234132581,0,attention_unet
0.0,702.0,0.0,146754.0,0.0,702.0,1,0.0,0.0,0.0,1.0,0.9952392578118251,0.0,,,,53,14,0.4084626234132581,0,attention_unet
0.0,539.0,0.0,146917.0,0.0,539.0,1,0.0,0.0,0.0,1.0,0.9963446723083521,0.0,,,,53,15,0.4084626234132581,0,attention_unet
0.0,0.0,0.0,147456.0,0.0,0.0,1,1.0,1.0,1.0,1.0,0.9999999999993219,1.0,,,,53,16,0.4084626234132581,0,attention_unet
0.0,0.0,71.0,147385.0,71.0,0.0,0,0.0,0.0,0.0,0.0,0.9999999999993215,1.4084505783884538e-09,,,,53,17,0.4084626234132581,0,attention_unet
126.0,12.0,240.0,147078.0,366.0,138.0,0,0.49999999990079363,0.3333333332451499,0.9130434775992439,0.34426229498790645,0.9999184172948535,0.5476190477088058,15.093488055324801,4.2267609710426015,0.5611510791366906,53,18,0.4084626234132581,0,attention_unet
0.0,0.0,60.0,147396.0,60.0,0.0,0,0.0,0.0,0.0,0.0,0.9999999999993215,1.6666666935449825e-09,,,,53,19,0.4084626234132581,0,attention_unet
0.0,153.0,0.0,147303.0,0.0,153.0,1,0.0,0.0,0.0,1.0,0.9989624023430725,0.0,,,,53,20,0.4084626234132581,0,attention_unet
224.0,395.0,70.0,146767.0,294.0,619.0,0,0.49069003280496276,0.3251088533635546,0.36187399024848566,0.7619047616456106,0.9973158831756858,0.6440306681660426,82.67311196332699,21.584574120699834,0.5719298245614035,53,21,0.4084626234132581,0,attention_unet
651.0,716.0,402.0,145687.0,1053.0,1367.0,0,0.5380165289033878,0.36800452230819647,0.47622531086494324,0.6182336181749065,0.995109389834228,0.8702479338896592,75.04150739990112,18.198968423662983,0.44612476370510395,53,22,0.4084626234132581,0,attention_unet
571.0,495.0,250.0,146140.0,821.0,1066.0,0,0.6051934286907688,0.43389057747462834,0.5356472794994702,0.6954933007679058,0.996624271148773,0.8701642819358684,69.71594354016815,16.320280245684934,0.5871369294605809,53,23,0.4084626234132581,0,attention_unet
456.0,134.0,95.0,146771.0,551.0,590.0,0,0.7992988605785014,0.6656934305597528,0.7728813558012066,0.8275862067463546,0.9990878458861175,0.9658194566199982,37.385461273646705,2.982346751558238,0.9294478527607362,53,24,0.4084626234132581,0,attention_unet
144.0,33.0,238.0,147041.0,382.0,177.0,0,0.5152057244158845,0.34698795172361735,0.8135593215742603,0.37696335068665876,0.9997756231550106,0.6332737031067488,22.488525783707026,5.02122479164196,0.6447368421052632,53,25,0.4084626234132581,0,attention_unet
0.0,0.0,216.0,147240.0,216.0,0.0,0,0.0,0.0,0.0,0.0,0.9999999999993209,4.629628902463878e-10,,,,53,26,0.4084626234132581,0,attention_unet
0.0,0.0,80.0,147376.0,80.0,0.0,0,0.0,0.0,0.0,0.0,0.9999999999993214,1.2499998813808588e-09,,,,53,27,0.4084626234132581,0,attention_unet
0.0,0.0,0.0,147456.0,0.0,0.0,1,1.0,1.0,1.0,1.0,0.9999999999993219,1.0,,,,53,28,0.4084626234132581,0,attention_unet
0.0,0.0,0.0,147456.0,0.0,0.0,1,1.0,1.0,1.0,1.0,0.9999999999993219,1.0,,,,53,29,0.4084626234132581,0,attention_unet
0.0,0.0,0.0,147456.0,0.0,0.0,1,1.0,1.0,1.0,1.0,0.9999999999993219,1.0,,,,53,30,0.4084626234132581,0,attention_unet
0.0,0.0,0.0,147456.0,0.0,0.0,1,1.0,1.0,1.0,1.0,0.9999999999993219,1.0,,,,53,31,0.4084626234132581,0,attention_unet
0.0,87.0,0.0,147369.0,0.0,87.0,1,0.0,0.0,0.0,1.0,0.9994099934889056,0.0,,,,53,32,0.4084626234132581,0,attention_unet
0.0,0.0,0.0,147456.0,0.0,0.0,1,1.0,1.0,1.0,1.0,0.9999999999993219,1.0,,,,53,33,0.4084626234132581,0,attention_unet
0.0,0.0,0.0,147456.0,0.0,0.0,1,1.0,1.0,1.0,1.0,0.9999999999993219,1.0,,,,53,34,0.4084626234132581,0,attention_unet
0.0,0.0,0.0,147456.0,0.0,0.0,1,1.0,1.0,1.0,1.0,0.9999999999993219,1.0,,,,56,0,,0,attention_unet
0.0,0.0,0.0,147456.0,0.0,0.0,1,1.0,1.0,1.0,1.0,0.9999999999993219,1.0,,,,56,1,,0,attention_unet
0.0,0.0,0.0,147456.0,0.0,0.0,1,1.0,1.0,1.0,1.0,0.9999999999993219,1.0,,,,56,2,,0,attention_unet
0.0,0.0,0.0,147456.0,0.0,0.0,1,1.0,1.0,1.0,1.0,0.9999999999993219,1.0,,,,56,3,,0,attention_unet
0.0,0.0,0.0,147456.0,0.0,0.0,1,1.0,1.0,1.0,1.0,0.9999999999993219,1.0,,,,56,4,,0,attention_unet
0.0,0.0,0.0,147456.0,0.0,0.0,1,1.0,1.0,1.0,1.0,0.9999999999993219,1.0,,,,56,5,,0,attention_unet
0.0,0.0,0.0,147456.0,0.0,0.0,1,1.0,1.0,1.0,1.0,0.9999999999993219,1.0,,,,56,6,,0,attention_unet
0.0,0.0,0.0,147456.0,0.0,0.0,1,1.0,1.0,1.0,1.0,0.9999999999993219,1.0,,,,56,7,,0,attention_unet
0.0,0.0,0.0,147456.0,0.0,0.0,1,1.0,1.0,1.0,1.0,0.9999999999993219,1.0,,,,56,8,,0,attention_unet
0.0,0.0,0.0,147456.0,0.0,0.0,1,1.0,1.0,1.0,1.0,0.9999999999993219,1.0,,,,56,9,,0,attention_unet
0.0,0.0,0.0,147456.0,0.0,0.0,1,1.0,1.0,1.0,1.0,0.9999999999993219,1.0,,,,56,10,,0,attention_unet
0.0,0.0,0.0,147456.0,0.0,0.0,1,1.0,1.0,1.0,1.0,0.9999999999993219,1.0,,,,56,11,,0,attention_unet
0.0,0.0,0.0,147456.0,0.0,0.0,1,1.0,1.0,1.0,1.0,0.9999999999993219,1.0,,,,56,12,,0,attention_unet
0.0,0.0,0.0,147456.0,0.0,0.0,1,1.0,1.0,1.0,1.0,0.9999999999993219,1.0,,,,56,13,,0,attention_unet
0.0,0.0,0.0,147456.0,0.0,0.0,1,1.0,1.0,1.0,1.0,0.9999999999993219,1.0,,,,56,14,,0,attention_unet
0.0,0.0,0.0,147456.0,0.0,0.0,1,1.0,1.0,1.0,1.0,0.9999999999993219,1.0,,,,56,15,,0,attention_unet
0.0,237.0,0.0,147219.0,0.0,237.0,1,0.0,0.0,0.0,1.0,0.9983927408847396,0.0,,,,56,16,,0,attention_unet
0.0,71.0,0.0,147385.0,0.0,71.0,1,0.0,0.0,0.0,1.0,0.9995185004333499,0.0,,,,56,17,,0,attention_unet
0.0,0.0,0.0,147456.0,0.0,0.0,1,1.0,1.0,1.0,1.0,0.9999999999993219,1.0,,,,56,18,,0,attention_unet
0.0,0.0,0.0,147456.0,0.0,0.0,1,1.0,1.0,1.0,1.0,0.9999999999993219,1.0,,,,56,19,,0,attention_unet
0.0,0.0,0.0,147456.0,0.0,0.0,1,1.0,1.0,1.0,1.0,0.9999999999993219,1.0,,,,56,20,,0,attention_unet
0.0,0.0,0.0,147456.0,0.0,0.0,1,1.0,1.0,1.0,1.0,0.9999999999993219,1.0,,,,56,21,,0,attention_unet
0.0,0.0,0.0,147456.0,0.0,0.0,1,1.0,1.0,1.0,1.0,0.9999999999993219,1.0,,,,56,22,,0,attention_unet
0.0,0.0,0.0,147456.0,0.0,0.0,1,1.0,1.0,1.0,1.0,0.9999999999993219,1.0,,,,56,23,,0,attention_unet
0.0,0.0,0.0,147456.0,0.0,0.0,1,1.0,1.0,1.0,1.0,0.9999999999993219,1.0,,,,56,24,,0,attention_unet
0.0,0.0,0.0,147456.0,0.0,0.0,1,1.0,1.0,1.0,1.0,0.9999999999993219,1.0,,,,56,25,,0,attention_unet
0.0,0.0,0.0,147456.0,0.0,0.0,1,1.0,1.0,1.0,1.0,0.9999999999993219,1.0,,,,56,26,,0,attention_unet
0.0,0.0,0.0,147456.0,0.0,0.0,1,1.0,1.0,1.0,1.0,0.9999999999993219,1.0,,,,56,27,,0,attention_unet
0.0,0.0,0.0,147456.0,0.0,0.0,1,1.0,1.0,1.0,1.0,0.9999999999993219,1.0,,,,56,28,,0,attention_unet
0.0,0.0,0.0,147456.0,0.0,0.0,1,1.0,1.0,1.0,1.0,0.9999999999993219,1.0,,,,56,29,,0,attention_unet
0.0,0.0,0.0,147456.0,0.0,0.0,1,1.0,1.0,1.0,1.0,0.9999999999993219,1.0,,,,56,30,,0,attention_unet
0.0,0.0,0.0,147456.0,0.0,0.0,1,1.0,1.0,1.0,1.0,0.9999999999993219,1.0,,,,56,31,,0,attention_unet
0.0,0.0,0.0,147456.0,0.0,0.0,1,1.0,1.0,1.0,1.0,0.9999999999993219,1.0,,,,56,32,,0,attention_unet
0.0,0.0,0.0,147456.0,0.0,0.0,1,1.0,1.0,1.0,1.0,0.9999999999993219,1.0,,,,56,33,,0,attention_unet
0.0,0.0,0.0,147456.0,0.0,0.0,1,1.0,1.0,1.0,1.0,0.9999999999993219,1.0,,,,56,34,,0,attention_unet
0.0,0.0,0.0,147456.0,0.0,0.0,1,1.0,1.0,1.0,1.0,0.9999999999993219,1.0,,,,56,35,,0,attention_unet
0.0,0.0,0.0,147456.0,0.0,0.0,1,1.0,1.0,1.0,1.0,0.9999999999993219,1.0,,,,56,36,,0,attention_unet
0.0,0.0,0.0,147456.0,0.0,0.0,1,1.0,1.0,1.0,1.0,0.9999999999993219,1.0,,,,56,37,,0,attention_unet
0.0,0.0,0.0,147456.0,0.0,0.0,1,1.0,1.0,1.0,1.0,0.9999999999993219,1.0,,,,56,38,,0,attention_unet
0.0,0.0,0.0,147456.0,0.0,0.0,1,1.0,1.0,1.0,1.0,0.9999999999993219,1.0,,,,56,39,,0,attention_unet
0.0,0.0,0.0,147456.0,0.0,0.0,1,1.0,1.0,1.0,1.0,0.9999999999993219,1.0,,,,69,0,0.13277661795407097,0,attention_unet
0.0,0.0,0.0,147456.0,0.0,0.0,1,1.0,1.0,1.0,1.0,0.9999999999993219,1.0,,,,69,1,0.13277661795407097,0,attention_unet
0.0,0.0,0.0,147456.0,0.0,0.0,1,1.0,1.0,1.0,1.0,0.9999999999993219,1.0,,,,69,2,0.13277661795407097,0,attention_unet
0.0,0.0,0.0,147456.0,0.0,0.0,1,1.0,1.0,1.0,1.0,0.9999999999993219,1.0,,,,69,3,0.13277661795407097,0,attention_unet
0.0,0.0,0.0,147456.0,0.0,0.0,1,1.0,1.0,1.0,1.0,0.9999999999993219,1.0,,,,69,4,0.13277661795407097,0,attention_unet
0.0,0.0,0.0,147456.0,0.0,0.0,1,1.0,1.0,1.0,1.0,0.9999999999993219,1.0,,,,69,5,0.13277661795407097,0,attention_unet
0.0,0.0,0.0,147456.0,0.0,0.0,1,1.0,1.0,1.0,1.0,0.9999999999993219,1.0,,,,69,6,0.13277661795407097,0,attention_unet
0.0,0.0,0.0,147456.0,0.0,0.0,1,1.0,1.0,1.0,1.0,0.9999999999993219,1.0,,,,69,7,0.13277661795407097,0,attention_unet
0.0,0.0,0.0,147456.0,0.0,0.0,1,1.0,1.0,1.0,1.0,0.9999999999993219,1.0,,,,69,8,0.13277661795407097,0,attention_unet
0.0,0.0,0.0,147456.0,0.0,0.0,1,1.0,1.0,1.0,1.0,0.9999999999993219,1.0,,,,69,9,0.13277661795407097,0,attention_unet
0.0,0.0,0.0,147456.0,0.0,0.0,1,1.0,1.0,1.0,1.0,0.9999999999993219,1.0,,,,69,10,0.13277661795407097,0,attention_unet
0.0,0.0,0.0,147456.0,0.0,0.0,1,1.0,1.0,1.0,1.0,0.9999999999993219,1.0,,,,69,11,0.13277661795407097,0,attention_unet
0.0,0.0,0.0,147456.0,0.0,0.0,1,1.0,1.0,1.0,1.0,0.9999999999993219,1.0,,,,69,12,0.13277661795407097,0,attention_unet
0.0,0.0,0.0,147456.0,0.0,0.0,1,1.0,1.0,1.0,1.0,0.9999999999993219,1.0,,,,69,13,0.13277661795407097,0,attention_unet
0.0,0.0,0.0,147456.0,0.0,0.0,1,1.0,1.0,1.0,1.0,0.9999999999993219,1.0,,,,69,14,0.13277661795407097,0,attention_unet
0.0,0.0,0.0,147456.0,0.0,0.0,1,1.0,1.0,1.0,1.0,0.9999999999993219,1.0,,,,69,15,0.13277661795407097,0,attention_unet
82.0,11.0,49.0,147314.0,131.0,93.0,0,0.7321428568160077,0.577464788325729,0.8817204291594405,0.6259541979954548,0.9999253351427118,0.8303571429328762,2.299355192510258,0.7943237063891712,0.88,69,16,0.13277661795407097,0,attention_unet
77.0,1.0,61.0,147317.0,138.0,78.0,0,0.7129629626328875,0.553956834133844,0.9871794859138725,0.5579710140884269,0.9999932119625572,0.722222222350823,2.5449978732638936,0.8200744301436574,0.9154929577464789,69,17,0.13277661795407097,0,attention_unet
0.0,0.0,0.0,147456.0,0.0,0.0,1,1.0,1.0,1.0,1.0,0.9999999999993219,1.0,,,,69,18,0.13277661795407097,0,attention_unet
0.0,154.0,0.0,147302.0,0.0,154.0,1,0.0,0.0,0.0,1.0,0.9989556206590448,0.0,,,,69,19,0.13277661795407097,0,attention_unet
0.0,334.0,0.0,147122.0,0.0,334.0,1,0.0,0.0,0.0,1.0,0.9977349175340456,0.0,,,,69,20,0.13277661795407097,0,attention_unet
0.0,0.0,0.0,147456.0,0.0,0.0,1,1.0,1.0,1.0,1.0,0.9999999999993219,1.0,,,,69,21,0.13277661795407097,0,attention_unet
0.0,0.0,0.0,147456.0,0.0,0.0,1,1.0,1.0,1.0,1.0,0.9999999999993219,1.0,,,,69,22,0.13277661795407097,0,attention_unet
0.0,100.0,0.0,147356.0,0.0,100.0,1,0.0,0.0,0.0,1.0,0.9993218315965445,0.0,,,,69,23,0.13277661795407097,0,attention_unet
0.0,388.0,0.0,147068.0,0.0,388.0,1,0.0,0.0,0.0,1.0,0.9973687065965459,0.0,,,,69,24,0.13277661795407097,0,attention_unet
0.0,343.0,0.0,147113.0,0.0,343.0,1,0.0,0.0,0.0,1.0,0.9976738823777956,0.0,,,,69,25,0.13277661795407097,0,attention_unet
0.0,0.0,0.0,147456.0,0.0,0.0,1,1.0,1.0,1.0,1.0,0.9999999999993219,1.0,,,,69,26,0.13277661795407097,0,attention_unet
0.0,0.0,0.0,147456.0,0.0,0.0,1,1.0,1.0,1.0,1.0,0.9999999999993219,1.0,,,,69,27,0.13277661795407097,0,attention_unet
0.0,0.0,0.0,147456.0,0.0,0.0,1,1.0,1.0,1.0,1.0,0.9999999999993219,1.0,,,,69,28,0.13277661795407097,0,attention_unet
0.0,0.0,0.0,147456.0,0.0,0.0,1,1.0,1.0,1.0,1.0,0.9999999999993219,1.0,,,,69,29,0.13277661795407097,0,attention_unet
0.0,0.0,0.0,147456.0,0.0,0.0,1,1.0,1.0,1.0,1.0,0.9999999999993219,1.0,,,,69,30,0.13277661795407097,0,attention_unet
0.0,0.0,0.0,147456.0,0.0,0.0,1,1.0,1.0,1.0,1.0,0.9999999999993219,1.0,,,,69,31,0.13277661795407097,0,attention_unet
0.0,0.0,0.0,147456.0,0.0,0.0,1,1.0,1.0,1.0,1.0,0.9999999999993219,1.0,,,,69,32,0.13277661795407097,0,attention_unet
0.0,636.0,0.0,146820.0,0.0,636.0,1,0.0,0.0,0.0,1.0,0.9956868489576581,0.0,,,,69,33,0.13277661795407097,0,attention_unet
0.0,0.0,0.0,147456.0,0.0,0.0,1,1.0,1.0,1.0,1.0,0.9999999999993219,1.0,,,,69,34,0.13277661795407097,0,attention_unet
0.0,0.0,0.0,147456.0,0.0,0.0,1,1.0,1.0,1.0,1.0,0.9999999999993219,1.0,,,,69,35,0.13277661795407097,0,attention_unet
0.0,0.0,0.0,147456.0,0.0,0.0,1,1.0,1.0,1.0,1.0,0.9999999999993219,1.0,,,,69,36,0.13277661795407097,0,attention_unet
0.0,0.0,0.0,147456.0,0.0,0.0,1,1.0,1.0,1.0,1.0,0.9999999999993219,1.0,,,,69,37,0.13277661795407097,0,attention_unet
0.0,0.0,0.0,147456.0,0.0,0.0,1,1.0,1.0,1.0,1.0,0.9999999999993219,1.0,,,,69,38,0.13277661795407097,0,attention_unet
0.0,0.0,0.0,147456.0,0.0,0.0,1,1.0,1.0,1.0,1.0,0.9999999999993219,1.0,,,,69,39,0.13277661795407097,0,attention_unet
0.0,0.0,0.0,147456.0,0.0,0.0,1,1.0,1.0,1.0,1.0,0.9999999999993219,1.0,,,,73,0,0.0,0,attention_unet
0.0,0.0,0.0,147456.0,0.0,0.0,1,1.0,1.0,1.0,1.0,0.9999999999993219,1.0,,,,73,1,0.0,0,attention_unet
0.0,0.0,0.0,147456.0,0.0,0.0,1,1.0,1.0,1.0,1.0,0.9999999999993219,1.0,,,,73,2,0.0,0,attention_unet
0.0,0.0,0.0,147456.0,0.0,0.0,1,1.0,1.0,1.0,1.0,0.9999999999993219,1.0,,,,73,3,0.0,0,attention_unet
0.0,0.0,0.0,147456.0,0.0,0.0,1,1.0,1.0,1.0,1.0,0.9999999999993219,1.0,,,,73,4,0.0,0,attention_unet
0.0,0.0,0.0,147456.0,0.0,0.0,1,1.0,1.0,1.0,1.0,0.9999999999993219,1.0,,,,73,5,0.0,0,attention_unet
0.0,0.0,0.0,147456.0,0.0,0.0,1,1.0,1.0,1.0,1.0,0.9999999999993219,1.0,,,,73,6,0.0,0,attention_unet
0.0,0.0,0.0,147456.0,0.0,0.0,1,1.0,1.0,1.0,1.0,0.9999999999993219,1.0,,,,73,7,0.0,0,attention_unet
0.0,0.0,0.0,147456.0,0.0,0.0,1,1.0,1.0,1.0,1.0,0.9999999999993219,1.0,,,,73,8,0.0,0,attention_unet
0.0,0.0,0.0,147456.0,0.0,0.0,1,1.0,1.0,1.0,1.0,0.9999999999993219,1.0,,,,73,9,0.0,0,attention_unet
0.0,0.0,0.0,147456.0,0.0,0.0,1,1.0,1.0,1.0,1.0,0.9999999999993219,1.0,,,,73,10,0.0,0,attention_unet
0.0,0.0,0.0,147456.0,0.0,0.0,1,1.0,1.0,1.0,1.0,0.9999999999993219,1.0,,,,73,11,0.0,0,attention_unet
0.0,0.0,0.0,147456.0,0.0,0.0,1,1.0,1.0,1.0,1.0,0.9999999999993219,1.0,,,,73,12,0.0,0,attention_unet
0.0,0.0,0.0,147456.0,0.0,0.0,1,1.0,1.0,1.0,1.0,0.9999999999993219,1.0,,,,73,13,0.0,0,attention_unet
0.0,0.0,0.0,147456.0,0.0,0.0,1,1.0,1.0,1.0,1.0,0.9999999999993219,1.0,,,,73,14,0.0,0,attention_unet
0.0,0.0,0.0,147456.0,0.0,0.0,1,1.0,1.0,1.0,1.0,0.9999999999993219,1.0,,,,73,15,0.0,0,attention_unet
0.0,0.0,0.0,147456.0,0.0,0.0,1,1.0,1.0,1.0,1.0,0.9999999999993219,1.0,,,,73,16,0.0,0,attention_unet
0.0,0.0,0.0,147456.0,0.0,0.0,1,1.0,1.0,1.0,1.0,0.9999999999993219,1.0,,,,73,17,0.0,0,attention_unet
0.0,0.0,0.0,147456.0,0.0,0.0,1,1.0,1.0,1.0,1.0,0.9999999999993219,1.0,,,,73,18,0.0,0,attention_unet
0.0,0.0,0.0,147456.0,0.0,0.0,1,1.0,1.0,1.0,1.0,0.9999999999993219,1.0,,,,73,19,0.0,0,attention_unet
0.0,0.0,0.0,147456.0,0.0,0.0,1,1.0,1.0,1.0,1.0,0.9999999999993219,1.0,,,,73,20,0.0,0,attention_unet
0.0,0.0,0.0,147456.0,0.0,0.0,1,1.0,1.0,1.0,1.0,0.9999999999993219,1.0,,,,73,21,0.0,0,attention_unet
0.0,0.0,0.0,147456.0,0.0,0.0,1,1.0,1.0,1.0,1.0,0.9999999999993219,1.0,,,,73,22,0.0,0,attention_unet
0.0,0.0,0.0,147456.0,0.0,0.0,1,1.0,1.0,1.0,1.0,0.9999999999993219,1.0,,,,73,23,0.0,0,attention_unet
0.0,0.0,0.0,147456.0,0.0,0.0,1,1.0,1.0,1.0,1.0,0.9999999999993219,1.0,,,,73,24,0.0,0,attention_unet
0.0,0.0,427.0,147029.0,427.0,0.0,0,0.0,0.0,0.0,0.0,0.9999999999993199,2.3419211014896746e-10,,,,73,25,0.0,0,attention_unet
0.0,0.0,462.0,146994.0,462.0,0.0,0,0.0,0.0,0.0,0.0,0.9999999999993197,2.164503021262476e-10,,,,73,26,0.0,0,attention_unet
0.0,0.0,729.0,146727.0,729.0,0.0,0,0.0,0.0,0.0,0.0,0.9999999999993184,1.3717416091907353e-10,,,,73,27,0.0,0,attention_unet
0.0,0.0,604.0,146852.0,604.0,0.0,0,0.0,0.0,0.0,0.0,0.999999999999319,1.6556289672564617e-10,,,,73,28,0.0,0,attention_unet
0.0,0.0,408.0,147048.0,408.0,0.0,0,0.0,0.0,0.0,0.0,0.99999999999932,2.450980529644653e-10,,,,73,29,0.0,0,attention_unet
0.0,0.0,253.0,147203.0,253.0,0.0,0,0.0,0.0,0.0,0.0,0.9999999999993207,3.952569382903448e-10,,,,73,30,0.0,0,attention_unet
0.0,0.0,0.0,147456.0,0.0,0.0,1,1.0,1.0,1.0,1.0,0.9999999999993219,1.0,,,,73,31,0.0,0,attention_unet
0.0,0.0,0.0,147456.0,0.0,0.0,1,1.0,1.0,1.0,1.0,0.9999999999993219,1.0,,,,73,32,0.0,0,attention_unet
0.0,0.0,0.0,147456.0,0.0,0.0,1,1.0,1.0,1.0,1.0,0.9999999999993219,1.0,,,,73,33,0.0,0,attention_unet
0.0,0.0,0.0,147456.0,0.0,0.0,1,1.0,1.0,1.0,1.0,0.9999999999993219,1.0,,,,73,34,0.0,0,attention_unet
0.0,0.0,0.0,147456.0,0.0,0.0,1,1.0,1.0,1.0,1.0,0.9999999999993219,1.0,,,,73,35,0.0,0,attention_unet
0.0,0.0,0.0,147456.0,0.0,0.0,1,1.0,1.0,1.0,1.0,0.9999999999993219,1.0,,,,73,36,0.0,0,attention_unet
0.0,0.0,0.0,147456.0,0.0,0.0,1,1.0,1.0,1.0,1.0,0.9999999999993219,1.0,,,,74,0,0.3002630590003758,0,attention_unet
0.0,0.0,0.0,147456.0,0.0,0.0,1,1.0,1.0,1.0,1.0,0.9999999999993219,1.0,,,,74,1,0.3002630590003758,0,attention_unet
0.0,0.0,0.0,147456.0,0.0,0.0,1,1.0,1.0,1.0,1.0,0.9999999999993219,1.0,,,,74,2,0.3002630590003758,0,attention_unet
0.0,0.0,0.0,147456.0,0.0,0.0,1,1.0,1.0,1.0,1.0,0.9999999999993219,1.0,,,,74,3,0.3002630590003758,0,attention_unet
0.0,0.0,0.0,147456.0,0.0,0.0,1,1.0,1.0,1.0,1.0,0.9999999999993219,1.0,,,,74,4,0.3002630590003758,0,attention_unet
0.0,0.0,0.0,147456.0,0.0,0.0,1,1.0,1.0,1.0,1.0,0.9999999999993219,1.0,,,,74,5,0.3002630590003758,0,attention_unet
0.0,0.0,0.0,147456.0,0.0,0.0,1,1.0,1.0,1.0,1.0,0.9999999999993219,1.0,,,,74,6,0.3002630590003758,0,attention_unet
0.0,0.0,0.0,147456.0,0.0,0.0,1,1.0,1.0,1.0,1.0,0.9999999999993219,1.0,,,,74,7,0.3002630590003758,0,attention_unet
0.0,0.0,0.0,147456.0,0.0,0.0,1,1.0,1.0,1.0,1.0,0.9999999999993219,1.0,,,,74,8,0.3002630590003758,0,attention_unet
0.0,0.0,0.0,147456.0,0.0,0.0,1,1.0,1.0,1.0,1.0,0.9999999999993219,1.0,,,,74,9,0.3002630590003758,0,attention_unet
0.0,0.0,0.0,147456.0,0.0,0.0,1,1.0,1.0,1.0,1.0,0.9999999999993219,1.0,,,,74,10,0.3002630590003758,0,attention_unet
0.0,0.0,146.0,147310.0,146.0,0.0,0,0.0,0.0,0.0,0.0,0.9999999999993212,6.849314448942323e-10,,,,74,11,0.3002630590003758,0,attention_unet
0.0,0.0,123.0,147333.0,123.0,0.0,0,0.0,0.0,0.0,0.0,0.9999999999993212,8.130081052826199e-10,,,,74,12,0.3002630590003758,0,attention_unet
194.0,28.0,745.0,146489.0,939.0,222.0,0,0.33419465974727003,0.20062047567728847,0.873873873480237,0.20660276888108597,0.9998088958953569,0.38242894062166854,36.1741696416423,10.27349079100019,0.5238095238095238,74,13,0.3002630590003758,0,attention_unet
185.0,220.0,558.0,146493.0,743.0,405.0,0,0.32229965153986934,0.1921079958263647,0.45679012334400243,0.24899057870134716,0.9985004737133052,0.7055749129176329,18.448711046628205,6.5932471860729605,0.43820224719101125,74,14,0.3002630590003758,0,attention_unet
34.0,18.0,590.0,146814.0,624.0,52.0,0,0.10059171596145093,0.05295950154938326,0.6538461525887573,0.05448717947844757,0.9998774109179199,0.1538461539713245,33.13768512732116,12.765483988119241,0.21052631578947367,74,15,0.3002630590003758,0,attention_unet
0.0,0.0,0.0,147456.0,0.0,0.0,1,1.0,1.0,1.0,1.0,0.9999999999993219,1.0,,,,74,16,0.3002630590003758,0,attention_unet
0.0,0.0,126.0,147330.0,126.0,0.0,0,0.0,0.0,0.0,0.0,0.9999999999993212,7.936507007144655e-10,,,,74,17,0.3002630590003758,0,attention_unet
0.0,0.0,268.0,147188.0,268.0,0.0,0,0.0,0.0,0.0,0.0,0.9999999999993205,3.73134412257059e-10,,,,74,18,0.3002630590003758,0,attention_unet
133.0,23.0,185.0,147115.0,318.0,156.0,0,0.5611814344807634,0.39002932539881835,0.8525641020175871,0.4182389935791701,0.9998436841597684,0.6582278481733697,17.03286840839263,3.6228905997661554,0.6530612244897959,74,19,0.3002630590003758,0,attention_unet
91.0,2.0,122.0,147241.0,213.0,93.0,0,0.5947712416356956,0.4232558137566252,0.9784946226037693,0.4272300467477793,0.9999864170106558,0.6078431373830578,6.888420770281584,1.6365447992564401,0.7551020408163265,74,20,0.3002630590003758,0,attention_unet
70.0,0.0,170.0,147216.0,240.0,70.0,0,0.45161290308012486,0.2916666665451389,0.9999999985714286,0.2916666665451389,0.9999999999993208,0.45161290340270555,7.920523936300691,2.4954260107328996,0.6216216216216216,74,21,0.3002630590003758,0,attention_unet
0.0,0.0,152.0,147304.0,152.0,0.0,0,0.0,0.0,0.0,0.0,0.9999999999993211,6.578947386870482e-10,,,,74,22,0.3002630590003758,0,attention_unet
92.0,11.0,72.0,147281.0,164.0,103.0,0,0.6891385765209218,0.5257142854138775,0.8932038826279575,0.5609756094140392,0.9999253184144421,0.7715355806099118,6.155621980077333,1.4723281577533522,0.7542372881355932,74,23,0.3002630590003758,0,attention_unet
0.0,0.0,165.0,147291.0,165.0,0.0,0,0.0,0.0,0.0,0.0,0.9999999999993211,6.060605350910464e-10,,,,74,24,0.3002630590003758,0,attention_unet
0.0,0.0,0.0,147456.0,0.0,0.0,1,1.0,1.0,1.0,1.0,0.9999999999993219,1.0,,,,74,25,0.3002630590003758,0,attention_unet
0.0,0.0,0.0,147456.0,0.0,0.0,1,1.0,1.0,1.0,1.0,0.9999999999993219,1.0,,,,74,26,0.3002630590003758,0,attention_unet
0.0,0.0,0.0,147456.0,0.0,0.0,1,1.0,1.0,1.0,1.0,0.9999999999993219,1.0,,,,74,27,0.3002630590003758,0,attention_unet
0.0,0.0,0.0,147456.0,0.0,0.0,1,1.0,1.0,1.0,1.0,0.9999999999993219,1.0,,,,74,28,0.3002630590003758,0,attention_unet
0.0,0.0,0.0,147456.0,0.0,0.0,1,1.0,1.0,1.0,1.0,0.9999999999993219,1.0,,,,74,29,0.3002630590003758,0,attention_unet
0.0,0.0,0.0,147456.0,0.0,0.0,1,1.0,1.0,1.0,1.0,0.9999999999993219,1.0,,,,74,30,0.3002630590003758,0,attention_unet
0.0,0.0,0.0,147456.0,0.0,0.0,1,1.0,1.0,1.0,1.0,0.9999999999993219,1.0,,,,74,31,0.3002630590003758,0,attention_unet
0.0,0.0,0.0,147456.0,0.0,0.0,1,1.0,1.0,1.0,1.0,0.9999999999993219,1.0,,,,74,32,0.3002630590003758,0,attention_unet
0.0,0.0,0.0,147456.0,0.0,0.0,1,1.0,1.0,1.0,1.0,0.9999999999993219,1.0,,,,74,33,0.3002630590003758,0,attention_unet
0.0,0.0,0.0,147456.0,0.0,0.0,1,1.0,1.0,1.0,1.0,0.9999999999993219,1.0,,,,74,34,0.3002630590003758,0,attention_unet
0.0,0.0,0.0,147456.0,0.0,0.0,1,1.0,1.0,1.0,1.0,0.9999999999993219,1.0,,,,74,35,0.3002630590003758,0,attention_unet
0.0,0.0,0.0,147456.0,0.0,0.0,1,1.0,1.0,1.0,1.0,0.9999999999993219,1.0,,,,74,36,0.3002630590003758,0,attention_unet
0.0,0.0,0.0,147456.0,0.0,0.0,1,1.0,1.0,1.0,1.0,0.9999999999993219,1.0,,,,74,37,0.3002630590003758,0,attention_unet
0.0,0.0,0.0,147456.0,0.0,0.0,1,1.0,1.0,1.0,1.0,0.9999999999993219,1.0,,,,74,38,0.3002630590003758,0,attention_unet
0.0,0.0,0.0,147456.0,0.0,0.0,1,1.0,1.0,1.0,1.0,0.9999999999993219,1.0,,,,75,0,0.86520629218925,0,attention_unet
0.0,0.0,0.0,147456.0,0.0,0.0,1,1.0,1.0,1.0,1.0,0.9999999999993219,1.0,,,,75,1,0.86520629218925,0,attention_unet
0.0,0.0,0.0,147456.0,0.0,0.0,1,1.0,1.0,1.0,1.0,0.9999999999993219,1.0,,,,75,2,0.86520629218925,0,attention_unet
0.0,0.0,0.0,147456.0,0.0,0.0,1,1.0,1.0,1.0,1.0,0.9999999999993219,1.0,,,,75,3,0.86520629218925,0,attention_unet
0.0,0.0,0.0,147456.0,0.0,0.0,1,1.0,1.0,1.0,1.0,0.9999999999993219,1.0,,,,75,4,0.86520629218925,0,attention_unet
0.0,0.0,0.0,147456.0,0.0,0.0,1,1.0,1.0,1.0,1.0,0.9999999999993219,1.0,,,,75,5,0.86520629218925,0,attention_unet
0.0,0.0,0.0,147456.0,0.0,0.0,1,1.0,1.0,1.0,1.0,0.9999999999993219,1.0,,,,75,6,0.86520629218925,0,attention_unet
0.0,0.0,0.0,147456.0,0.0,0.0,1,1.0,1.0,1.0,1.0,0.9999999999993219,1.0,,,,75,7,0.86520629218925,0,attention_unet
0.0,0.0,0.0,147456.0,0.0,0.0,1,1.0,1.0,1.0,1.0,0.9999999999993219,1.0,,,,75,8,0.86520629218925,0,attention_unet
0.0,0.0,0.0,147456.0,0.0,0.0,1,1.0,1.0,1.0,1.0,0.9999999999993219,1.0,,,,75,9,0.86520629218925,0,attention_unet
0.0,0.0,0.0,147456.0,0.0,0.0,1,1.0,1.0,1.0,1.0,0.9999999999993219,1.0,,,,75,10,0.86520629218925,0,attention_unet
0.0,0.0,0.0,147456.0,0.0,0.0,1,1.0,1.0,1.0,1.0,0.9999999999993219,1.0,,,,75,11,0.86520629218925,0,attention_unet
0.0,0.0,0.0,147456.0,0.0,0.0,1,1.0,1.0,1.0,1.0,0.9999999999993219,1.0,,,,75,12,0.86520629218925,0,attention_unet
0.0,0.0,0.0,147456.0,0.0,0.0,1,1.0,1.0,1.0,1.0,0.9999999999993219,1.0,,,,75,13,0.86520629218925,0,attention_unet
0.0,0.0,0.0,147456.0,0.0,0.0,1,1.0,1.0,1.0,1.0,0.9999999999993219,1.0,,,,75,14,0.86520629218925,0,attention_unet
0.0,184.0,271.0,147001.0,271.0,184.0,0,0.0,0.0,0.0,0.0,0.9987498726086227,0.8087912088332327,84.8352553024801,80.51960099128999,0.0,75,15,0.86520629218925,0,attention_unet
0.0,0.0,568.0,146888.0,568.0,0.0,0,0.0,0.0,0.0,0.0,0.9999999999993192,1.760562806651933e-10,,,,75,16,0.86520629218925,0,attention_unet
699.0,1.0,795.0,145961.0,1494.0,700.0,0,0.6371923427239202,0.46755852839681883,0.9985714284287756,0.46787148591245836,0.9999931489010838,0.6381039197977163,7.1477060358314155,2.6160230469304007,0.39649122807017545,75,17,0.86520629218925,0,attention_unet
1887.0,23.0,452.0,145094.0,2339.0,1910.0,0,0.8882089903297669,0.7988992379001313,0.9879581151315204,0.806755023479831,0.9998415071969515,0.899035067076982,4.950486384888133,1.302235205719696,0.8509485094850948,75,18,0.86520629218925,0,attention_unet
2474.0,174.0,615.0,144193.0,3089.0,2648.0,0,0.8624716750764778,0.7581979772982471,0.9342900301761976,0.8009064421883811,0.9987947384090555,0.9231305560410819,7.881638215183911,1.9453398769140873,0.7073732718894009,75,19,0.86520629218925,0,attention_unet
3663.0,216.0,519.0,143058.0,4182.0,3879.0,0,0.9088202456158191,0.8328785811543229,0.9443155452192752,0.8758967001225276,0.9984923991784982,0.962411611463064,7.426989625118007,1.4389114014203028,0.8128440366972477,75,20,0.86520629218925,0,attention_unet
4434.0,275.0,296.0,142451.0,4730.0,4709.0,0,0.939506303623906,0.8859140858963853,0.9416011891921512,0.9374207187962491,0.9980732312255665,0.9977751880496051,2.946278142552352,0.9604256888764822,0.916083916083916,75,21,0.86520629218925,0,attention_unet
4530.0,297.0,758.0,141871.0,5288.0,4827.0,0,0.8956994562442342,0.8111011638171692,0.9384711000427083,0.8566565809217728,0.9979109222884208,0.9544241225906631,89.8358194332173,5.615748191138114,0.6742770167427702,75,22,0.86520629218925,0,attention_unet
4557.0,164.0,1038.0,141697.0,5595.0,4721.0,0,0.883481969747155,0.7912832088766925,0.9652615970988083,0.8144772117816894,0.9988439387844448,0.9152772392408368,10.492414428132514,2.400770490213481,0.6869436201780416,75,23,0.86520629218925,0,attention_unet
4533.0,75.0,887.0,141961.0,5420.0,4608.0,0,0.9040686078888704,0.8249317561269348,0.9837239583119852,0.836346863453204,0.999471964853277,0.9190267251703328,5.176845177893207,1.4589672263936928,0.7204472843450479,75,24,0.86520629218925,0,attention_unet
4043.0,67.0,621.0,142725.0,4664.0,4110.0,0,0.9215865055741783,0.8545761995169188,0.9836982968130488,0.86685248711692,0.9995307860377335,0.936858901300013,4.122193777208071,1.0180352992203625,0.8343848580441641,75,25,0.86520629218925,0,attention_unet
3779.0,45.0,1579.0,142053.0,5358.0,3824.0,0,0.8231322151946946,0.699426244665937,0.9882322175473789,0.705300485242529,0.9996833171466173,0.8329340013087243,9.950506482159328,2.4899204451177708,0.5879478827361564,75,26,0.86520629218925,0,attention_unet
3600.0,63.0,941.0,142852.0,4541.0,3663.0,0,0.8776206728318183,0.7819287575851015,0.9828009827741524,0.7927769213654972,0.9995591785319948,0.8929790346185644,6.339939080034134,1.834769786298093,0.6473509933774835,75,27,0.86520629218925,0,attention_unet
2945.0,64.0,716.0,143731.0,3661.0,3009.0,0,0.8830584707513784,0.7906040268244133,0.9787304752084172,0.8044250204642331,0.9995549219367853,0.9022488755636844,7.298168521944022,1.5850328239697458,0.710172744721689,75,28,0.86520629218925,0,attention_unet
1730.0,92.0,693.0,144941.0,2423.0,1822.0,0,0.8150765606403987,0.6878727633921323,0.9495060372695111,0.7139909203172105,0.9993656616073587,0.8584216725592834,9.038220600196043,2.082367034470973,0.7018779342723005,75,29,0.86520629218925,0,attention_unet
0.0,0.0,870.0,146586.0,870.0,0.0,0,0.0,0.0,0.0,0.0,0.9999999999993178,1.1494249996246708e-10,,,,75,30,0.86520629218925,0,attention_unet
0.0,0.0,0.0,147456.0,0.0,0.0,1,1.0,1.0,1.0,1.0,0.9999999999993219,1.0,,,,75,31,0.86520629218925,0,attention_unet
0.0,0.0,0.0,147456.0,0.0,0.0,1,1.0,1.0,1.0,1.0,0.9999999999993219,1.0,,,,75,32,0.86520629218925,0,attention_unet
0.0,0.0,0.0,147456.0,0.0,0.0,1,1.0,1.0,1.0,1.0,0.9999999999993219,1.0,,,,75,33,0.86520629218925,0,attention_unet
0.0,0.0,0.0,147456.0,0.0,0.0,1,1.0,1.0,1.0,1.0,0.9999999999993219,1.0,,,,75,34,0.86520629218925,0,attention_unet
0.0,0.0,0.0,147456.0,0.0,0.0,1,1.0,1.0,1.0,1.0,0.9999999999993219,1.0,,,,75,35,0.86520629218925,0,attention_unet
0.0,0.0,0.0,147456.0,0.0,0.0,1,1.0,1.0,1.0,1.0,0.9999999999993219,1.0,,,,76,0,0.0678003412030158,0,attention_unet
0.0,0.0,0.0,147456.0,0.0,0.0,1,1.0,1.0,1.0,1.0,0.9999999999993219,1.0,,,,76,1,0.0678003412030158,0,attention_unet
0.0,0.0,0.0,147456.0,0.0,0.0,1,1.0,1.0,1.0,1.0,0.9999999999993219,1.0,,,,76,2,0.0678003412030158,0,attention_unet
0.0,0.0,0.0,147456.0,0.0,0.0,1,1.0,1.0,1.0,1.0,0.9999999999993219,1.0,,,,76,3,0.0678003412030158,0,attention_unet
0.0,0.0,0.0,147456.0,0.0,0.0,1,1.0,1.0,1.0,1.0,0.9999999999993219,1.0,,,,76,4,0.0678003412030158,0,attention_unet
0.0,0.0,0.0,147456.0,0.0,0.0,1,1.0,1.0,1.0,1.0,0.9999999999993219,1.0,,,,76,5,0.0678003412030158,0,attention_unet
0.0,0.0,0.0,147456.0,0.0,0.0,1,1.0,1.0,1.0,1.0,0.9999999999993219,1.0,,,,76,6,0.0678003412030158,0,attention_unet
0.0,0.0,0.0,147456.0,0.0,0.0,1,1.0,1.0,1.0,1.0,0.9999999999993219,1.0,,,,76,7,0.0678003412030158,0,attention_unet
0.0,0.0,0.0,147456.0,0.0,0.0,1,1.0,1.0,1.0,1.0,0.9999999999993219,1.0,,,,76,8,0.0678003412030158,0,attention_unet
0.0,0.0,0.0,147456.0,0.0,0.0,1,1.0,1.0,1.0,1.0,0.9999999999993219,1.0,,,,76,9,0.0678003412030158,0,attention_unet
0.0,0.0,0.0,147456.0,0.0,0.0,1,1.0,1.0,1.0,1.0,0.9999999999993219,1.0,,,,76,10,0.0678003412030158,0,attention_unet
0.0,0.0,0.0,147456.0,0.0,0.0,1,1.0,1.0,1.0,1.0,0.9999999999993219,1.0,,,,76,11,0.0678003412030158,0,attention_unet
0.0,0.0,0.0,147456.0,0.0,0.0,1,1.0,1.0,1.0,1.0,0.9999999999993219,1.0,,,,76,12,0.0678003412030158,0,attention_unet
0.0,0.0,0.0,147456.0,0.0,0.0,1,1.0,1.0,1.0,1.0,0.9999999999993219,1.0,,,,76,13,0.0678003412030158,0,attention_unet
0.0,0.0,0.0,147456.0,0.0,0.0,1,1.0,1.0,1.0,1.0,0.9999999999993219,1.0,,,,76,14,0.0678003412030158,0,attention_unet
0.0,0.0,0.0,147456.0,0.0,0.0,1,1.0,1.0,1.0,1.0,0.9999999999993219,1.0,,,,76,15,0.0678003412030158,0,attention_unet
0.0,0.0,0.0,147456.0,0.0,0.0,1,1.0,1.0,1.0,1.0,0.9999999999993219,1.0,,,,76,16,0.0678003412030158,0,attention_unet
0.0,0.0,0.0,147456.0,0.0,0.0,1,1.0,1.0,1.0,1.0,0.9999999999993219,1.0,,,,76,17,0.0678003412030158,0,attention_unet
0.0,0.0,0.0,147456.0,0.0,0.0,1,1.0,1.0,1.0,1.0,0.9999999999993219,1.0,,,,76,18,0.0678003412030158,0,attention_unet
0.0,0.0,0.0,147456.0,0.0,0.0,1,1.0,1.0,1.0,1.0,0.9999999999993219,1.0,,,,76,19,0.0678003412030158,0,attention_unet
0.0,0.0,0.0,147456.0,0.0,0.0,1,1.0,1.0,1.0,1.0,0.9999999999993219,1.0,,,,76,20,0.0678003412030158,0,attention_unet
0.0,0.0,0.0,147456.0,0.0,0.0,1,1.0,1.0,1.0,1.0,0.9999999999993219,1.0,,,,76,21,0.0678003412030158,0,attention_unet
0.0,0.0,0.0,147456.0,0.0,0.0,1,1.0,1.0,1.0,1.0,0.9999999999993219,1.0,,,,76,22,0.0678003412030158,0,attention_unet
0.0,0.0,0.0,147456.0,0.0,0.0,1,1.0,1.0,1.0,1.0,0.9999999999993219,1.0,,,,76,23,0.0678003412030158,0,attention_unet
0.0,0.0,0.0,147456.0,0.0,0.0,1,1.0,1.0,1.0,1.0,0.9999999999993219,1.0,,,,76,24,0.0678003412030158,0,attention_unet
0.0,0.0,0.0,147456.0,0.0,0.0,1,1.0,1.0,1.0,1.0,0.9999999999993219,1.0,,,,76,25,0.0678003412030158,0,attention_unet
0.0,0.0,0.0,147456.0,0.0,0.0,1,1.0,1.0,1.0,1.0,0.9999999999993219,1.0,,,,76,26,0.0678003412030158,0,attention_unet
0.0,0.0,264.0,147192.0,264.0,0.0,0,0.0,0.0,0.0,0.0,0.9999999999993207,3.787880009653577e-10,,,,76,27,0.0678003412030158,0,attention_unet
0.0,742.0,0.0,146714.0,0.0,742.0,1,0.0,0.0,0.0,1.0,0.9949679904507142,0.0,,,,76,28,0.0678003412030158,0,attention_unet
0.0,735.0,169.0,146552.0,169.0,735.0,0,0.0,0.0,0.0,0.0,0.9950097428822673,0.37389380537899397,119.96488966721287,114.13269409206379,0.0,76,29,0.0678003412030158,0,attention_unet
90.0,706.0,170.0,146490.0,260.0,796.0,0,0.1704545454384039,0.09316770185370934,0.11306532661896165,0.34615384602071003,0.9952036740122047,0.4924242424723083,116.81563497606193,26.367427075219982,0.2054794520547945,76,30,0.0678003412030158,0,attention_unet
161.0,462.0,60.0,146773.0,221.0,623.0,0,0.3815165876325217,0.23572474374293928,0.2584269662506538,0.7285067870006757,0.9968621591326812,0.5236966825208891,25.650895712380628,7.74441584823146,0.3662551440329218,76,31,0.0678003412030158,0,attention_unet
96.0,367.0,268.0,146725.0,364.0,463.0,0,0.23216444979054845,0.13132694936643954,0.20734341248221524,0.2637362636638087,0.997504962879696,0.8802902055767484,25.557630510507572,6.904319758037273,0.3333333333333333,76,32,0.0678003412030158,0,attention_unet
13.0,1017.0,874.0,145552.0,887.0,1030.0,0,0.013562858632573664,0.006827731092078375,0.012621359222075594,0.014656144304999308,0.9930612885391911,0.9254042775208449,126.39837394713938,41.9230995973935,0.0625,76,33,0.0678003412030158,0,attention_unet
138.0,1230.0,1160.0,144928.0,1298.0,1368.0,0,0.1035258814664844,0.05458860759277735,0.10087719297508208,0.10631741139396629,0.9915844497044352,0.9737434358599496,126.29044686056412,43.45517120351858,0.21794871794871795,76,34,0.0678003412030158,0,attention_unet
20.0,842.0,939.0,145655.0,959.0,862.0,0,0.02196595277199528,0.01110494169843948,0.02320185614580025,0.02085505734923305,0.9942524420288509,0.9467325645279114,91.71919034514124,27.724411222359148,0.08208955223880597,76,35,0.0678003412030158,0,attention_unet
98.0,743.0,835.0,145780.0,933.0,841.0,0,0.1104847801516074,0.05847255369579519,0.1165279429112333,0.10503751338638398,0.9949291237546358,0.9481397970716945,105.25755877888106,35.168145629923124,0.17880794701986755,76,36,0.0678003412030158,0,attention_unet
0.0,196.0,1072.0,146188.0,1072.0,196.0,0,0.0,0.0,0.0,0.0,0.9986610558524165,0.30914826503871073,115.72707759576325,63.637366119386805,0.0,76,37,0.0678003412030158,0,attention_unet
0.0,0.0,1101.0,146355.0,1101.0,0.0,0,0.0,0.0,0.0,0.0,0.9999999999993168,9.082656848846682e-11,,,,76,38,0.0678003412030158,0,attention_unet
0.0,0.0,487.0,146969.0,487.0,0.0,0,0.0,0.0,0.0,0.0,0.9999999999993195,2.0533885702889165e-10,,,,76,39,0.0678003412030158,0,attention_unet
0.0,0.0,761.0,146695.0,761.0,0.0,0,0.0,0.0,0.0,0.0,0.9999999999993183,1.3140599719463353e-10,,,,76,40,0.0678003412030158,0,attention_unet
0.0,0.0,583.0,146873.0,583.0,0.0,0,0.0,0.0,0.0,0.0,0.9999999999993191,1.7152657072472266e-10,,,,76,41,0.0678003412030158,0,attention_unet
0.0,0.0,0.0,147456.0,0.0,0.0,1,1.0,1.0,1.0,1.0,0.9999999999993219,1.0,,,,76,42,0.0678003412030158,0,attention_unet
0.0,0.0,0.0,147456.0,0.0,0.0,1,1.0,1.0,1.0,1.0,0.9999999999993219,1.0,,,,76,43,0.0678003412030158,0,attention_unet
0.0,313.0,0.0,147143.0,0.0,313.0,1,0.0,0.0,0.0,1.0,0.9978773328986288,0.0,,,,76,44,0.0678003412030158,0,attention_unet
0.0,843.0,0.0,146613.0,0.0,843.0,1,0.0,0.0,0.0,1.0,0.994283040363909,0.0,,,,76,45,0.0678003412030158,0,attention_unet
0.0,0.0,0.0,147456.0,0.0,0.0,1,1.0,1.0,1.0,1.0,0.9999999999993219,1.0,,,,76,46,0.0678003412030158,0,attention_unet
0.0,0.0,0.0,147456.0,0.0,0.0,1,1.0,1.0,1.0,1.0,0.9999999999993219,1.0,,,,76,47,0.0678003412030158,0,attention_unet
0.0,0.0,0.0,147456.0,0.0,0.0,1,1.0,1.0,1.0,1.0,0.9999999999993219,1.0,,,,76,48,0.0678003412030158,0,attention_unet
0.0,0.0,0.0,147456.0,0.0,0.0,1,1.0,1.0,1.0,1.0,0.9999999999993219,1.0,,,,76,49,0.0678003412030158,0,attention_unet
0.0,0.0,0.0,147456.0,0.0,0.0,1,1.0,1.0,1.0,1.0,0.9999999999993219,1.0,,,,76,50,0.0678003412030158,0,attention_unet
0.0,0.0,0.0,147456.0,0.0,0.0,1,1.0,1.0,1.0,1.0,0.9999999999993219,1.0,,,,80,0,0.11308177597905011,0,attention_unet
0.0,0.0,0.0,147456.0,0.0,0.0,1,1.0,1.0,1.0,1.0,0.9999999999993219,1.0,,,,80,1,0.11308177597905011,0,attention_unet
0.0,0.0,0.0,147456.0,0.0,0.0,1,1.0,1.0,1.0,1.0,0.9999999999993219,1.0,,,,80,2,0.11308177597905011,0,attention_unet
0.0,0.0,0.0,147456.0,0.0,0.0,1,1.0,1.0,1.0,1.0,0.9999999999993219,1.0,,,,80,3,0.11308177597905011,0,attention_unet
0.0,0.0,0.0,147456.0,0.0,0.0,1,1.0,1.0,1.0,1.0,0.9999999999993219,1.0,,,,80,4,0.11308177597905011,0,attention_unet
0.0,0.0,0.0,147456.0,0.0,0.0,1,1.0,1.0,1.0,1.0,0.9999999999993219,1.0,,,,80,5,0.11308177597905011,0,attention_unet
0.0,0.0,0.0,147456.0,0.0,0.0,1,1.0,1.0,1.0,1.0,0.9999999999993219,1.0,,,,80,6,0.11308177597905011,0,attention_unet
0.0,0.0,76.0,147380.0,76.0,0.0,0,0.0,0.0,0.0,0.0,0.9999999999993214,1.3157893663517939e-09,,,,80,7,0.11308177597905011,0,attention_unet
0.0,0.0,579.0,146877.0,579.0,0.0,0,0.0,0.0,0.0,0.0,0.9999999999993191,1.727115117589051e-10,,,,80,8,0.11308177597905011,0,attention_unet
0.0,0.0,628.0,146828.0,628.0,0.0,0,0.0,0.0,0.0,0.0,0.9999999999993189,1.5923562468600494e-10,,,,80,9,0.11308177597905011,0,attention_unet
0.0,0.0,0.0,147456.0,0.0,0.0,1,1.0,1.0,1.0,1.0,0.9999999999993219,1.0,,,,80,10,0.11308177597905011,0,attention_unet
0.0,0.0,0.0,147456.0,0.0,0.0,1,1.0,1.0,1.0,1.0,0.9999999999993219,1.0,,,,80,11,0.11308177597905011,0,attention_unet
0.0,0.0,344.0,147112.0,344.0,0.0,0,0.0,0.0,0.0,0.0,0.9999999999993202,2.9069768814338204e-10,,,,80,12,0.11308177597905011,0,attention_unet
114.0,14.0,2207.0,145121.0,2321.0,128.0,0,0.09309922416933038,0.048822269805189625,0.8906249993041992,0.049116760015117764,0.999903538084542,0.10453246226604596,89.3611454600535,44.65224631407814,0.09713024282560706,80,13,0.11308177597905011,0,attention_unet
241.0,6.0,1534.0,145675.0,1775.0,247.0,0,0.23837784370730078,0.1353172374994207,0.9757085016292678,0.13577464787967466,0.9999588141205785,0.2443125618573535,80.67302524892533,35.22915179031606,0.17902813299232737,80,14,0.11308177597905011,0,attention_unet
120.0,8.0,465.0,146863.0,585.0,128.0,0,0.33660589055587575,0.2023608768630083,0.9374999992675782,0.2051282050931405,0.9999455304307863,0.3590462833998532,52.74524184795744,17.930234990940466,0.3037974683544304,80,15,0.11308177597905011,0,attention_unet
0.0,0.0,601.0,146855.0,601.0,0.0,0,0.0,0.0,0.0,0.0,0.9999999999993191,1.6638934674517714e-10,,,,80,16,0.11308177597905011,0,attention_unet
0.0,94.0,371.0,146991.0,371.0,94.0,0,0.0,0.0,0.0,0.0,0.9993609137566717,0.4043010753969245,94.08213945179229,59.58881967367977,0.0,80,17,0.11308177597905011,0,attention_unet
0.0,0.0,263.0,147193.0,263.0,0.0,0,0.0,0.0,0.0,0.0,0.9999999999993207,3.8022818227290145e-10,,,,80,18,0.11308177597905011,0,attention_unet
0.0,49.0,74.0,147333.0,74.0,49.0,0,0.0,0.0,0.0,0.0,0.9996675306339989,0.7967479676449203,63.962130566756706,60.02915407496084,0.0,80,19,0.11308177597905011,0,attention_unet
0.0,96.0,0.0,147360.0,0.0,96.0,1,0.0,0.0,0.0,1.0,0.9993489583326556,0.0,,,,80,20,0.11308177597905011,0,attention_unet
0.0,42.0,0.0,147414.0,0.0,42.0,1,0.0,0.0,0.0,1.0,0.9997151692701554,0.0,,,,80,21,0.11308177597905011,0,attention_unet
0.0,0.0,0.0,147456.0,0.0,0.0,1,1.0,1.0,1.0,1.0,0.9999999999993219,1.0,,,,80,22,0.11308177597905011,0,attention_unet
0.0,0.0,0.0,147456.0,0.0,0.0,1,1.0,1.0,1.0,1.0,0.9999999999993219,1.0,,,,80,23,0.11308177597905011,0,attention_unet
0.0,0.0,0.0,147456.0,0.0,0.0,1,1.0,1.0,1.0,1.0,0.9999999999993219,1.0,,,,80,24,0.11308177597905011,0,attention_unet
0.0,0.0,0.0,147456.0,0.0,0.0,1,1.0,1.0,1.0,1.0,0.9999999999993219,1.0,,,,80,25,0.11308177597905011,0,attention_unet
0.0,0.0,0.0,147456.0,0.0,0.0,1,1.0,1.0,1.0,1.0,0.9999999999993219,1.0,,,,80,26,0.11308177597905011,0,attention_unet
0.0,0.0,0.0,147456.0,0.0,0.0,1,1.0,1.0,1.0,1.0,0.9999999999993219,1.0,,,,80,27,0.11308177597905011,0,attention_unet
0.0,0.0,0.0,147456.0,0.0,0.0,1,1.0,1.0,1.0,1.0,0.9999999999993219,1.0,,,,80,28,0.11308177597905011,0,attention_unet
0.0,0.0,0.0,147456.0,0.0,0.0,1,1.0,1.0,1.0,1.0,0.9999999999993219,1.0,,,,80,29,0.11308177597905011,0,attention_unet
0.0,0.0,0.0,147456.0,0.0,0.0,1,1.0,1.0,1.0,1.0,0.9999999999993219,1.0,,,,80,30,0.11308177597905011,0,attention_unet
0.0,0.0,0.0,147456.0,0.0,0.0,1,1.0,1.0,1.0,1.0,0.9999999999993219,1.0,,,,80,31,0.11308177597905011,0,attention_unet
0.0,0.0,0.0,147456.0,0.0,0.0,1,1.0,1.0,1.0,1.0,0.9999999999993219,1.0,,,,80,32,0.11308177597905011,0,attention_unet
0.0,0.0,0.0,147456.0,0.0,0.0,1,1.0,1.0,1.0,1.0,0.9999999999993219,1.0,,,,98,0,,0,attention_unet
0.0,0.0,0.0,147456.0,0.0,0.0,1,1.0,1.0,1.0,1.0,0.9999999999993219,1.0,,,,98,1,,0,attention_unet
0.0,0.0,0.0,147456.0,0.0,0.0,1,1.0,1.0,1.0,1.0,0.9999999999993219,1.0,,,,98,2,,0,attention_unet
0.0,0.0,0.0,147456.0,0.0,0.0,1,1.0,1.0,1.0,1.0,0.9999999999993219,1.0,,,,98,3,,0,attention_unet
0.0,0.0,0.0,147456.0,0.0,0.0,1,1.0,1.0,1.0,1.0,0.9999999999993219,1.0,,,,98,4,,0,attention_unet
0.0,0.0,0.0,147456.0,0.0,0.0,1,1.0,1.0,1.0,1.0,0.9999999999993219,1.0,,,,98,5,,0,attention_unet
0.0,0.0,0.0,147456.0,0.0,0.0,1,1.0,1.0,1.0,1.0,0.9999999999993219,1.0,,,,98,6,,0,attention_unet
0.0,0.0,0.0,147456.0,0.0,0.0,1,1.0,1.0,1.0,1.0,0.9999999999993219,1.0,,,,98,7,,0,attention_unet
0.0,0.0,0.0,147456.0,0.0,0.0,1,1.0,1.0,1.0,1.0,0.9999999999993219,1.0,,,,98,8,,0,attention_unet
0.0,0.0,0.0,147456.0,0.0,0.0,1,1.0,1.0,1.0,1.0,0.9999999999993219,1.0,,,,98,9,,0,attention_unet
0.0,0.0,0.0,147456.0,0.0,0.0,1,1.0,1.0,1.0,1.0,0.9999999999993219,1.0,,,,98,10,,0,attention_unet
0.0,0.0,0.0,147456.0,0.0,0.0,1,1.0,1.0,1.0,1.0,0.9999999999993219,1.0,,,,98,11,,0,attention_unet
0.0,0.0,0.0,147456.0,0.0,0.0,1,1.0,1.0,1.0,1.0,0.9999999999993219,1.0,,,,98,12,,0,attention_unet
0.0,0.0,0.0,147456.0,0.0,0.0,1,1.0,1.0,1.0,1.0,0.9999999999993219,1.0,,,,98,13,,0,attention_unet
0.0,0.0,0.0,147456.0,0.0,0.0,1,1.0,1.0,1.0,1.0,0.9999999999993219,1.0,,,,98,14,,0,attention_unet
0.0,0.0,0.0,147456.0,0.0,0.0,1,1.0,1.0,1.0,1.0,0.9999999999993219,1.0,,,,98,15,,0,attention_unet
0.0,0.0,0.0,147456.0,0.0,0.0,1,1.0,1.0,1.0,1.0,0.9999999999993219,1.0,,,,98,16,,0,attention_unet
0.0,0.0,0.0,147456.0,0.0,0.0,1,1.0,1.0,1.0,1.0,0.9999999999993219,1.0,,,,98,17,,0,attention_unet
0.0,0.0,0.0,147456.0,0.0,0.0,1,1.0,1.0,1.0,1.0,0.9999999999993219,1.0,,,,98,18,,0,attention_unet
0.0,0.0,0.0,147456.0,0.0,0.0,1,1.0,1.0,1.0,1.0,0.9999999999993219,1.0,,,,98,19,,0,attention_unet
0.0,0.0,0.0,147456.0,0.0,0.0,1,1.0,1.0,1.0,1.0,0.9999999999993219,1.0,,,,98,20,,0,attention_unet
0.0,0.0,0.0,147456.0,0.0,0.0,1,1.0,1.0,1.0,1.0,0.9999999999993219,1.0,,,,98,21,,0,attention_unet
0.0,0.0,0.0,147456.0,0.0,0.0,1,1.0,1.0,1.0,1.0,0.9999999999993219,1.0,,,,98,22,,0,attention_unet
0.0,0.0,0.0,147456.0,0.0,0.0,1,1.0,1.0,1.0,1.0,0.9999999999993219,1.0,,,,98,23,,0,attention_unet
0.0,0.0,0.0,147456.0,0.0,0.0,1,1.0,1.0,1.0,1.0,0.9999999999993219,1.0,,,,98,24,,0,attention_unet
0.0,0.0,0.0,147456.0,0.0,0.0,1,1.0,1.0,1.0,1.0,0.9999999999993219,1.0,,,,98,25,,0,attention_unet
0.0,0.0,0.0,147456.0,0.0,0.0,1,1.0,1.0,1.0,1.0,0.9999999999993219,1.0,,,,98,26,,0,attention_unet
0.0,0.0,0.0,147456.0,0.0,0.0,1,1.0,1.0,1.0,1.0,0.9999999999993219,1.0,,,,98,27,,0,attention_unet
0.0,0.0,0.0,147456.0,0.0,0.0,1,1.0,1.0,1.0,1.0,0.9999999999993219,1.0,,,,98,28,,0,attention_unet
0.0,0.0,0.0,147456.0,0.0,0.0,1,1.0,1.0,1.0,1.0,0.9999999999993219,1.0,,,,98,29,,0,attention_unet
0.0,0.0,0.0,147456.0,0.0,0.0,1,1.0,1.0,1.0,1.0,0.9999999999993219,1.0,,,,98,30,,0,attention_unet
0.0,0.0,0.0,147456.0,0.0,0.0,1,1.0,1.0,1.0,1.0,0.9999999999993219,1.0,,,,98,31,,0,attention_unet
0.0,0.0,0.0,147456.0,0.0,0.0,1,1.0,1.0,1.0,1.0,0.9999999999993219,1.0,,,,98,32,,0,attention_unet
0.0,75.0,0.0,147381.0,0.0,75.0,1,0.0,0.0,0.0,1.0,0.9994913736972388,0.0,,,,98,33,,0,attention_unet
0.0,68.0,0.0,147388.0,0.0,68.0,1,0.0,0.0,0.0,1.0,0.9995388454854333,0.0,,,,98,34,,0,attention_unet
0.0,0.0,0.0,147456.0,0.0,0.0,1,1.0,1.0,1.0,1.0,0.9999999999993219,1.0,,,,98,35,,0,attention_unet
0.0,0.0,0.0,147456.0,0.0,0.0,1,1.0,1.0,1.0,1.0,0.9999999999993219,1.0,,,,98,36,,0,attention_unet
0.0,0.0,0.0,147456.0,0.0,0.0,1,1.0,1.0,1.0,1.0,0.9999999999993219,1.0,,,,98,37,,0,attention_unet
0.0,0.0,0.0,147456.0,0.0,0.0,1,1.0,1.0,1.0,1.0,0.9999999999993219,1.0,,,,98,38,,0,attention_unet
0.0,0.0,0.0,147456.0,0.0,0.0,1,1.0,1.0,1.0,1.0,0.9999999999993219,1.0,,,,98,39,,0,attention_unet
0.0,0.0,0.0,147456.0,0.0,0.0,1,1.0,1.0,1.0,1.0,0.9999999999993219,1.0,,,,98,40,,0,attention_unet
0.0,0.0,0.0,147456.0,0.0,0.0,1,1.0,1.0,1.0,1.0,0.9999999999993219,1.0,,,,98,41,,0,attention_unet
0.0,0.0,0.0,147456.0,0.0,0.0,1,1.0,1.0,1.0,1.0,0.9999999999993219,1.0,,,,98,42,,0,attention_unet
0.0,0.0,0.0,147456.0,0.0,0.0,1,1.0,1.0,1.0,1.0,0.9999999999993219,1.0,,,,98,43,,0,attention_unet
0.0,0.0,0.0,147456.0,0.0,0.0,1,1.0,1.0,1.0,1.0,0.9999999999993219,1.0,,,,98,44,,0,attention_unet
0.0,0.0,0.0,147456.0,0.0,0.0,1,1.0,1.0,1.0,1.0,0.9999999999993219,1.0,,,,98,45,,0,attention_unet
0.0,0.0,0.0,147456.0,0.0,0.0,1,1.0,1.0,1.0,1.0,0.9999999999993219,1.0,,,,98,46,,0,attention_unet
0.0,0.0,0.0,147456.0,0.0,0.0,1,1.0,1.0,1.0,1.0,0.9999999999993219,1.0,,,,98,47,,0,attention_unet
0.0,0.0,0.0,147456.0,0.0,0.0,1,1.0,1.0,1.0,1.0,0.9999999999993219,1.0,,,,104,0,,0,attention_unet
0.0,0.0,0.0,147456.0,0.0,0.0,1,1.0,1.0,1.0,1.0,0.9999999999993219,1.0,,,,104,1,,0,attention_unet
0.0,0.0,0.0,147456.0,0.0,0.0,1,1.0,1.0,1.0,1.0,0.9999999999993219,1.0,,,,104,2,,0,attention_unet
0.0,0.0,0.0,147456.0,0.0,0.0,1,1.0,1.0,1.0,1.0,0.9999999999993219,1.0,,,,104,3,,0,attention_unet
0.0,0.0,0.0,147456.0,0.0,0.0,1,1.0,1.0,1.0,1.0,0.9999999999993219,1.0,,,,104,4,,0,attention_unet
0.0,0.0,0.0,147456.0,0.0,0.0,1,1.0,1.0,1.0,1.0,0.9999999999993219,1.0,,,,104,5,,0,attention_unet
0.0,0.0,0.0,147456.0,0.0,0.0,1,1.0,1.0,1.0,1.0,0.9999999999993219,1.0,,,,104,6,,0,attention_unet
0.0,0.0,0.0,147456.0,0.0,0.0,1,1.0,1.0,1.0,1.0,0.9999999999993219,1.0,,,,104,7,,0,attention_unet
0.0,0.0,0.0,147456.0,0.0,0.0,1,1.0,1.0,1.0,1.0,0.9999999999993219,1.0,,,,104,8,,0,attention_unet
0.0,0.0,0.0,147456.0,0.0,0.0,1,1.0,1.0,1.0,1.0,0.9999999999993219,1.0,,,,104,9,,0,attention_unet
0.0,173.0,0.0,147283.0,0.0,173.0,1,0.0,0.0,0.0,1.0,0.9988267686625171,0.0,,,,104,10,,0,attention_unet
0.0,0.0,0.0,147456.0,0.0,0.0,1,1.0,1.0,1.0,1.0,0.9999999999993219,1.0,,,,104,11,,0,attention_unet
0.0,0.0,0.0,147456.0,0.0,0.0,1,1.0,1.0,1.0,1.0,0.9999999999993219,1.0,,,,104,12,,0,attention_unet
0.0,0.0,0.0,147456.0,0.0,0.0,1,1.0,1.0,1.0,1.0,0.9999999999993219,1.0,,,,104,13,,0,attention_unet
0.0,142.0,0.0,147314.0,0.0,142.0,1,0.0,0.0,0.0,1.0,0.999037000867378,0.0,,,,104,14,,0,attention_unet
0.0,0.0,0.0,147456.0,0.0,0.0,1,1.0,1.0,1.0,1.0,0.9999999999993219,1.0,,,,104,15,,0,attention_unet
0.0,0.0,0.0,147456.0,0.0,0.0,1,1.0,1.0,1.0,1.0,0.9999999999993219,1.0,,,,104,16,,0,attention_unet
0.0,0.0,0.0,147456.0,0.0,0.0,1,1.0,1.0,1.0,1.0,0.9999999999993219,1.0,,,,104,17,,0,attention_unet
0.0,0.0,0.0,147456.0,0.0,0.0,1,1.0,1.0,1.0,1.0,0.9999999999993219,1.0,,,,104,18,,0,attention_unet
0.0,0.0,0.0,147456.0,0.0,0.0,1,1.0,1.0,1.0,1.0,0.9999999999993219,1.0,,,,104,19,,0,attention_unet
0.0,0.0,0.0,147456.0,0.0,0.0,1,1.0,1.0,1.0,1.0,0.9999999999993219,1.0,,,,104,20,,0,attention_unet
0.0,0.0,0.0,147456.0,0.0,0.0,1,1.0,1.0,1.0,1.0,0.9999999999993219,1.0,,,,104,21,,0,attention_unet
0.0,0.0,0.0,147456.0,0.0,0.0,1,1.0,1.0,1.0,1.0,0.9999999999993219,1.0,,,,104,22,,0,attention_unet
0.0,0.0,0.0,147456.0,0.0,0.0,1,1.0,1.0,1.0,1.0,0.9999999999993219,1.0,,,,104,23,,0,attention_unet
0.0,0.0,0.0,147456.0,0.0,0.0,1,1.0,1.0,1.0,1.0,0.9999999999993219,1.0,,,,104,24,,0,attention_unet
0.0,0.0,0.0,147456.0,0.0,0.0,1,1.0,1.0,1.0,1.0,0.9999999999993219,1.0,,,,104,25,,0,attention_unet
0.0,0.0,0.0,147456.0,0.0,0.0,1,1.0,1.0,1.0,1.0,0.9999999999993219,1.0,,,,104,26,,0,attention_unet
0.0,0.0,0.0,147456.0,0.0,0.0,1,1.0,1.0,1.0,1.0,0.9999999999993219,1.0,,,,104,27,,0,attention_unet
0.0,0.0,0.0,147456.0,0.0,0.0,1,1.0,1.0,1.0,1.0,0.9999999999993219,1.0,,,,104,28,,0,attention_unet
0.0,0.0,0.0,147456.0,0.0,0.0,1,1.0,1.0,1.0,1.0,0.9999999999993219,1.0,,,,104,29,,0,attention_unet
0.0,0.0,0.0,147456.0,0.0,0.0,1,1.0,1.0,1.0,1.0,0.9999999999993219,1.0,,,,104,30,,0,attention_unet
0.0,0.0,0.0,147456.0,0.0,0.0,1,1.0,1.0,1.0,1.0,0.9999999999993219,1.0,,,,108,0,,0,attention_unet
0.0,0.0,0.0,147456.0,0.0,0.0,1,1.0,1.0,1.0,1.0,0.9999999999993219,1.0,,,,108,1,,0,attention_unet
0.0,124.0,0.0,147332.0,0.0,124.0,1,0.0,0.0,0.0,1.0,0.9991590711798779,0.0,,,,108,2,,0,attention_unet
0.0,208.0,0.0,147248.0,0.0,208.0,1,0.0,0.0,0.0,1.0,0.998589409721545,0.0,,,,108,3,,0,attention_unet
0.0,0.0,0.0,147456.0,0.0,0.0,1,1.0,1.0,1.0,1.0,0.9999999999993219,1.0,,,,108,4,,0,attention_unet
0.0,0.0,0.0,147456.0,0.0,0.0,1,1.0,1.0,1.0,1.0,0.9999999999993219,1.0,,,,108,5,,0,attention_unet
0.0,0.0,0.0,147456.0,0.0,0.0,1,1.0,1.0,1.0,1.0,0.9999999999993219,1.0,,,,108,6,,0,attention_unet
0.0,0.0,0.0,147456.0,0.0,0.0,1,1.0,1.0,1.0,1.0,0.9999999999993219,1.0,,,,108,7,,0,attention_unet
0.0,0.0,0.0,147456.0,0.0,0.0,1,1.0,1.0,1.0,1.0,0.9999999999993219,1.0,,,,108,8,,0,attention_unet
0.0,0.0,0.0,147456.0,0.0,0.0,1,1.0,1.0,1.0,1.0,0.9999999999993219,1.0,,,,108,9,,0,attention_unet
0.0,0.0,0.0,147456.0,0.0,0.0,1,1.0,1.0,1.0,1.0,0.9999999999993219,1.0,,,,108,10,,0,attention_unet
0.0,0.0,0.0,147456.0,0.0,0.0,1,1.0,1.0,1.0,1.0,0.9999999999993219,1.0,,,,108,11,,0,attention_unet
0.0,0.0,0.0,147456.0,0.0,0.0,1,1.0,1.0,1.0,1.0,0.9999999999993219,1.0,,,,108,12,,0,attention_unet
0.0,0.0,0.0,147456.0,0.0,0.0,1,1.0,1.0,1.0,1.0,0.9999999999993219,1.0,,,,108,13,,0,attention_unet
0.0,0.0,0.0,147456.0,0.0,0.0,1,1.0,1.0,1.0,1.0,0.9999999999993219,1.0,,,,108,14,,0,attention_unet
0.0,0.0,0.0,147456.0,0.0,0.0,1,1.0,1.0,1.0,1.0,0.9999999999993219,1.0,,,,108,15,,0,attention_unet
0.0,0.0,0.0,147456.0,0.0,0.0,1,1.0,1.0,1.0,1.0,0.9999999999993219,1.0,,,,108,16,,0,attention_unet
0.0,0.0,0.0,147456.0,0.0,0.0,1,1.0,1.0,1.0,1.0,0.9999999999993219,1.0,,,,108,17,,0,attention_unet
0.0,0.0,0.0,147456.0,0.0,0.0,1,1.0,1.0,1.0,1.0,0.9999999999993219,1.0,,,,108,18,,0,attention_unet
0.0,125.0,0.0,147331.0,0.0,125.0,1,0.0,0.0,0.0,1.0,0.9991522894958502,0.0,,,,108,19,,0,attention_unet
0.0,0.0,0.0,147456.0,0.0,0.0,1,1.0,1.0,1.0,1.0,0.9999999999993219,1.0,,,,108,20,,0,attention_unet
0.0,0.0,0.0,147456.0,0.0,0.0,1,1.0,1.0,1.0,1.0,0.9999999999993219,1.0,,,,108,21,,0,attention_unet
0.0,0.0,0.0,147456.0,0.0,0.0,1,1.0,1.0,1.0,1.0,0.9999999999993219,1.0,,,,108,22,,0,attention_unet
0.0,0.0,0.0,147456.0,0.0,0.0,1,1.0,1.0,1.0,1.0,0.9999999999993219,1.0,,,,108,23,,0,attention_unet
0.0,0.0,0.0,147456.0,0.0,0.0,1,1.0,1.0,1.0,1.0,0.9999999999993219,1.0,,,,108,24,,0,attention_unet
0.0,0.0,0.0,147456.0,0.0,0.0,1,1.0,1.0,1.0,1.0,0.9999999999993219,1.0,,,,108,25,,0,attention_unet
0.0,0.0,0.0,147456.0,0.0,0.0,1,1.0,1.0,1.0,1.0,0.9999999999993219,1.0,,,,108,26,,0,attention_unet
0.0,0.0,0.0,147456.0,0.0,0.0,1,1.0,1.0,1.0,1.0,0.9999999999993219,1.0,,,,108,27,,0,attention_unet
0.0,0.0,0.0,147456.0,0.0,0.0,1,1.0,1.0,1.0,1.0,0.9999999999993219,1.0,,,,108,28,,0,attention_unet
0.0,0.0,0.0,147456.0,0.0,0.0,1,1.0,1.0,1.0,1.0,0.9999999999993219,1.0,,,,108,29,,0,attention_unet
0.0,0.0,0.0,147456.0,0.0,0.0,1,1.0,1.0,1.0,1.0,0.9999999999993219,1.0,,,,108,30,,0,attention_unet
0.0,0.0,0.0,147456.0,0.0,0.0,1,1.0,1.0,1.0,1.0,0.9999999999993219,1.0,,,,108,31,,0,attention_unet
0.0,0.0,0.0,147456.0,0.0,0.0,1,1.0,1.0,1.0,1.0,0.9999999999993219,1.0,,,,108,32,,0,attention_unet
0.0,0.0,0.0,147456.0,0.0,0.0,1,1.0,1.0,1.0,1.0,0.9999999999993219,1.0,,,,108,33,,0,attention_unet
0.0,0.0,0.0,147456.0,0.0,0.0,1,1.0,1.0,1.0,1.0,0.9999999999993219,1.0,,,,108,34,,0,attention_unet
0.0,0.0,0.0,147456.0,0.0,0.0,1,1.0,1.0,1.0,1.0,0.9999999999993219,1.0,,,,108,35,,0,attention_unet
0.0,0.0,0.0,147456.0,0.0,0.0,1,1.0,1.0,1.0,1.0,0.9999999999993219,1.0,,,,108,36,,0,attention_unet
0.0,0.0,0.0,147456.0,0.0,0.0,1,1.0,1.0,1.0,1.0,0.9999999999993219,1.0,,,,108,37,,0,attention_unet
0.0,0.0,0.0,147456.0,0.0,0.0,1,1.0,1.0,1.0,1.0,0.9999999999993219,1.0,,,,108,38,,0,attention_unet
0.0,57.0,0.0,147399.0,0.0,57.0,1,0.0,0.0,0.0,1.0,0.9996134440097387,0.0,,,,108,39,,0,attention_unet
0.0,78.0,0.0,147378.0,0.0,78.0,1,0.0,0.0,0.0,1.0,0.9994710286451555,0.0,,,,108,40,,0,attention_unet
0.0,0.0,0.0,147456.0,0.0,0.0,1,1.0,1.0,1.0,1.0,0.9999999999993219,1.0,,,,108,41,,0,attention_unet
0.0,0.0,0.0,147456.0,0.0,0.0,1,1.0,1.0,1.0,1.0,0.9999999999993219,1.0,,,,108,42,,0,attention_unet
0.0,41.0,0.0,147415.0,0.0,41.0,1,0.0,0.0,0.0,1.0,0.9997219509541831,0.0,,,,108,43,,0,attention_unet
0.0,0.0,0.0,147456.0,0.0,0.0,1,1.0,1.0,1.0,1.0,0.9999999999993219,1.0,,,,108,44,,0,attention_unet
0.0,0.0,0.0,147456.0,0.0,0.0,1,1.0,1.0,1.0,1.0,0.9999999999993219,1.0,,,,108,45,,0,attention_unet
0.0,0.0,0.0,147456.0,0.0,0.0,1,1.0,1.0,1.0,1.0,0.9999999999993219,1.0,,,,108,46,,0,attention_unet
0.0,0.0,0.0,147456.0,0.0,0.0,1,1.0,1.0,1.0,1.0,0.9999999999993219,1.0,,,,108,47,,0,attention_unet
0.0,0.0,0.0,147456.0,0.0,0.0,1,1.0,1.0,1.0,1.0,0.9999999999993219,1.0,,,,108,48,,0,attention_unet
0.0,0.0,0.0,147456.0,0.0,0.0,1,1.0,1.0,1.0,1.0,0.9999999999993219,1.0,,,,108,49,,0,attention_unet
0.0,0.0,0.0,147456.0,0.0,0.0,1,1.0,1.0,1.0,1.0,0.9999999999993219,1.0,,,,108,50,,0,attention_unet
0.0,0.0,0.0,147456.0,0.0,0.0,1,1.0,1.0,1.0,1.0,0.9999999999993219,1.0,,,,108,51,,0,attention_unet
0.0,0.0,0.0,147456.0,0.0,0.0,1,1.0,1.0,1.0,1.0,0.9999999999993219,1.0,,,,108,52,,0,attention_unet
0.0,0.0,0.0,147456.0,0.0,0.0,1,1.0,1.0,1.0,1.0,0.9999999999993219,1.0,,,,108,53,,0,attention_unet
0.0,0.0,0.0,147456.0,0.0,0.0,1,1.0,1.0,1.0,1.0,0.9999999999993219,1.0,,,,108,54,,0,attention_unet
0.0,0.0,0.0,147456.0,0.0,0.0,1,1.0,1.0,1.0,1.0,0.9999999999993219,1.0,,,,108,55,,0,attention_unet
0.0,0.0,0.0,147456.0,0.0,0.0,1,1.0,1.0,1.0,1.0,0.9999999999993219,1.0,,,,108,56,,0,attention_unet
0.0,0.0,0.0,147456.0,0.0,0.0,1,1.0,1.0,1.0,1.0,0.9999999999993219,1.0,,,,108,57,,0,attention_unet
0.0,0.0,0.0,147456.0,0.0,0.0,1,1.0,1.0,1.0,1.0,0.9999999999993219,1.0,,,,113,0,,0,attention_unet
0.0,0.0,0.0,147456.0,0.0,0.0,1,1.0,1.0,1.0,1.0,0.9999999999993219,1.0,,,,113,1,,0,attention_unet
0.0,0.0,0.0,147456.0,0.0,0.0,1,1.0,1.0,1.0,1.0,0.9999999999993219,1.0,,,,113,2,,0,attention_unet
0.0,0.0,0.0,147456.0,0.0,0.0,1,1.0,1.0,1.0,1.0,0.9999999999993219,1.0,,,,113,3,,0,attention_unet
0.0,0.0,0.0,147456.0,0.0,0.0,1,1.0,1.0,1.0,1.0,0.9999999999993219,1.0,,,,113,4,,0,attention_unet
0.0,0.0,0.0,147456.0,0.0,0.0,1,1.0,1.0,1.0,1.0,0.9999999999993219,1.0,,,,113,5,,0,attention_unet
0.0,0.0,0.0,147456.0,0.0,0.0,1,1.0,1.0,1.0,1.0,0.9999999999993219,1.0,,,,113,6,,0,attention_unet
0.0,0.0,0.0,147456.0,0.0,0.0,1,1.0,1.0,1.0,1.0,0.9999999999993219,1.0,,,,113,7,,0,attention_unet
0.0,0.0,0.0,147456.0,0.0,0.0,1,1.0,1.0,1.0,1.0,0.9999999999993219,1.0,,,,113,8,,0,attention_unet
0.0,0.0,0.0,147456.0,0.0,0.0,1,1.0,1.0,1.0,1.0,0.9999999999993219,1.0,,,,113,9,,0,attention_unet
0.0,0.0,0.0,147456.0,0.0,0.0,1,1.0,1.0,1.0,1.0,0.9999999999993219,1.0,,,,113,10,,0,attention_unet
0.0,0.0,0.0,147456.0,0.0,0.0,1,1.0,1.0,1.0,1.0,0.9999999999993219,1.0,,,,113,11,,0,attention_unet
0.0,0.0,0.0,147456.0,0.0,0.0,1,1.0,1.0,1.0,1.0,0.9999999999993219,1.0,,,,113,12,,0,attention_unet
0.0,0.0,0.0,147456.0,0.0,0.0,1,1.0,1.0,1.0,1.0,0.9999999999993219,1.0,,,,113,13,,0,attention_unet
0.0,0.0,0.0,147456.0,0.0,0.0,1,1.0,1.0,1.0,1.0,0.9999999999993219,1.0,,,,113,14,,0,attention_unet
0.0,0.0,0.0,147456.0,0.0,0.0,1,1.0,1.0,1.0,1.0,0.9999999999993219,1.0,,,,113,15,,0,attention_unet
0.0,0.0,0.0,147456.0,0.0,0.0,1,1.0,1.0,1.0,1.0,0.9999999999993219,1.0,,,,113,16,,0,attention_unet
0.0,79.0,0.0,147377.0,0.0,79.0,1,0.0,0.0,0.0,1.0,0.9994642469611278,0.0,,,,113,17,,0,attention_unet
0.0,80.0,0.0,147376.0,0.0,80.0,1,0.0,0.0,0.0,1.0,0.9994574652771,0.0,,,,113,18,,0,attention_unet
0.0,92.0,0.0,147364.0,0.0,92.0,1,0.0,0.0,0.0,1.0,0.9993760850687667,0.0,,,,113,19,,0,attention_unet
0.0,142.0,0.0,147314.0,0.0,142.0,1,0.0,0.0,0.0,1.0,0.999037000867378,0.0,,,,113,20,,0,attention_unet
0.0,0.0,0.0,147456.0,0.0,0.0,1,1.0,1.0,1.0,1.0,0.9999999999993219,1.0,,,,113,21,,0,attention_unet
0.0,0.0,0.0,147456.0,0.0,0.0,1,1.0,1.0,1.0,1.0,0.9999999999993219,1.0,,,,113,22,,0,attention_unet
0.0,0.0,0.0,147456.0,0.0,0.0,1,1.0,1.0,1.0,1.0,0.9999999999993219,1.0,,,,113,23,,0,attention_unet
0.0,0.0,0.0,147456.0,0.0,0.0,1,1.0,1.0,1.0,1.0,0.9999999999993219,1.0,,,,113,24,,0,attention_unet
0.0,0.0,0.0,147456.0,0.0,0.0,1,1.0,1.0,1.0,1.0,0.9999999999993219,1.0,,,,113,25,,0,attention_unet
0.0,0.0,0.0,147456.0,0.0,0.0,1,1.0,1.0,1.0,1.0,0.9999999999993219,1.0,,,,113,26,,0,attention_unet
0.0,0.0,0.0,147456.0,0.0,0.0,1,1.0,1.0,1.0,1.0,0.9999999999993219,1.0,,,,113,27,,0,attention_unet
0.0,0.0,0.0,147456.0,0.0,0.0,1,1.0,1.0,1.0,1.0,0.9999999999993219,1.0,,,,113,28,,0,attention_unet
0.0,0.0,0.0,147456.0,0.0,0.0,1,1.0,1.0,1.0,1.0,0.9999999999993219,1.0,,,,113,29,,0,attention_unet
0.0,0.0,0.0,147456.0,0.0,0.0,1,1.0,1.0,1.0,1.0,0.9999999999993219,1.0,,,,113,30,,0,attention_unet
0.0,0.0,0.0,147456.0,0.0,0.0,1,1.0,1.0,1.0,1.0,0.9999999999993219,1.0,,,,113,31,,0,attention_unet
0.0,0.0,0.0,147456.0,0.0,0.0,1,1.0,1.0,1.0,1.0,0.9999999999993219,1.0,,,,113,32,,0,attention_unet
0.0,0.0,0.0,147456.0,0.0,0.0,1,1.0,1.0,1.0,1.0,0.9999999999993219,1.0,,,,119,0,,0,attention_unet
0.0,0.0,0.0,147456.0,0.0,0.0,1,1.0,1.0,1.0,1.0,0.9999999999993219,1.0,,,,119,1,,0,attention_unet
0.0,0.0,0.0,147456.0,0.0,0.0,1,1.0,1.0,1.0,1.0,0.9999999999993219,1.0,,,,119,2,,0,attention_unet
0.0,0.0,0.0,147456.0,0.0,0.0,1,1.0,1.0,1.0,1.0,0.9999999999993219,1.0,,,,119,3,,0,attention_unet
0.0,0.0,0.0,147456.0,0.0,0.0,1,1.0,1.0,1.0,1.0,0.9999999999993219,1.0,,,,119,4,,0,attention_unet
0.0,0.0,0.0,147456.0,0.0,0.0,1,1.0,1.0,1.0,1.0,0.9999999999993219,1.0,,,,119,5,,0,attention_unet
0.0,0.0,0.0,147456.0,0.0,0.0,1,1.0,1.0,1.0,1.0,0.9999999999993219,1.0,,,,119,6,,0,attention_unet
0.0,0.0,0.0,147456.0,0.0,0.0,1,1.0,1.0,1.0,1.0,0.9999999999993219,1.0,,,,119,7,,0,attention_unet
0.0,0.0,0.0,147456.0,0.0,0.0,1,1.0,1.0,1.0,1.0,0.9999999999993219,1.0,,,,119,8,,0,attention_unet
0.0,0.0,0.0,147456.0,0.0,0.0,1,1.0,1.0,1.0,1.0,0.9999999999993219,1.0,,,,119,9,,0,attention_unet
0.0,0.0,0.0,147456.0,0.0,0.0,1,1.0,1.0,1.0,1.0,0.9999999999993219,1.0,,,,119,10,,0,attention_unet
0.0,0.0,0.0,147456.0,0.0,0.0,1,1.0,1.0,1.0,1.0,0.9999999999993219,1.0,,,,119,11,,0,attention_unet
0.0,0.0,0.0,147456.0,0.0,0.0,1,1.0,1.0,1.0,1.0,0.9999999999993219,1.0,,,,119,12,,0,attention_unet
0.0,0.0,0.0,147456.0,0.0,0.0,1,1.0,1.0,1.0,1.0,0.9999999999993219,1.0,,,,119,13,,0,attention_unet
0.0,0.0,0.0,147456.0,0.0,0.0,1,1.0,1.0,1.0,1.0,0.9999999999993219,1.0,,,,119,14,,0,attention_unet
0.0,0.0,0.0,147456.0,0.0,0.0,1,1.0,1.0,1.0,1.0,0.9999999999993219,1.0,,,,119,15,,0,attention_unet
0.0,0.0,0.0,147456.0,0.0,0.0,1,1.0,1.0,1.0,1.0,0.9999999999993219,1.0,,,,119,16,,0,attention_unet
0.0,0.0,0.0,147456.0,0.0,0.0,1,1.0,1.0,1.0,1.0,0.9999999999993219,1.0,,,,119,17,,0,attention_unet
0.0,0.0,0.0,147456.0,0.0,0.0,1,1.0,1.0,1.0,1.0,0.9999999999993219,1.0,,,,119,18,,0,attention_unet
0.0,0.0,0.0,147456.0,0.0,0.0,1,1.0,1.0,1.0,1.0,0.9999999999993219,1.0,,,,119,19,,0,attention_unet
0.0,0.0,0.0,147456.0,0.0,0.0,1,1.0,1.0,1.0,1.0,0.9999999999993219,1.0,,,,119,20,,0,attention_unet
0.0,0.0,0.0,147456.0,0.0,0.0,1,1.0,1.0,1.0,1.0,0.9999999999993219,1.0,,,,119,21,,0,attention_unet
0.0,0.0,0.0,147456.0,0.0,0.0,1,1.0,1.0,1.0,1.0,0.9999999999993219,1.0,,,,119,22,,0,attention_unet
0.0,0.0,0.0,147456.0,0.0,0.0,1,1.0,1.0,1.0,1.0,0.9999999999993219,1.0,,,,119,23,,0,attention_unet
0.0,0.0,0.0,147456.0,0.0,0.0,1,1.0,1.0,1.0,1.0,0.9999999999993219,1.0,,,,119,24,,0,attention_unet
0.0,0.0,0.0,147456.0,0.0,0.0,1,1.0,1.0,1.0,1.0,0.9999999999993219,1.0,,,,119,25,,0,attention_unet
0.0,0.0,0.0,147456.0,0.0,0.0,1,1.0,1.0,1.0,1.0,0.9999999999993219,1.0,,,,119,26,,0,attention_unet
0.0,0.0,0.0,147456.0,0.0,0.0,1,1.0,1.0,1.0,1.0,0.9999999999993219,1.0,,,,119,27,,0,attention_unet
0.0,0.0,0.0,147456.0,0.0,0.0,1,1.0,1.0,1.0,1.0,0.9999999999993219,1.0,,,,119,28,,0,attention_unet
0.0,0.0,0.0,147456.0,0.0,0.0,1,1.0,1.0,1.0,1.0,0.9999999999993219,1.0,,,,119,29,,0,attention_unet
0.0,0.0,0.0,147456.0,0.0,0.0,1,1.0,1.0,1.0,1.0,0.9999999999993219,1.0,,,,119,30,,0,attention_unet
0.0,0.0,0.0,147456.0,0.0,0.0,1,1.0,1.0,1.0,1.0,0.9999999999993219,1.0,,,,119,31,,0,attention_unet
0.0,0.0,0.0,147456.0,0.0,0.0,1,1.0,1.0,1.0,1.0,0.9999999999993219,1.0,,,,119,32,,0,attention_unet
0.0,0.0,0.0,147456.0,0.0,0.0,1,1.0,1.0,1.0,1.0,0.9999999999993219,1.0,,,,119,33,,0,attention_unet
0.0,0.0,0.0,147456.0,0.0,0.0,1,1.0,1.0,1.0,1.0,0.9999999999993219,1.0,,,,119,34,,0,attention_unet
0.0,0.0,0.0,147456.0,0.0,0.0,1,1.0,1.0,1.0,1.0,0.9999999999993219,1.0,,,,119,35,,0,attention_unet
0.0,0.0,0.0,147456.0,0.0,0.0,1,1.0,1.0,1.0,1.0,0.9999999999993219,1.0,,,,124,0,,0,attention_unet
0.0,0.0,0.0,147456.0,0.0,0.0,1,1.0,1.0,1.0,1.0,0.9999999999993219,1.0,,,,124,1,,0,attention_unet
0.0,0.0,0.0,147456.0,0.0,0.0,1,1.0,1.0,1.0,1.0,0.9999999999993219,1.0,,,,124,2,,0,attention_unet
0.0,0.0,0.0,147456.0,0.0,0.0,1,1.0,1.0,1.0,1.0,0.9999999999993219,1.0,,,,124,3,,0,attention_unet
0.0,0.0,0.0,147456.0,0.0,0.0,1,1.0,1.0,1.0,1.0,0.9999999999993219,1.0,,,,124,4,,0,attention_unet
0.0,0.0,0.0,147456.0,0.0,0.0,1,1.0,1.0,1.0,1.0,0.9999999999993219,1.0,,,,124,5,,0,attention_unet
0.0,0.0,0.0,147456.0,0.0,0.0,1,1.0,1.0,1.0,1.0,0.9999999999993219,1.0,,,,124,6,,0,attention_unet
0.0,0.0,0.0,147456.0,0.0,0.0,1,1.0,1.0,1.0,1.0,0.9999999999993219,1.0,,,,124,7,,0,attention_unet
0.0,0.0,0.0,147456.0,0.0,0.0,1,1.0,1.0,1.0,1.0,0.9999999999993219,1.0,,,,124,8,,0,attention_unet
0.0,0.0,0.0,147456.0,0.0,0.0,1,1.0,1.0,1.0,1.0,0.9999999999993219,1.0,,,,124,9,,0,attention_unet
0.0,0.0,0.0,147456.0,0.0,0.0,1,1.0,1.0,1.0,1.0,0.9999999999993219,1.0,,,,124,10,,0,attention_unet
0.0,0.0,0.0,147456.0,0.0,0.0,1,1.0,1.0,1.0,1.0,0.9999999999993219,1.0,,,,124,11,,0,attention_unet
0.0,0.0,0.0,147456.0,0.0,0.0,1,1.0,1.0,1.0,1.0,0.9999999999993219,1.0,,,,124,12,,0,attention_unet
0.0,94.0,0.0,147362.0,0.0,94.0,1,0.0,0.0,0.0,1.0,0.9993625217007112,0.0,,,,124,13,,0,attention_unet
0.0,39.0,0.0,147417.0,0.0,39.0,1,0.0,0.0,0.0,1.0,0.9997355143222387,0.0,,,,124,14,,0,attention_unet
0.0,124.0,0.0,147332.0,0.0,124.0,1,0.0,0.0,0.0,1.0,0.9991590711798779,0.0,,,,124,15,,0,attention_unet
0.0,215.0,0.0,147241.0,0.0,215.0,1,0.0,0.0,0.0,1.0,0.9985419379333506,0.0,,,,124,16,,0,attention_unet
0.0,69.0,0.0,147387.0,0.0,69.0,1,0.0,0.0,0.0,1.0,0.9995320638014055,0.0,,,,124,17,,0,attention_unet
0.0,100.0,0.0,147356.0,0.0,100.0,1,0.0,0.0,0.0,1.0,0.9993218315965445,0.0,,,,124,18,,0,attention_unet
0.0,110.0,0.0,147346.0,0.0,110.0,1,0.0,0.0,0.0,1.0,0.9992540147562667,0.0,,,,124,19,,0,attention_unet
0.0,127.0,0.0,147329.0,0.0,127.0,1,0.0,0.0,0.0,1.0,0.9991387261277946,0.0,,,,124,20,,0,attention_unet
0.0,0.0,0.0,147456.0,0.0,0.0,1,1.0,1.0,1.0,1.0,0.9999999999993219,1.0,,,,124,21,,0,attention_unet
0.0,0.0,0.0,147456.0,0.0,0.0,1,1.0,1.0,1.0,1.0,0.9999999999993219,1.0,,,,124,22,,0,attention_unet
0.0,0.0,0.0,147456.0,0.0,0.0,1,1.0,1.0,1.0,1.0,0.9999999999993219,1.0,,,,124,23,,0,attention_unet
0.0,0.0,0.0,147456.0,0.0,0.0,1,1.0,1.0,1.0,1.0,0.9999999999993219,1.0,,,,124,24,,0,attention_unet
0.0,0.0,0.0,147456.0,0.0,0.0,1,1.0,1.0,1.0,1.0,0.9999999999993219,1.0,,,,124,25,,0,attention_unet
0.0,0.0,0.0,147456.0,0.0,0.0,1,1.0,1.0,1.0,1.0,0.9999999999993219,1.0,,,,124,26,,0,attention_unet
0.0,0.0,0.0,147456.0,0.0,0.0,1,1.0,1.0,1.0,1.0,0.9999999999993219,1.0,,,,124,27,,0,attention_unet
0.0,51.0,0.0,147405.0,0.0,51.0,1,0.0,0.0,0.0,1.0,0.9996541341139054,0.0,,,,124,28,,0,attention_unet
0.0,519.0,0.0,146937.0,0.0,519.0,1,0.0,0.0,0.0,1.0,0.9964803059889076,0.0,,,,124,29,,0,attention_unet
0.0,0.0,0.0,147456.0,0.0,0.0,1,1.0,1.0,1.0,1.0,0.9999999999993219,1.0,,,,124,30,,0,attention_unet
0.0,0.0,0.0,147456.0,0.0,0.0,1,1.0,1.0,1.0,1.0,0.9999999999993219,1.0,,,,124,31,,0,attention_unet
0.0,0.0,0.0,147456.0,0.0,0.0,1,1.0,1.0,1.0,1.0,0.9999999999993219,1.0,,,,124,32,,0,attention_unet
0.0,0.0,0.0,147456.0,0.0,0.0,1,1.0,1.0,1.0,1.0,0.9999999999993219,1.0,,,,124,33,,0,attention_unet
0.0,0.0,0.0,147456.0,0.0,0.0,1,1.0,1.0,1.0,1.0,0.9999999999993219,1.0,,,,124,34,,0,attention_unet
0.0,0.0,0.0,147456.0,0.0,0.0,1,1.0,1.0,1.0,1.0,0.9999999999993219,1.0,,,,124,35,,0,attention_unet
0.0,0.0,0.0,147456.0,0.0,0.0,1,1.0,1.0,1.0,1.0,0.9999999999993219,1.0,,,,124,36,,0,attention_unet
0.0,0.0,0.0,147456.0,0.0,0.0,1,1.0,1.0,1.0,1.0,0.9999999999993219,1.0,,,,125,0,,0,attention_unet
0.0,0.0,0.0,147456.0,0.0,0.0,1,1.0,1.0,1.0,1.0,0.9999999999993219,1.0,,,,125,1,,0,attention_unet
0.0,0.0,0.0,147456.0,0.0,0.0,1,1.0,1.0,1.0,1.0,0.9999999999993219,1.0,,,,125,2,,0,attention_unet
0.0,0.0,0.0,147456.0,0.0,0.0,1,1.0,1.0,1.0,1.0,0.9999999999993219,1.0,,,,125,3,,0,attention_unet
0.0,0.0,0.0,147456.0,0.0,0.0,1,1.0,1.0,1.0,1.0,0.9999999999993219,1.0,,,,125,4,,0,attention_unet
0.0,0.0,0.0,147456.0,0.0,0.0,1,1.0,1.0,1.0,1.0,0.9999999999993219,1.0,,,,125,5,,0,attention_unet
0.0,0.0,0.0,147456.0,0.0,0.0,1,1.0,1.0,1.0,1.0,0.9999999999993219,1.0,,,,125,6,,0,attention_unet
0.0,0.0,0.0,147456.0,0.0,0.0,1,1.0,1.0,1.0,1.0,0.9999999999993219,1.0,,,,125,7,,0,attention_unet
0.0,0.0,0.0,147456.0,0.0,0.0,1,1.0,1.0,1.0,1.0,0.9999999999993219,1.0,,,,125,8,,0,attention_unet
0.0,0.0,0.0,147456.0,0.0,0.0,1,1.0,1.0,1.0,1.0,0.9999999999993219,1.0,,,,125,9,,0,attention_unet
0.0,0.0,0.0,147456.0,0.0,0.0,1,1.0,1.0,1.0,1.0,0.9999999999993219,1.0,,,,125,10,,0,attention_unet
0.0,0.0,0.0,147456.0,0.0,0.0,1,1.0,1.0,1.0,1.0,0.9999999999993219,1.0,,,,125,11,,0,attention_unet
0.0,0.0,0.0,147456.0,0.0,0.0,1,1.0,1.0,1.0,1.0,0.9999999999993219,1.0,,,,125,12,,0,attention_unet
0.0,0.0,0.0,147456.0,0.0,0.0,1,1.0,1.0,1.0,1.0,0.9999999999993219,1.0,,,,125,13,,0,attention_unet
0.0,0.0,0.0,147456.0,0.0,0.0,1,1.0,1.0,1.0,1.0,0.9999999999993219,1.0,,,,125,14,,0,attention_unet
0.0,0.0,0.0,147456.0,0.0,0.0,1,1.0,1.0,1.0,1.0,0.9999999999993219,1.0,,,,125,15,,0,attention_unet
0.0,0.0,0.0,147456.0,0.0,0.0,1,1.0,1.0,1.0,1.0,0.9999999999993219,1.0,,,,125,16,,0,attention_unet
0.0,0.0,0.0,147456.0,0.0,0.0,1,1.0,1.0,1.0,1.0,0.9999999999993219,1.0,,,,125,17,,0,attention_unet
0.0,0.0,0.0,147456.0,0.0,0.0,1,1.0,1.0,1.0,1.0,0.9999999999993219,1.0,,,,125,18,,0,attention_unet
0.0,0.0,0.0,147456.0,0.0,0.0,1,1.0,1.0,1.0,1.0,0.9999999999993219,1.0,,,,125,19,,0,attention_unet
0.0,0.0,0.0,147456.0,0.0,0.0,1,1.0,1.0,1.0,1.0,0.9999999999993219,1.0,,,,125,20,,0,attention_unet
0.0,0.0,0.0,147456.0,0.0,0.0,1,1.0,1.0,1.0,1.0,0.9999999999993219,1.0,,,,125,21,,0,attention_unet
0.0,0.0,0.0,147456.0,0.0,0.0,1,1.0,1.0,1.0,1.0,0.9999999999993219,1.0,,,,125,22,,0,attention_unet
0.0,0.0,0.0,147456.0,0.0,0.0,1,1.0,1.0,1.0,1.0,0.9999999999993219,1.0,,,,125,23,,0,attention_unet
0.0,0.0,0.0,147456.0,0.0,0.0,1,1.0,1.0,1.0,1.0,0.9999999999993219,1.0,,,,125,24,,0,attention_unet
0.0,0.0,0.0,147456.0,0.0,0.0,1,1.0,1.0,1.0,1.0,0.9999999999993219,1.0,,,,125,25,,0,attention_unet
0.0,0.0,0.0,147456.0,0.0,0.0,1,1.0,1.0,1.0,1.0,0.9999999999993219,1.0,,,,125,26,,0,attention_unet
0.0,43.0,0.0,147413.0,0.0,43.0,1,0.0,0.0,0.0,1.0,0.9997083875861276,0.0,,,,125,27,,0,attention_unet
0.0,0.0,0.0,147456.0,0.0,0.0,1,1.0,1.0,1.0,1.0,0.9999999999993219,1.0,,,,125,28,,0,attention_unet
0.0,0.0,0.0,147456.0,0.0,0.0,1,1.0,1.0,1.0,1.0,0.9999999999993219,1.0,,,,125,29,,0,attention_unet
0.0,0.0,0.0,147456.0,0.0,0.0,1,1.0,1.0,1.0,1.0,0.9999999999993219,1.0,,,,125,30,,0,attention_unet
0.0,0.0,0.0,147456.0,0.0,0.0,1,1.0,1.0,1.0,1.0,0.9999999999993219,1.0,,,,125,31,,0,attention_unet
0.0,0.0,0.0,147456.0,0.0,0.0,1,1.0,1.0,1.0,1.0,0.9999999999993219,1.0,,,,125,32,,0,attention_unet
0.0,0.0,0.0,147456.0,0.0,0.0,1,1.0,1.0,1.0,1.0,0.9999999999993219,1.0,,,,125,33,,0,attention_unet
0.0,0.0,0.0,147456.0,0.0,0.0,1,1.0,1.0,1.0,1.0,0.9999999999993219,1.0,,,,125,34,,0,attention_unet
0.0,0.0,0.0,147456.0,0.0,0.0,1,1.0,1.0,1.0,1.0,0.9999999999993219,1.0,,,,125,35,,0,attention_unet
0.0,0.0,0.0,147456.0,0.0,0.0,1,1.0,1.0,1.0,1.0,0.9999999999993219,1.0,,,,125,36,,0,attention_unet
0.0,0.0,0.0,147456.0,0.0,0.0,1,1.0,1.0,1.0,1.0,0.9999999999993219,1.0,,,,125,37,,0,attention_unet
0.0,0.0,0.0,147456.0,0.0,0.0,1,1.0,1.0,1.0,1.0,0.9999999999993219,1.0,,,,125,38,,0,attention_unet
0.0,0.0,0.0,147456.0,0.0,0.0,1,1.0,1.0,1.0,1.0,0.9999999999993219,1.0,,,,125,39,,0,attention_unet
0.0,0.0,0.0,147456.0,0.0,0.0,1,1.0,1.0,1.0,1.0,0.9999999999993219,1.0,,,,125,40,,0,attention_unet
0.0,0.0,0.0,147456.0,0.0,0.0,1,1.0,1.0,1.0,1.0,0.9999999999993219,1.0,,,,125,41,,0,attention_unet
0.0,0.0,0.0,147456.0,0.0,0.0,1,1.0,1.0,1.0,1.0,0.9999999999993219,1.0,,,,125,42,,0,attention_unet
0.0,0.0,0.0,147456.0,0.0,0.0,1,1.0,1.0,1.0,1.0,0.9999999999993219,1.0,,,,53,0,0.4941606580684472,0,unetpp
0.0,0.0,0.0,147456.0,0.0,0.0,1,1.0,1.0,1.0,1.0,0.9999999999993219,1.0,,,,53,1,0.4941606580684472,0,unetpp
0.0,0.0,0.0,147456.0,0.0,0.0,1,1.0,1.0,1.0,1.0,0.9999999999993219,1.0,,,,53,2,0.4941606580684472,0,unetpp
0.0,0.0,0.0,147456.0,0.0,0.0,1,1.0,1.0,1.0,1.0,0.9999999999993219,1.0,,,,53,3,0.4941606580684472,0,unetpp
0.0,0.0,0.0,147456.0,0.0,0.0,1,1.0,1.0,1.0,1.0,0.9999999999993219,1.0,,,,53,4,0.4941606580684472,0,unetpp
0.0,0.0,0.0,147456.0,0.0,0.0,1,1.0,1.0,1.0,1.0,0.9999999999993219,1.0,,,,53,5,0.4941606580684472,0,unetpp
0.0,0.0,0.0,147456.0,0.0,0.0,1,1.0,1.0,1.0,1.0,0.9999999999993219,1.0,,,,53,6,0.4941606580684472,0,unetpp
0.0,0.0,0.0,147456.0,0.0,0.0,1,1.0,1.0,1.0,1.0,0.9999999999993219,1.0,,,,53,7,0.4941606580684472,0,unetpp
0.0,0.0,0.0,147456.0,0.0,0.0,1,1.0,1.0,1.0,1.0,0.9999999999993219,1.0,,,,53,8,0.4941606580684472,0,unetpp
0.0,0.0,0.0,147456.0,0.0,0.0,1,1.0,1.0,1.0,1.0,0.9999999999993219,1.0,,,,53,9,0.4941606580684472,0,unetpp
0.0,0.0,0.0,147456.0,0.0,0.0,1,1.0,1.0,1.0,1.0,0.9999999999993219,1.0,,,,53,10,0.4941606580684472,0,unetpp
0.0,254.0,0.0,147202.0,0.0,254.0,1,0.0,0.0,0.0,1.0,0.9982774522562674,0.0,,,,53,11,0.4941606580684472,0,unetpp
0.0,0.0,0.0,147456.0,0.0,0.0,1,1.0,1.0,1.0,1.0,0.9999999999993219,1.0,,,,53,12,0.4941606580684472,0,unetpp
0.0,263.0,0.0,147193.0,0.0,263.0,1,0.0,0.0,0.0,1.0,0.9982164171000175,0.0,,,,53,13,0.4941606580684472,0,unetpp
0.0,631.0,0.0,146825.0,0.0,631.0,1,0.0,0.0,0.0,1.0,0.995720757377797,0.0,,,,53,14,0.4941606580684472,0,unetpp
0.0,422.0,0.0,147034.0,0.0,422.0,1,0.0,0.0,0.0,1.0,0.9971381293396016,0.0,,,,53,15,0.4941606580684472,0,unetpp
0.0,0.0,0.0,147456.0,0.0,0.0,1,1.0,1.0,1.0,1.0,0.9999999999993219,1.0,,,,53,16,0.4941606580684472,0,unetpp
0.0,0.0,71.0,147385.0,71.0,0.0,0,0.0,0.0,0.0,0.0,0.9999999999993215,1.4084505783884538e-09,,,,53,17,0.4941606580684472,0,unetpp
137.0,37.0,229.0,147053.0,366.0,174.0,0,0.5074074073134431,0.3399503721240818,0.7873563213865769,0.374316939788438,0.9997484533272148,0.644444444510288,15.109567670581715,4.148831926593923,0.5833333333333334,53,18,0.4941606580684472,0,unetpp
0.0,0.0,60.0,147396.0,60.0,0.0,0,0.0,0.0,0.0,0.0,0.9999999999993215,1.6666666935449825e-09,,,,53,19,0.4941606580684472,0,unetpp
0.0,148.0,0.0,147308.0,0.0,148.0,1,0.0,0.0,0.0,1.0,0.9989963107632114,0.0,,,,53,20,0.4941606580684472,0,unetpp
234.0,400.0,60.0,146762.0,294.0,634.0,0,0.5043103447732424,0.3371757924586202,0.369085173443362,0.7959183670762182,0.9972819070133613,0.6336206896946529,84.90241595140358,22.998040231085117,0.5854545454545454,53,21,0.4941606580684472,0,unetpp
736.0,722.0,317.0,145681.0,1053.0,1458.0,0,0.5862206292080359,0.4146478873005832,0.5048010973590671,0.6989553655556547,0.9950684070674815,0.8387096774257782,76.11388499056358,17.938081601122953,0.5128205128205128,53,22,0.4941606580684472,0,unetpp
664.0,497.0,157.0,146138.0,821.0,1161.0,0,0.6700302724182629,0.5037936266689079,0.5719207579180086,0.8087697928369343,0.996610631840286,0.8284561049531556,71.12130568021198,16.31533001171356,0.6455696202531646,53,23,0.4941606580684472,0,unetpp
485.0,106.0,66.0,146799.0,551.0,591.0,0,0.849387040205833,0.7382039572696798,0.8206429778645274,0.8802177856841711,0.9992784452530552,0.9649737303007904,1.9928936709231353,0.6093497266296349,0.9797979797979798,53,24,0.4941606580684472,0,unetpp
177.0,40.0,205.0,147034.0,382.0,217.0,0,0.5909849748596019,0.41943127952146175,0.815668202389093,0.46335078521901807,0.9997280280668237,0.7245409015484907,21.482355601112992,4.103051932820073,0.7142857142857143,53,25,0.4941606580684472,0,unetpp
0.0,0.0,216.0,147240.0,216.0,0.0,0,0.0,0.0,0.0,0.0,0.9999999999993209,4.629628902463878e-10,,,,53,26,0.4941606580684472,0,unetpp
0.0,0.0,80.0,147376.0,80.0,0.0,0,0.0,0.0,0.0,0.0,0.9999999999993214,1.2499998813808588e-09,,,,53,27,0.4941606580684472,0,unetpp
0.0,0.0,0.0,147456.0,0.0,0.0,1,1.0,1.0,1.0,1.0,0.9999999999993219,1.0,,,,53,28,0.4941606580684472,0,unetpp
0.0,0.0,0.0,147456.0,0.0,0.0,1,1.0,1.0,1.0,1.0,0.9999999999993219,1.0,,,,53,29,0.4941606580684472,0,unetpp
0.0,0.0,0.0,147456.0,0.0,0.0,1,1.0,1.0,1.0,1.0,0.9999999999993219,1.0,,,,53,30,0.4941606580684472,0,unetpp
0.0,0.0,0.0,147456.0,0.0,0.0,1,1.0,1.0,1.0,1.0,0.9999999999993219,1.0,,,,53,31,0.4941606580684472,0,unetpp
0.0,0.0,0.0,147456.0,0.0,0.0,1,1.0,1.0,1.0,1.0,0.9999999999993219,1.0,,,,53,32,0.4941606580684472,0,unetpp
0.0,0.0,0.0,147456.0,0.0,0.0,1,1.0,1.0,1.0,1.0,0.9999999999993219,1.0,,,,53,33,0.4941606580684472,0,unetpp
0.0,0.0,0.0,147456.0,0.0,0.0,1,1.0,1.0,1.0,1.0,0.9999999999993219,1.0,,,,53,34,0.4941606580684472,0,unetpp
0.0,0.0,0.0,147456.0,0.0,0.0,1,1.0,1.0,1.0,1.0,0.9999999999993219,1.0,,,,56,0,,0,unetpp
0.0,0.0,0.0,147456.0,0.0,0.0,1,1.0,1.0,1.0,1.0,0.9999999999993219,1.0,,,,56,1,,0,unetpp
0.0,0.0,0.0,147456.0,0.0,0.0,1,1.0,1.0,1.0,1.0,0.9999999999993219,1.0,,,,56,2,,0,unetpp
0.0,0.0,0.0,147456.0,0.0,0.0,1,1.0,1.0,1.0,1.0,0.9999999999993219,1.0,,,,56,3,,0,unetpp
0.0,0.0,0.0,147456.0,0.0,0.0,1,1.0,1.0,1.0,1.0,0.9999999999993219,1.0,,,,56,4,,0,unetpp
0.0,0.0,0.0,147456.0,0.0,0.0,1,1.0,1.0,1.0,1.0,0.9999999999993219,1.0,,,,56,5,,0,unetpp
0.0,0.0,0.0,147456.0,0.0,0.0,1,1.0,1.0,1.0,1.0,0.9999999999993219,1.0,,,,56,6,,0,unetpp
0.0,0.0,0.0,147456.0,0.0,0.0,1,1.0,1.0,1.0,1.0,0.9999999999993219,1.0,,,,56,7,,0,unetpp
0.0,0.0,0.0,147456.0,0.0,0.0,1,1.0,1.0,1.0,1.0,0.9999999999993219,1.0,,,,56,8,,0,unetpp
0.0,0.0,0.0,147456.0,0.0,0.0,1,1.0,1.0,1.0,1.0,0.9999999999993219,1.0,,,,56,9,,0,unetpp
0.0,0.0,0.0,147456.0,0.0,0.0,1,1.0,1.0,1.0,1.0,0.9999999999993219,1.0,,,,56,10,,0,unetpp
0.0,0.0,0.0,147456.0,0.0,0.0,1,1.0,1.0,1.0,1.0,0.9999999999993219,1.0,,,,56,11,,0,unetpp
0.0,0.0,0.0,147456.0,0.0,0.0,1,1.0,1.0,1.0,1.0,0.9999999999993219,1.0,,,,56,12,,0,unetpp
0.0,0.0,0.0,147456.0,0.0,0.0,1,1.0,1.0,1.0,1.0,0.9999999999993219,1.0,,,,56,13,,0,unetpp
0.0,0.0,0.0,147456.0,0.0,0.0,1,1.0,1.0,1.0,1.0,0.9999999999993219,1.0,,,,56,14,,0,unetpp
0.0,0.0,0.0,147456.0,0.0,0.0,1,1.0,1.0,1.0,1.0,0.9999999999993219,1.0,,,,56,15,,0,unetpp
0.0,160.0,0.0,147296.0,0.0,160.0,1,0.0,0.0,0.0,1.0,0.9989149305548781,0.0,,,,56,16,,0,unetpp
0.0,0.0,0.0,147456.0,0.0,0.0,1,1.0,1.0,1.0,1.0,0.9999999999993219,1.0,,,,56,17,,0,unetpp
0.0,0.0,0.0,147456.0,0.0,0.0,1,1.0,1.0,1.0,1.0,0.9999999999993219,1.0,,,,56,18,,0,unetpp
0.0,0.0,0.0,147456.0,0.0,0.0,1,1.0,1.0,1.0,1.0,0.9999999999993219,1.0,,,,56,19,,0,unetpp
0.0,0.0,0.0,147456.0,0.0,0.0,1,1.0,1.0,1.0,1.0,0.9999999999993219,1.0,,,,56,20,,0,unetpp
0.0,0.0,0.0,147456.0,0.0,0.0,1,1.0,1.0,1.0,1.0,0.9999999999993219,1.0,,,,56,21,,0,unetpp
0.0,0.0,0.0,147456.0,0.0,0.0,1,1.0,1.0,1.0,1.0,0.9999999999993219,1.0,,,,56,22,,0,unetpp
0.0,0.0,0.0,147456.0,0.0,0.0,1,1.0,1.0,1.0,1.0,0.9999999999993219,1.0,,,,56,23,,0,unetpp
0.0,0.0,0.0,147456.0,0.0,0.0,1,1.0,1.0,1.0,1.0,0.9999999999993219,1.0,,,,56,24,,0,unetpp
0.0,0.0,0.0,147456.0,0.0,0.0,1,1.0,1.0,1.0,1.0,0.9999999999993219,1.0,,,,56,25,,0,unetpp
0.0,0.0,0.0,147456.0,0.0,0.0,1,1.0,1.0,1.0,1.0,0.9999999999993219,1.0,,,,56,26,,0,unetpp
0.0,0.0,0.0,147456.0,0.0,0.0,1,1.0,1.0,1.0,1.0,0.9999999999993219,1.0,,,,56,27,,0,unetpp
0.0,0.0,0.0,147456.0,0.0,0.0,1,1.0,1.0,1.0,1.0,0.9999999999993219,1.0,,,,56,28,,0,unetpp
0.0,0.0,0.0,147456.0,0.0,0.0,1,1.0,1.0,1.0,1.0,0.9999999999993219,1.0,,,,56,29,,0,unetpp
0.0,0.0,0.0,147456.0,0.0,0.0,1,1.0,1.0,1.0,1.0,0.9999999999993219,1.0,,,,56,30,,0,unetpp
0.0,0.0,0.0,147456.0,0.0,0.0,1,1.0,1.0,1.0,1.0,0.9999999999993219,1.0,,,,56,31,,0,unetpp
0.0,0.0,0.0,147456.0,0.0,0.0,1,1.0,1.0,1.0,1.0,0.9999999999993219,1.0,,,,56,32,,0,unetpp
0.0,0.0,0.0,147456.0,0.0,0.0,1,1.0,1.0,1.0,1.0,0.9999999999993219,1.0,,,,56,33,,0,unetpp
0.0,0.0,0.0,147456.0,0.0,0.0,1,1.0,1.0,1.0,1.0,0.9999999999993219,1.0,,,,56,34,,0,unetpp
0.0,0.0,0.0,147456.0,0.0,0.0,1,1.0,1.0,1.0,1.0,0.9999999999993219,1.0,,,,56,35,,0,unetpp
0.0,0.0,0.0,147456.0,0.0,0.0,1,1.0,1.0,1.0,1.0,0.9999999999993219,1.0,,,,56,36,,0,unetpp
0.0,0.0,0.0,147456.0,0.0,0.0,1,1.0,1.0,1.0,1.0,0.9999999999993219,1.0,,,,56,37,,0,unetpp
0.0,0.0,0.0,147456.0,0.0,0.0,1,1.0,1.0,1.0,1.0,0.9999999999993219,1.0,,,,56,38,,0,unetpp
0.0,0.0,0.0,147456.0,0.0,0.0,1,1.0,1.0,1.0,1.0,0.9999999999993219,1.0,,,,56,39,,0,unetpp
0.0,0.0,0.0,147456.0,0.0,0.0,1,1.0,1.0,1.0,1.0,0.9999999999993219,1.0,,,,69,0,0.0,0,unetpp
0.0,0.0,0.0,147456.0,0.0,0.0,1,1.0,1.0,1.0,1.0,0.9999999999993219,1.0,,,,69,1,0.0,0,unetpp
0.0,0.0,0.0,147456.0,0.0,0.0,1,1.0,1.0,1.0,1.0,0.9999999999993219,1.0,,,,69,2,0.0,0,unetpp
0.0,0.0,0.0,147456.0,0.0,0.0,1,1.0,1.0,1.0,1.0,0.9999999999993219,1.0,,,,69,3,0.0,0,unetpp
0.0,0.0,0.0,147456.0,0.0,0.0,1,1.0,1.0,1.0,1.0,0.9999999999993219,1.0,,,,69,4,0.0,0,unetpp
0.0,0.0,0.0,147456.0,0.0,0.0,1,1.0,1.0,1.0,1.0,0.9999999999993219,1.0,,,,69,5,0.0,0,unetpp
0.0,0.0,0.0,147456.0,0.0,0.0,1,1.0,1.0,1.0,1.0,0.9999999999993219,1.0,,,,69,6,0.0,0,unetpp
0.0,0.0,0.0,147456.0,0.0,0.0,1,1.0,1.0,1.0,1.0,0.9999999999993219,1.0,,,,69,7,0.0,0,unetpp
0.0,0.0,0.0,147456.0,0.0,0.0,1,1.0,1.0,1.0,1.0,0.9999999999993219,1.0,,,,69,8,0.0,0,unetpp
0.0,0.0,0.0,147456.0,0.0,0.0,1,1.0,1.0,1.0,1.0,0.9999999999993219,1.0,,,,69,9,0.0,0,unetpp
0.0,0.0,0.0,147456.0,0.0,0.0,1,1.0,1.0,1.0,1.0,0.9999999999993219,1.0,,,,69,10,0.0,0,unetpp
0.0,0.0,0.0,147456.0,0.0,0.0,1,1.0,1.0,1.0,1.0,0.9999999999993219,1.0,,,,69,11,0.0,0,unetpp
0.0,0.0,0.0,147456.0,0.0,0.0,1,1.0,1.0,1.0,1.0,0.9999999999993219,1.0,,,,69,12,0.0,0,unetpp
0.0,0.0,0.0,147456.0,0.0,0.0,1,1.0,1.0,1.0,1.0,0.9999999999993219,1.0,,,,69,13,0.0,0,unetpp
0.0,0.0,0.0,147456.0,0.0,0.0,1,1.0,1.0,1.0,1.0,0.9999999999993219,1.0,,,,69,14,0.0,0,unetpp
0.0,0.0,0.0,147456.0,0.0,0.0,1,1.0,1.0,1.0,1.0,0.9999999999993219,1.0,,,,69,15,0.0,0,unetpp
0.0,0.0,131.0,147325.0,131.0,0.0,0,0.0,0.0,0.0,0.0,0.9999999999993212,7.63358709576778e-10,,,,69,16,0.0,0,unetpp
0.0,0.0,138.0,147318.0,138.0,0.0,0,0.0,0.0,0.0,0.0,0.9999999999993212,7.246376831915313e-10,,,,69,17,0.0,0,unetpp
0.0,0.0,0.0,147456.0,0.0,0.0,1,1.0,1.0,1.0,1.0,0.9999999999993219,1.0,,,,69,18,0.0,0,unetpp
0.0,0.0,0.0,147456.0,0.0,0.0,1,1.0,1.0,1.0,1.0,0.9999999999993219,1.0,,,,69,19,0.0,0,unetpp
0.0,126.0,0.0,147330.0,0.0,126.0,1,0.0,0.0,0.0,1.0,0.9991455078118224,0.0,,,,69,20,0.0,0,unetpp
0.0,0.0,0.0,147456.0,0.0,0.0,1,1.0,1.0,1.0,1.0,0.9999999999993219,1.0,,,,69,21,0.0,0,unetpp
0.0,0.0,0.0,147456.0,0.0,0.0,1,1.0,1.0,1.0,1.0,0.9999999999993219,1.0,,,,69,22,0.0,0,unetpp
0.0,0.0,0.0,147456.0,0.0,0.0,1,1.0,1.0,1.0,1.0,0.9999999999993219,1.0,,,,69,23,0.0,0,unetpp
0.0,0.0,0.0,147456.0,0.0,0.0,1,1.0,1.0,1.0,1.0,0.9999999999993219,1.0,,,,69,24,0.0,0,unetpp
0.0,0.0,0.0,147456.0,0.0,0.0,1,1.0,1.0,1.0,1.0,0.9999999999993219,1.0,,,,69,25,0.0,0,unetpp
0.0,0.0,0.0,147456.0,0.0,0.0,1,1.0,1.0,1.0,1.0,0.9999999999993219,1.0,,,,69,26,0.0,0,unetpp
0.0,0.0,0.0,147456.0,0.0,0.0,1,1.0,1.0,1.0,1.0,0.9999999999993219,1.0,,,,69,27,0.0,0,unetpp
0.0,0.0,0.0,147456.0,0.0,0.0,1,1.0,1.0,1.0,1.0,0.9999999999993219,1.0,,,,69,28,0.0,0,unetpp
0.0,0.0,0.0,147456.0,0.0,0.0,1,1.0,1.0,1.0,1.0,0.9999999999993219,1.0,,,,69,29,0.0,0,unetpp
0.0,0.0,0.0,147456.0,0.0,0.0,1,1.0,1.0,1.0,1.0,0.9999999999993219,1.0,,,,69,30,0.0,0,unetpp
0.0,0.0,0.0,147456.0,0.0,0.0,1,1.0,1.0,1.0,1.0,0.9999999999993219,1.0,,,,69,31,0.0,0,unetpp
0.0,0.0,0.0,147456.0,0.0,0.0,1,1.0,1.0,1.0,1.0,0.9999999999993219,1.0,,,,69,32,0.0,0,unetpp
0.0,0.0,0.0,147456.0,0.0,0.0,1,1.0,1.0,1.0,1.0,0.9999999999993219,1.0,,,,69,33,0.0,0,unetpp
0.0,0.0,0.0,147456.0,0.0,0.0,1,1.0,1.0,1.0,1.0,0.9999999999993219,1.0,,,,69,34,0.0,0,unetpp
0.0,0.0,0.0,147456.0,0.0,0.0,1,1.0,1.0,1.0,1.0,0.9999999999993219,1.0,,,,69,35,0.0,0,unetpp
0.0,0.0,0.0,147456.0,0.0,0.0,1,1.0,1.0,1.0,1.0,0.9999999999993219,1.0,,,,69,36,0.0,0,unetpp
0.0,0.0,0.0,147456.0,0.0,0.0,1,1.0,1.0,1.0,1.0,0.9999999999993219,1.0,,,,69,37,0.0,0,unetpp
0.0,0.0,0.0,147456.0,0.0,0.0,1,1.0,1.0,1.0,1.0,0.9999999999993219,1.0,,,,69,38,0.0,0,unetpp
0.0,0.0,0.0,147456.0,0.0,0.0,1,1.0,1.0,1.0,1.0,0.9999999999993219,1.0,,,,69,39,0.0,0,unetpp
0.0,0.0,0.0,147456.0,0.0,0.0,1,1.0,1.0,1.0,1.0,0.9999999999993219,1.0,,,,73,0,0.0,0,unetpp
0.0,0.0,0.0,147456.0,0.0,0.0,1,1.0,1.0,1.0,1.0,0.9999999999993219,1.0,,,,73,1,0.0,0,unetpp
0.0,0.0,0.0,147456.0,0.0,0.0,1,1.0,1.0,1.0,1.0,0.9999999999993219,1.0,,,,73,2,0.0,0,unetpp
0.0,0.0,0.0,147456.0,0.0,0.0,1,1.0,1.0,1.0,1.0,0.9999999999993219,1.0,,,,73,3,0.0,0,unetpp
0.0,0.0,0.0,147456.0,0.0,0.0,1,1.0,1.0,1.0,1.0,0.9999999999993219,1.0,,,,73,4,0.0,0,unetpp
0.0,0.0,0.0,147456.0,0.0,0.0,1,1.0,1.0,1.0,1.0,0.9999999999993219,1.0,,,,73,5,0.0,0,unetpp
0.0,0.0,0.0,147456.0,0.0,0.0,1,1.0,1.0,1.0,1.0,0.9999999999993219,1.0,,,,73,6,0.0,0,unetpp
0.0,0.0,0.0,147456.0,0.0,0.0,1,1.0,1.0,1.0,1.0,0.9999999999993219,1.0,,,,73,7,0.0,0,unetpp
0.0,0.0,0.0,147456.0,0.0,0.0,1,1.0,1.0,1.0,1.0,0.9999999999993219,1.0,,,,73,8,0.0,0,unetpp
0.0,0.0,0.0,147456.0,0.0,0.0,1,1.0,1.0,1.0,1.0,0.9999999999993219,1.0,,,,73,9,0.0,0,unetpp
0.0,0.0,0.0,147456.0,0.0,0.0,1,1.0,1.0,1.0,1.0,0.9999999999993219,1.0,,,,73,10,0.0,0,unetpp
0.0,0.0,0.0,147456.0,0.0,0.0,1,1.0,1.0,1.0,1.0,0.9999999999993219,1.0,,,,73,11,0.0,0,unetpp
0.0,0.0,0.0,147456.0,0.0,0.0,1,1.0,1.0,1.0,1.0,0.9999999999993219,1.0,,,,73,12,0.0,0,unetpp
0.0,0.0,0.0,147456.0,0.0,0.0,1,1.0,1.0,1.0,1.0,0.9999999999993219,1.0,,,,73,13,0.0,0,unetpp
0.0,0.0,0.0,147456.0,0.0,0.0,1,1.0,1.0,1.0,1.0,0.9999999999993219,1.0,,,,73,14,0.0,0,unetpp
0.0,0.0,0.0,147456.0,0.0,0.0,1,1.0,1.0,1.0,1.0,0.9999999999993219,1.0,,,,73,15,0.0,0,unetpp
0.0,0.0,0.0,147456.0,0.0,0.0,1,1.0,1.0,1.0,1.0,0.9999999999993219,1.0,,,,73,16,0.0,0,unetpp
0.0,0.0,0.0,147456.0,0.0,0.0,1,1.0,1.0,1.0,1.0,0.9999999999993219,1.0,,,,73,17,0.0,0,unetpp
0.0,0.0,0.0,147456.0,0.0,0.0,1,1.0,1.0,1.0,1.0,0.9999999999993219,1.0,,,,73,18,0.0,0,unetpp
0.0,0.0,0.0,147456.0,0.0,0.0,1,1.0,1.0,1.0,1.0,0.9999999999993219,1.0,,,,73,19,0.0,0,unetpp
0.0,0.0,0.0,147456.0,0.0,0.0,1,1.0,1.0,1.0,1.0,0.9999999999993219,1.0,,,,73,20,0.0,0,unetpp
0.0,0.0,0.0,147456.0,0.0,0.0,1,1.0,1.0,1.0,1.0,0.9999999999993219,1.0,,,,73,21,0.0,0,unetpp
0.0,0.0,0.0,147456.0,0.0,0.0,1,1.0,1.0,1.0,1.0,0.9999999999993219,1.0,,,,73,22,0.0,0,unetpp
0.0,0.0,0.0,147456.0,0.0,0.0,1,1.0,1.0,1.0,1.0,0.9999999999993219,1.0,,,,73,23,0.0,0,unetpp
0.0,0.0,0.0,147456.0,0.0,0.0,1,1.0,1.0,1.0,1.0,0.9999999999993219,1.0,,,,73,24,0.0,0,unetpp
0.0,0.0,427.0,147029.0,427.0,0.0,0,0.0,0.0,0.0,0.0,0.9999999999993199,2.3419211014896746e-10,,,,73,25,0.0,0,unetpp
0.0,0.0,462.0,146994.0,462.0,0.0,0,0.0,0.0,0.0,0.0,0.9999999999993197,2.164503021262476e-10,,,,73,26,0.0,0,unetpp
0.0,0.0,729.0,146727.0,729.0,0.0,0,0.0,0.0,0.0,0.0,0.9999999999993184,1.3717416091907353e-10,,,,73,27,0.0,0,unetpp
0.0,0.0,604.0,146852.0,604.0,0.0,0,0.0,0.0,0.0,0.0,0.999999999999319,1.6556289672564617e-10,,,,73,28,0.0,0,unetpp
0.0,0.0,408.0,147048.0,408.0,0.0,0,0.0,0.0,0.0,0.0,0.99999999999932,2.450980529644653e-10,,,,73,29,0.0,0,unetpp
0.0,0.0,253.0,147203.0,253.0,0.0,0,0.0,0.0,0.0,0.0,0.9999999999993207,3.952569382903448e-10,,,,73,30,0.0,0,unetpp
0.0,0.0,0.0,147456.0,0.0,0.0,1,1.0,1.0,1.0,1.0,0.9999999999993219,1.0,,,,73,31,0.0,0,unetpp
0.0,0.0,0.0,147456.0,0.0,0.0,1,1.0,1.0,1.0,1.0,0.9999999999993219,1.0,,,,73,32,0.0,0,unetpp
0.0,0.0,0.0,147456.0,0.0,0.0,1,1.0,1.0,1.0,1.0,0.9999999999993219,1.0,,,,73,33,0.0,0,unetpp
0.0,0.0,0.0,147456.0,0.0,0.0,1,1.0,1.0,1.0,1.0,0.9999999999993219,1.0,,,,73,34,0.0,0,unetpp
0.0,0.0,0.0,147456.0,0.0,0.0,1,1.0,1.0,1.0,1.0,0.9999999999993219,1.0,,,,73,35,0.0,0,unetpp
0.0,0.0,0.0,147456.0,0.0,0.0,1,1.0,1.0,1.0,1.0,0.9999999999993219,1.0,,,,73,36,0.0,0,unetpp
0.0,0.0,0.0,147456.0,0.0,0.0,1,1.0,1.0,1.0,1.0,0.9999999999993219,1.0,,,,74,0,0.2935847661305232,0,unetpp
0.0,0.0,0.0,147456.0,0.0,0.0,1,1.0,1.0,1.0,1.0,0.9999999999993219,1.0,,,,74,1,0.2935847661305232,0,unetpp
0.0,0.0,0.0,147456.0,0.0,0.0,1,1.0,1.0,1.0,1.0,0.9999999999993219,1.0,,,,74,2,0.2935847661305232,0,unetpp
0.0,0.0,0.0,147456.0,0.0,0.0,1,1.0,1.0,1.0,1.0,0.9999999999993219,1.0,,,,74,3,0.2935847661305232,0,unetpp
0.0,0.0,0.0,147456.0,0.0,0.0,1,1.0,1.0,1.0,1.0,0.9999999999993219,1.0,,,,74,4,0.2935847661305232,0,unetpp
0.0,0.0,0.0,147456.0,0.0,0.0,1,1.0,1.0,1.0,1.0,0.9999999999993219,1.0,,,,74,5,0.2935847661305232,0,unetpp
0.0,0.0,0.0,147456.0,0.0,0.0,1,1.0,1.0,1.0,1.0,0.9999999999993219,1.0,,,,74,6,0.2935847661305232,0,unetpp
0.0,0.0,0.0,147456.0,0.0,0.0,1,1.0,1.0,1.0,1.0,0.9999999999993219,1.0,,,,74,7,0.2935847661305232,0,unetpp
0.0,0.0,0.0,147456.0,0.0,0.0,1,1.0,1.0,1.0,1.0,0.9999999999993219,1.0,,,,74,8,0.2935847661305232,0,unetpp
0.0,0.0,0.0,147456.0,0.0,0.0,1,1.0,1.0,1.0,1.0,0.9999999999993219,1.0,,,,74,9,0.2935847661305232,0,unetpp
0.0,0.0,0.0,147456.0,0.0,0.0,1,1.0,1.0,1.0,1.0,0.9999999999993219,1.0,,,,74,10,0.2935847661305232,0,unetpp
0.0,0.0,146.0,147310.0,146.0,0.0,0,0.0,0.0,0.0,0.0,0.9999999999993212,6.849314448942323e-10,,,,74,11,0.2935847661305232,0,unetpp
0.0,0.0,123.0,147333.0,123.0,0.0,0,0.0,0.0,0.0,0.0,0.9999999999993212,8.130081052826199e-10,,,,74,12,0.2935847661305232,0,unetpp
209.0,17.0,730.0,146500.0,939.0,226.0,0,0.35879828323100443,0.21861924683905656,0.9247787606527528,0.22257720977395345,0.9998839725076272,0.38798283267055944,33.28533986727418,9.054661126614336,0.5238095238095238,74,13,0.2935847661305232,0,unetpp
235.0,174.0,508.0,146539.0,743.0,409.0,0,0.4079861110756956,0.25627044708219515,0.574572126998882,0.31628532970171125,0.9988140110276534,0.7100694444696121,16.730228940815955,5.250788884895623,0.5384615384615384,74,14,0.2935847661305232,0,unetpp
58.0,53.0,566.0,146779.0,624.0,111.0,0,0.15782312923022815,0.08567208270521831,0.5225225220517815,0.09294871793382233,0.9996390432596439,0.30204081642149105,17.157766999564814,7.072165530658557,0.2268041237113402,74,15,0.2935847661305232,0,unetpp
0.0,119.0,0.0,147337.0,0.0,119.0,1,0.0,0.0,0.0,1.0,0.9991929796000169,0.0,,,,74,16,0.2935847661305232,0,unetpp
0.0,0.0,126.0,147330.0,126.0,0.0,0,0.0,0.0,0.0,0.0,0.9999999999993212,7.936507007144655e-10,,,,74,17,0.2935847661305232,0,unetpp
97.0,7.0,171.0,147181.0,268.0,104.0,0,0.5215053762038964,0.3527272725990082,0.9326923067954882,0.3619402983724103,0.9999524417744653,0.5591397850647474,6.334873273236825,1.6992972577444294,0.7167630057803468,74,18,0.2935847661305232,0,unetpp
195.0,24.0,123.0,147114.0,318.0,219.0,0,0.7262569831049801,0.5701754384297733,0.8904109584975293,0.6132075469769788,0.9998368878189184,0.8156424581348897,7.346258603067946,1.042200142240768,0.8706896551724138,74,19,0.2935847661305232,0,unetpp
0.0,0.0,213.0,147243.0,213.0,0.0,0,0.0,0.0,0.0,0.0,0.9999999999993209,4.694835631369187e-10,,,,74,20,0.2935847661305232,0,unetpp
0.0,0.0,240.0,147216.0,240.0,0.0,0,0.0,0.0,0.0,0.0,0.9999999999993208,4.166665901195188e-10,,,,74,21,0.2935847661305232,0,unetpp
0.0,0.0,152.0,147304.0,152.0,0.0,0,0.0,0.0,0.0,0.0,0.9999999999993211,6.578947386870482e-10,,,,74,22,0.2935847661305232,0,unetpp
0.0,0.0,164.0,147292.0,164.0,0.0,0,0.0,0.0,0.0,0.0,0.9999999999993211,6.097560234508137e-10,,,,74,23,0.2935847661305232,0,unetpp
0.0,0.0,165.0,147291.0,165.0,0.0,0,0.0,0.0,0.0,0.0,0.9999999999993211,6.060605350910464e-10,,,,74,24,0.2935847661305232,0,unetpp
0.0,0.0,0.0,147456.0,0.0,0.0,1,1.0,1.0,1.0,1.0,0.9999999999993219,1.0,,,,74,25,0.2935847661305232,0,unetpp
0.0,0.0,0.0,147456.0,0.0,0.0,1,1.0,1.0,1.0,1.0,0.9999999999993219,1.0,,,,74,26,0.2935847661305232,0,unetpp
0.0,0.0,0.0,147456.0,0.0,0.0,1,1.0,1.0,1.0,1.0,0.9999999999993219,1.0,,,,74,27,0.2935847661305232,0,unetpp
0.0,0.0,0.0,147456.0,0.0,0.0,1,1.0,1.0,1.0,1.0,0.9999999999993219,1.0,,,,74,28,0.2935847661305232,0,unetpp
0.0,0.0,0.0,147456.0,0.0,0.0,1,1.0,1.0,1.0,1.0,0.9999999999993219,1.0,,,,74,29,0.2935847661305232,0,unetpp
0.0,0.0,0.0,147456.0,0.0,0.0,1,1.0,1.0,1.0,1.0,0.9999999999993219,1.0,,,,74,30,0.2935847661305232,0,unetpp
0.0,0.0,0.0,147456.0,0.0,0.0,1,1.0,1.0,1.0,1.0,0.9999999999993219,1.0,,,,74,31,0.2935847661305232,0,unetpp
0.0,0.0,0.0,147456.0,0.0,0.0,1,1.0,1.0,1.0,1.0,0.9999999999993219,1.0,,,,74,32,0.2935847661305232,0,unetpp
0.0,0.0,0.0,147456.0,0.0,0.0,1,1.0,1.0,1.0,1.0,0.9999999999993219,1.0,,,,74,33,0.2935847661305232,0,unetpp
0.0,0.0,0.0,147456.0,0.0,0.0,1,1.0,1.0,1.0,1.0,0.9999999999993219,1.0,,,,74,34,0.2935847661305232,0,unetpp
0.0,0.0,0.0,147456.0,0.0,0.0,1,1.0,1.0,1.0,1.0,0.9999999999993219,1.0,,,,74,35,0.2935847661305232,0,unetpp
0.0,0.0,0.0,147456.0,0.0,0.0,1,1.0,1.0,1.0,1.0,0.9999999999993219,1.0,,,,74,36,0.2935847661305232,0,unetpp
0.0,0.0,0.0,147456.0,0.0,0.0,1,1.0,1.0,1.0,1.0,0.9999999999993219,1.0,,,,74,37,0.2935847661305232,0,unetpp
0.0,0.0,0.0,147456.0,0.0,0.0,1,1.0,1.0,1.0,1.0,0.9999999999993219,1.0,,,,74,38,0.2935847661305232,0,unetpp
0.0,0.0,0.0,147456.0,0.0,0.0,1,1.0,1.0,1.0,1.0,0.9999999999993219,1.0,,,,75,0,0.8883229691047281,0,unetpp
0.0,0.0,0.0,147456.0,0.0,0.0,1,1.0,1.0,1.0,1.0,0.9999999999993219,1.0,,,,75,1,0.8883229691047281,0,unetpp
0.0,0.0,0.0,147456.0,0.0,0.0,1,1.0,1.0,1.0,1.0,0.9999999999993219,1.0,,,,75,2,0.8883229691047281,0,unetpp
0.0,0.0,0.0,147456.0,0.0,0.0,1,1.0,1.0,1.0,1.0,0.9999999999993219,1.0,,,,75,3,0.8883229691047281,0,unetpp
0.0,0.0,0.0,147456.0,0.0,0.0,1,1.0,1.0,1.0,1.0,0.9999999999993219,1.0,,,,75,4,0.8883229691047281,0,unetpp
0.0,0.0,0.0,147456.0,0.0,0.0,1,1.0,1.0,1.0,1.0,0.9999999999993219,1.0,,,,75,5,0.8883229691047281,0,unetpp
0.0,0.0,0.0,147456.0,0.0,0.0,1,1.0,1.0,1.0,1.0,0.9999999999993219,1.0,,,,75,6,0.8883229691047281,0,unetpp
0.0,0.0,0.0,147456.0,0.0,0.0,1,1.0,1.0,1.0,1.0,0.9999999999993219,1.0,,,,75,7,0.8883229691047281,0,unetpp
0.0,0.0,0.0,147456.0,0.0,0.0,1,1.0,1.0,1.0,1.0,0.9999999999993219,1.0,,,,75,8,0.8883229691047281,0,unetpp
0.0,0.0,0.0,147456.0,0.0,0.0,1,1.0,1.0,1.0,1.0,0.9999999999993219,1.0,,,,75,9,0.8883229691047281,0,unetpp
0.0,0.0,0.0,147456.0,0.0,0.0,1,1.0,1.0,1.0,1.0,0.9999999999993219,1.0,,,,75,10,0.8883229691047281,0,unetpp
0.0,0.0,0.0,147456.0,0.0,0.0,1,1.0,1.0,1.0,1.0,0.9999999999993219,1.0,,,,75,11,0.8883229691047281,0,unetpp
0.0,0.0,0.0,147456.0,0.0,0.0,1,1.0,1.0,1.0,1.0,0.9999999999993219,1.0,,,,75,12,0.8883229691047281,0,unetpp
0.0,0.0,0.0,147456.0,0.0,0.0,1,1.0,1.0,1.0,1.0,0.9999999999993219,1.0,,,,75,13,0.8883229691047281,0,unetpp
0.0,0.0,0.0,147456.0,0.0,0.0,1,1.0,1.0,1.0,1.0,0.9999999999993219,1.0,,,,75,14,0.8883229691047281,0,unetpp
0.0,230.0,271.0,146955.0,271.0,230.0,0,0.0,0.0,0.0,0.0,0.9984373407609481,0.9181636726710252,85.79382316405243,79.79822034350933,0.0,75,15,0.8883229691047281,0,unetpp
0.0,0.0,568.0,146888.0,568.0,0.0,0,0.0,0.0,0.0,0.0,0.9999999999993192,1.760562806651933e-10,,,,75,16,0.8883229691047281,0,unetpp
953.0,0.0,541.0,145962.0,1494.0,953.0,0,0.7789129546065013,0.6378848727819354,0.9999999998950683,0.6378848727819354,0.9999999999993149,0.7789129546473677,5.270220328285865,1.8086858201295293,0.5973154362416108,75,17,0.8883229691047281,0,unetpp
2018.0,23.0,321.0,145094.0,2339.0,2041.0,0,0.921461187193574,0.8543607112254716,0.9887310141602778,0.8627618640075776,0.9998415071969515,0.9319634703211881,3.1271551549350085,0.8530404763753043,0.938337801608579,75,18,0.8883229691047281,0,unetpp
2602.0,192.0,487.0,144175.0,3089.0,2794.0,0,0.8845826958884144,0.7930508990919521,0.9312813170747574,0.8423438005554438,0.9986700561755812,0.9498555158941041,5.717204449315791,1.468119893255683,0.7544642857142857,75,19,0.8883229691047281,0,unetpp
3889.0,185.0,293.0,143089.0,4182.0,4074.0,0,0.9421027131668833,0.890542706643221,0.9545900834326316,0.9299378287678159,0.9987087678148172,0.9869186046513212,4.176394280521511,0.8587979880344642,0.9058614564831261,75,20,0.8883229691047281,0,unetpp
4512.0,299.0,218.0,142427.0,4730.0,4811.0,0,0.9458128078718602,0.8971962616644026,0.9378507586585356,0.9539112050538285,0.9979050768598589,0.9915103238655119,1.8778912176682934,0.8240489516674514,0.9622641509433962,75,21,0.8883229691047281,0,unetpp
4978.0,329.0,310.0,141839.0,5288.0,5307.0,0,0.9396885323176999,0.8862382054319702,0.9380064066150743,0.941376701948915,0.9976858364744544,0.9982067012742029,92.85120183874369,7.098500215841149,0.8389830508474576,75,22,0.8883229691047281,0,unetpp
4964.0,164.0,631.0,141697.0,5595.0,5128.0,0,0.9258603002804638,0.861955200540685,0.9680187207299529,0.887220732781283,0.9988439387844448,0.9564487550129959,9.23208941527026,1.5686586076873053,0.7920937042459737,75,23,0.8883229691047281,0,unetpp
4697.0,90.0,723.0,141946.0,5420.0,4787.0,0,0.9203487802398319,0.8524500907286306,0.9811990808234552,0.8666051660356715,0.9993663578240732,0.9379837366519254,3.1249998807907104,1.1793976387093672,0.7931570762052877,75,24,0.8883229691047281,0,unetpp
4265.0,110.0,399.0,142682.0,4664.0,4375.0,0,0.9436884611025147,0.893380812716938,0.9748571428348605,0.9144511149032065,0.9992296487191165,0.9680274366637014,2.0833332538604736,0.7247788533005337,0.9293394777265745,75,25,0.8883229691047281,0,unetpp
3957.0,63.0,1401.0,142035.0,5358.0,4020.0,0,0.8438899552053327,0.7299391256091139,0.9843283581844695,0.7385218364923755,0.9995566440055458,0.8573256557916685,10.517044656670253,2.100806845085524,0.7408585055643879,75,26,0.8883229691047281,0,unetpp
3739.0,52.0,802.0,142863.0,4541.0,3791.0,0,0.8975036005653203,0.8140648813234473,0.9862833025326753,0.8233869191626649,0.9996361473596196,0.9099855976967116,7.291666388511658,1.6137506196856368,0.7168,75,27,0.8883229691047281,0,unetpp
2735.0,33.0,926.0,143762.0,3661.0,2768.0,0,0.850832166731205,0.7403898213118465,0.9880780346463846,0.7470636437927598,0.9997705066233181,0.8610981490144486,6.257582106384522,1.849966762661582,0.6332703213610587,75,28,0.8883229691047281,0,unetpp
1689.0,49.0,734.0,144984.0,2423.0,1738.0,0,0.8118240807303094,0.6832524271568264,0.9718066742824046,0.6970697482172072,0.999662145855771,0.8353761115156122,8.52861501526676,2.0428096457080858,0.5784543325526932,75,29,0.8883229691047281,0,unetpp
0.0,0.0,870.0,146586.0,870.0,0.0,0,0.0,0.0,0.0,0.0,0.9999999999993178,1.1494249996246708e-10,,,,75,30,0.8883229691047281,0,unetpp
0.0,0.0,0.0,147456.0,0.0,0.0,1,1.0,1.0,1.0,1.0,0.9999999999993219,1.0,,,,75,31,0.8883229691047281,0,unetpp
0.0,0.0,0.0,147456.0,0.0,0.0,1,1.0,1.0,1.0,1.0,0.9999999999993219,1.0,,,,75,32,0.8883229691047281,0,unetpp
0.0,0.0,0.0,147456.0,0.0,0.0,1,1.0,1.0,1.0,1.0,0.9999999999993219,1.0,,,,75,33,0.8883229691047281,0,unetpp
0.0,0.0,0.0,147456.0,0.0,0.0,1,1.0,1.0,1.0,1.0,0.9999999999993219,1.0,,,,75,34,0.8883229691047281,0,unetpp
0.0,0.0,0.0,147456.0,0.0,0.0,1,1.0,1.0,1.0,1.0,0.9999999999993219,1.0,,,,75,35,0.8883229691047281,0,unetpp
0.0,0.0,0.0,147456.0,0.0,0.0,1,1.0,1.0,1.0,1.0,0.9999999999993219,1.0,,,,76,0,0.08351409978308026,0,unetpp
0.0,0.0,0.0,147456.0,0.0,0.0,1,1.0,1.0,1.0,1.0,0.9999999999993219,1.0,,,,76,1,0.08351409978308026,0,unetpp
0.0,0.0,0.0,147456.0,0.0,0.0,1,1.0,1.0,1.0,1.0,0.9999999999993219,1.0,,,,76,2,0.08351409978308026,0,unetpp
0.0,0.0,0.0,147456.0,0.0,0.0,1,1.0,1.0,1.0,1.0,0.9999999999993219,1.0,,,,76,3,0.08351409978308026,0,unetpp
0.0,0.0,0.0,147456.0,0.0,0.0,1,1.0,1.0,1.0,1.0,0.9999999999993219,1.0,,,,76,4,0.08351409978308026,0,unetpp
0.0,0.0,0.0,147456.0,0.0,0.0,1,1.0,1.0,1.0,1.0,0.9999999999993219,1.0,,,,76,5,0.08351409978308026,0,unetpp
0.0,0.0,0.0,147456.0,0.0,0.0,1,1.0,1.0,1.0,1.0,0.9999999999993219,1.0,,,,76,6,0.08351409978308026,0,unetpp
0.0,0.0,0.0,147456.0,0.0,0.0,1,1.0,1.0,1.0,1.0,0.9999999999993219,1.0,,,,76,7,0.08351409978308026,0,unetpp
0.0,0.0,0.0,147456.0,0.0,0.0,1,1.0,1.0,1.0,1.0,0.9999999999993219,1.0,,,,76,8,0.08351409978308026,0,unetpp
0.0,0.0,0.0,147456.0,0.0,0.0,1,1.0,1.0,1.0,1.0,0.9999999999993219,1.0,,,,76,9,0.08351409978308026,0,unetpp
0.0,0.0,0.0,147456.0,0.0,0.0,1,1.0,1.0,1.0,1.0,0.9999999999993219,1.0,,,,76,10,0.08351409978308026,0,unetpp
0.0,0.0,0.0,147456.0,0.0,0.0,1,1.0,1.0,1.0,1.0,0.9999999999993219,1.0,,,,76,11,0.08351409978308026,0,unetpp
0.0,0.0,0.0,147456.0,0.0,0.0,1,1.0,1.0,1.0,1.0,0.9999999999993219,1.0,,,,76,12,0.08351409978308026,0,unetpp
0.0,0.0,0.0,147456.0,0.0,0.0,1,1.0,1.0,1.0,1.0,0.9999999999993219,1.0,,,,76,13,0.08351409978308026,0,unetpp
0.0,0.0,0.0,147456.0,0.0,0.0,1,1.0,1.0,1.0,1.0,0.9999999999993219,1.0,,,,76,14,0.08351409978308026,0,unetpp
0.0,0.0,0.0,147456.0,0.0,0.0,1,1.0,1.0,1.0,1.0,0.9999999999993219,1.0,,,,76,15,0.08351409978308026,0,unetpp
0.0,0.0,0.0,147456.0,0.0,0.0,1,1.0,1.0,1.0,1.0,0.9999999999993219,1.0,,,,76,16,0.08351409978308026,0,unetpp
0.0,0.0,0.0,147456.0,0.0,0.0,1,1.0,1.0,1.0,1.0,0.9999999999993219,1.0,,,,76,17,0.08351409978308026,0,unetpp
0.0,0.0,0.0,147456.0,0.0,0.0,1,1.0,1.0,1.0,1.0,0.9999999999993219,1.0,,,,76,18,0.08351409978308026,0,unetpp
0.0,0.0,0.0,147456.0,0.0,0.0,1,1.0,1.0,1.0,1.0,0.9999999999993219,1.0,,,,76,19,0.08351409978308026,0,unetpp
0.0,0.0,0.0,147456.0,0.0,0.0,1,1.0,1.0,1.0,1.0,0.9999999999993219,1.0,,,,76,20,0.08351409978308026,0,unetpp
0.0,0.0,0.0,147456.0,0.0,0.0,1,1.0,1.0,1.0,1.0,0.9999999999993219,1.0,,,,76,21,0.08351409978308026,0,unetpp
0.0,0.0,0.0,147456.0,0.0,0.0,1,1.0,1.0,1.0,1.0,0.9999999999993219,1.0,,,,76,22,0.08351409978308026,0,unetpp
0.0,0.0,0.0,147456.0,0.0,0.0,1,1.0,1.0,1.0,1.0,0.9999999999993219,1.0,,,,76,23,0.08351409978308026,0,unetpp
0.0,162.0,0.0,147294.0,0.0,162.0,1,0.0,0.0,0.0,1.0,0.9989013671868225,0.0,,,,76,24,0.08351409978308026,0,unetpp
0.0,0.0,0.0,147456.0,0.0,0.0,1,1.0,1.0,1.0,1.0,0.9999999999993219,1.0,,,,76,25,0.08351409978308026,0,unetpp
0.0,0.0,0.0,147456.0,0.0,0.0,1,1.0,1.0,1.0,1.0,0.9999999999993219,1.0,,,,76,26,0.08351409978308026,0,unetpp
0.0,0.0,264.0,147192.0,264.0,0.0,0,0.0,0.0,0.0,0.0,0.9999999999993207,3.787880009653577e-10,,,,76,27,0.08351409978308026,0,unetpp
0.0,1043.0,0.0,146413.0,0.0,1043.0,1,0.0,0.0,0.0,1.0,0.9929267035583544,0.0,,,,76,28,0.08351409978308026,0,unetpp
0.0,607.0,169.0,146680.0,169.0,607.0,0,0.0,0.0,0.0,0.0,0.9958787944618358,0.4355670103820145,119.48886987114022,114.03376084205132,0.0,76,29,0.08351409978308026,0,unetpp
94.0,552.0,166.0,146644.0,260.0,646.0,0,0.20750551874089343,0.11576354678377297,0.1455108358907878,0.36153846139940826,0.9962498980943801,0.5739514349256124,116.54040456522456,25.72178111201187,0.275092936802974,76,30,0.08351409978308026,0,unetpp
155.0,190.0,66.0,147045.0,221.0,345.0,0,0.5477031801152468,0.37712895367953064,0.4492753621886158,0.7013574657459921,0.9987095459632569,0.7809187279539013,24.660921016970967,5.266358213108248,0.5664739884393064,76,31,0.08351409978308026,0,unetpp
112.0,299.0,252.0,146793.0,364.0,411.0,0,0.28903225802722166,0.1689291100801012,0.27250608265875764,0.3076923076077768,0.9979672585857844,0.9393548387175026,8.917536904115503,2.931509004529712,0.4745098039215686,76,32,0.08351409978308026,0,unetpp
14.0,801.0,873.0,145768.0,887.0,815.0,0,0.016451233841571607,0.008293838862067901,0.01717791410832173,0.015783540020768486,0.9945349971678905,0.9576968272645302,50.60150102728889,19.601613650804058,0.11358024691358025,76,33,0.08351409978308026,0,unetpp
216.0,873.0,1082.0,145285.0,1298.0,1089.0,0,0.18098031000498618,0.09949332104562444,0.19834710741980283,0.16640986131229507,0.9940270118631932,0.9124423963170322,55.84523972993599,16.690542513129454,0.29809104258443464,76,34,0.08351409978308026,0,unetpp
14.0,887.0,945.0,145610.0,959.0,901.0,0,0.015053763440050872,0.007583965330033371,0.015538290786288758,0.014598540144463134,0.9939452685031134,0.9688172043027518,86.34255709678531,25.206641665245748,0.06994328922495274,76,35,0.08351409978308026,0,unetpp
88.0,446.0,845.0,146077.0,933.0,534.0,0,0.11997273346148787,0.0638143582259743,0.1647940074597764,0.09431939977552847,0.9969561092790914,0.7280163599367406,81.99306287035166,15.950235243675031,0.2281449893390192,76,36,0.08351409978308026,0,unetpp
0.0,115.0,1072.0,146269.0,1072.0,115.0,0,0.0,0.0,0.0,0.0,0.9992143950151661,0.19376579619260614,112.32766557106582,55.122820645373984,0.0,76,37,0.08351409978308026,0,unetpp
0.0,0.0,1101.0,146355.0,1101.0,0.0,0,0.0,0.0,0.0,0.0,0.9999999999993168,9.082656848846682e-11,,,,76,38,0.08351409978308026,0,unetpp
0.0,0.0,487.0,146969.0,487.0,0.0,0,0.0,0.0,0.0,0.0,0.9999999999993195,2.0533885702889165e-10,,,,76,39,0.08351409978308026,0,unetpp
0.0,0.0,761.0,146695.0,761.0,0.0,0,0.0,0.0,0.0,0.0,0.9999999999993183,1.3140599719463353e-10,,,,76,40,0.08351409978308026,0,unetpp
0.0,0.0,583.0,146873.0,583.0,0.0,0,0.0,0.0,0.0,0.0,0.9999999999993191,1.7152657072472266e-10,,,,76,41,0.08351409978308026,0,unetpp
0.0,0.0,0.0,147456.0,0.0,0.0,1,1.0,1.0,1.0,1.0,0.9999999999993219,1.0,,,,76,42,0.08351409978308026,0,unetpp
0.0,0.0,0.0,147456.0,0.0,0.0,1,1.0,1.0,1.0,1.0,0.9999999999993219,1.0,,,,76,43,0.08351409978308026,0,unetpp
0.0,262.0,0.0,147194.0,0.0,262.0,1,0.0,0.0,0.0,1.0,0.9982231987840453,0.0,,,,76,44,0.08351409978308026,0,unetpp
0.0,307.0,0.0,147149.0,0.0,307.0,1,0.0,0.0,0.0,1.0,0.9979180230027954,0.0,,,,76,45,0.08351409978308026,0,unetpp
0.0,0.0,0.0,147456.0,0.0,0.0,1,1.0,1.0,1.0,1.0,0.9999999999993219,1.0,,,,76,46,0.08351409978308026,0,unetpp
0.0,0.0,0.0,147456.0,0.0,0.0,1,1.0,1.0,1.0,1.0,0.9999999999993219,1.0,,,,76,47,0.08351409978308026,0,unetpp
0.0,0.0,0.0,147456.0,0.0,0.0,1,1.0,1.0,1.0,1.0,0.9999999999993219,1.0,,,,76,48,0.08351409978308026,0,unetpp
0.0,0.0,0.0,147456.0,0.0,0.0,1,1.0,1.0,1.0,1.0,0.9999999999993219,1.0,,,,76,49,0.08351409978308026,0,unetpp
0.0,0.0,0.0,147456.0,0.0,0.0,1,1.0,1.0,1.0,1.0,0.9999999999993219,1.0,,,,76,50,0.08351409978308026,0,unetpp
0.0,0.0,0.0,147456.0,0.0,0.0,1,1.0,1.0,1.0,1.0,0.9999999999993219,1.0,,,,80,0,0.04228010570026425,0,unetpp
0.0,0.0,0.0,147456.0,0.0,0.0,1,1.0,1.0,1.0,1.0,0.9999999999993219,1.0,,,,80,1,0.04228010570026425,0,unetpp
0.0,0.0,0.0,147456.0,0.0,0.0,1,1.0,1.0,1.0,1.0,0.9999999999993219,1.0,,,,80,2,0.04228010570026425,0,unetpp
0.0,0.0,0.0,147456.0,0.0,0.0,1,1.0,1.0,1.0,1.0,0.9999999999993219,1.0,,,,80,3,0.04228010570026425,0,unetpp
0.0,0.0,0.0,147456.0,0.0,0.0,1,1.0,1.0,1.0,1.0,0.9999999999993219,1.0,,,,80,4,0.04228010570026425,0,unetpp
0.0,0.0,0.0,147456.0,0.0,0.0,1,1.0,1.0,1.0,1.0,0.9999999999993219,1.0,,,,80,5,0.04228010570026425,0,unetpp
0.0,0.0,0.0,147456.0,0.0,0.0,1,1.0,1.0,1.0,1.0,0.9999999999993219,1.0,,,,80,6,0.04228010570026425,0,unetpp
0.0,0.0,76.0,147380.0,76.0,0.0,0,0.0,0.0,0.0,0.0,0.9999999999993214,1.3157893663517939e-09,,,,80,7,0.04228010570026425,0,unetpp
0.0,0.0,579.0,146877.0,579.0,0.0,0,0.0,0.0,0.0,0.0,0.9999999999993191,1.727115117589051e-10,,,,80,8,0.04228010570026425,0,unetpp
0.0,0.0,628.0,146828.0,628.0,0.0,0,0.0,0.0,0.0,0.0,0.9999999999993189,1.5923562468600494e-10,,,,80,9,0.04228010570026425,0,unetpp
0.0,0.0,0.0,147456.0,0.0,0.0,1,1.0,1.0,1.0,1.0,0.9999999999993219,1.0,,,,80,10,0.04228010570026425,0,unetpp
0.0,0.0,0.0,147456.0,0.0,0.0,1,1.0,1.0,1.0,1.0,0.9999999999993219,1.0,,,,80,11,0.04228010570026425,0,unetpp
0.0,0.0,344.0,147112.0,344.0,0.0,0,0.0,0.0,0.0,0.0,0.9999999999993202,2.9069768814338204e-10,,,,80,12,0.04228010570026425,0,unetpp
26.0,20.0,2295.0,145115.0,2321.0,46.0,0,0.021968736796706013,0.011106364800892509,0.5652173900756143,0.01120206807362335,0.9998621972639268,0.03886776514411194,92.68109287525604,49.095613496765694,0.0821917808219178,80,13,0.04228010570026425,0,unetpp
142.0,3.0,1633.0,145678.0,1775.0,145.0,0,0.14791666665896266,0.07986501686839904,0.9793103441521998,0.07999999999549295,0.999979407059946,0.15104166671088326,83.35797753341276,38.03377268892244,0.13984168865435356,80,14,0.04228010570026425,0,unetpp
0.0,0.0,585.0,146871.0,585.0,0.0,0,0.0,0.0,0.0,0.0,0.9999999999993191,1.7094015092311565e-10,,,,80,15,0.04228010570026425,0,unetpp
0.0,0.0,601.0,146855.0,601.0,0.0,0,0.0,0.0,0.0,0.0,0.9999999999993191,1.6638934674517714e-10,,,,80,16,0.04228010570026425,0,unetpp
0.0,0.0,371.0,147085.0,371.0,0.0,0,0.0,0.0,0.0,0.0,0.9999999999993201,2.6954183329763737e-10,,,,80,17,0.04228010570026425,0,unetpp
0.0,87.0,263.0,147106.0,263.0,87.0,0,0.0,0.0,0.0,0.0,0.9994089392831185,0.4971428572865306,81.28641411824238,74.92030008225069,0.0,80,18,0.04228010570026425,0,unetpp
0.0,0.0,74.0,147382.0,74.0,0.0,0,0.0,0.0,0.0,0.0,0.9999999999993214,1.3513512531204697e-09,,,,80,19,0.04228010570026425,0,unetpp
0.0,52.0,0.0,147404.0,0.0,52.0,1,0.0,0.0,0.0,1.0,0.9996473524298776,0.0,,,,80,20,0.04228010570026425,0,unetpp
0.0,0.0,0.0,147456.0,0.0,0.0,1,1.0,1.0,1.0,1.0,0.9999999999993219,1.0,,,,80,21,0.04228010570026425,0,unetpp
0.0,0.0,0.0,147456.0,0.0,0.0,1,1.0,1.0,1.0,1.0,0.9999999999993219,1.0,,,,80,22,0.04228010570026425,0,unetpp
0.0,0.0,0.0,147456.0,0.0,0.0,1,1.0,1.0,1.0,1.0,0.9999999999993219,1.0,,,,80,23,0.04228010570026425,0,unetpp
0.0,0.0,0.0,147456.0,0.0,0.0,1,1.0,1.0,1.0,1.0,0.9999999999993219,1.0,,,,80,24,0.04228010570026425,0,unetpp
0.0,0.0,0.0,147456.0,0.0,0.0,1,1.0,1.0,1.0,1.0,0.9999999999993219,1.0,,,,80,25,0.04228010570026425,0,unetpp
0.0,0.0,0.0,147456.0,0.0,0.0,1,1.0,1.0,1.0,1.0,0.9999999999993219,1.0,,,,80,26,0.04228010570026425,0,unetpp
0.0,0.0,0.0,147456.0,0.0,0.0,1,1.0,1.0,1.0,1.0,0.9999999999993219,1.0,,,,80,27,0.04228010570026425,0,unetpp
0.0,0.0,0.0,147456.0,0.0,0.0,1,1.0,1.0,1.0,1.0,0.9999999999993219,1.0,,,,80,28,0.04228010570026425,0,unetpp
0.0,0.0,0.0,147456.0,0.0,0.0,1,1.0,1.0,1.0,1.0,0.9999999999993219,1.0,,,,80,29,0.04228010570026425,0,unetpp
0.0,0.0,0.0,147456.0,0.0,0.0,1,1.0,1.0,1.0,1.0,0.9999999999993219,1.0,,,,80,30,0.04228010570026425,0,unetpp
0.0,0.0,0.0,147456.0,0.0,0.0,1,1.0,1.0,1.0,1.0,0.9999999999993219,1.0,,,,80,31,0.04228010570026425,0,unetpp
0.0,0.0,0.0,147456.0,0.0,0.0,1,1.0,1.0,1.0,1.0,0.9999999999993219,1.0,,,,80,32,0.04228010570026425,0,unetpp
0.0,0.0,0.0,147456.0,0.0,0.0,1,1.0,1.0,1.0,1.0,0.9999999999993219,1.0,,,,98,0,,0,unetpp
0.0,0.0,0.0,147456.0,0.0,0.0,1,1.0,1.0,1.0,1.0,0.9999999999993219,1.0,,,,98,1,,0,unetpp
0.0,0.0,0.0,147456.0,0.0,0.0,1,1.0,1.0,1.0,1.0,0.9999999999993219,1.0,,,,98,2,,0,unetpp
0.0,0.0,0.0,147456.0,0.0,0.0,1,1.0,1.0,1.0,1.0,0.9999999999993219,1.0,,,,98,3,,0,unetpp
0.0,0.0,0.0,147456.0,0.0,0.0,1,1.0,1.0,1.0,1.0,0.9999999999993219,1.0,,,,98,4,,0,unetpp
0.0,0.0,0.0,147456.0,0.0,0.0,1,1.0,1.0,1.0,1.0,0.9999999999993219,1.0,,,,98,5,,0,unetpp
0.0,0.0,0.0,147456.0,0.0,0.0,1,1.0,1.0,1.0,1.0,0.9999999999993219,1.0,,,,98,6,,0,unetpp
0.0,0.0,0.0,147456.0,0.0,0.0,1,1.0,1.0,1.0,1.0,0.9999999999993219,1.0,,,,98,7,,0,unetpp
0.0,0.0,0.0,147456.0,0.0,0.0,1,1.0,1.0,1.0,1.0,0.9999999999993219,1.0,,,,98,8,,0,unetpp
0.0,0.0,0.0,147456.0,0.0,0.0,1,1.0,1.0,1.0,1.0,0.9999999999993219,1.0,,,,98,9,,0,unetpp
0.0,0.0,0.0,147456.0,0.0,0.0,1,1.0,1.0,1.0,1.0,0.9999999999993219,1.0,,,,98,10,,0,unetpp
0.0,0.0,0.0,147456.0,0.0,0.0,1,1.0,1.0,1.0,1.0,0.9999999999993219,1.0,,,,98,11,,0,unetpp
0.0,0.0,0.0,147456.0,0.0,0.0,1,1.0,1.0,1.0,1.0,0.9999999999993219,1.0,,,,98,12,,0,unetpp
0.0,0.0,0.0,147456.0,0.0,0.0,1,1.0,1.0,1.0,1.0,0.9999999999993219,1.0,,,,98,13,,0,unetpp
0.0,0.0,0.0,147456.0,0.0,0.0,1,1.0,1.0,1.0,1.0,0.9999999999993219,1.0,,,,98,14,,0,unetpp
0.0,0.0,0.0,147456.0,0.0,0.0,1,1.0,1.0,1.0,1.0,0.9999999999993219,1.0,,,,98,15,,0,unetpp
0.0,0.0,0.0,147456.0,0.0,0.0,1,1.0,1.0,1.0,1.0,0.9999999999993219,1.0,,,,98,16,,0,unetpp
0.0,0.0,0.0,147456.0,0.0,0.0,1,1.0,1.0,1.0,1.0,0.9999999999993219,1.0,,,,98,17,,0,unetpp
0.0,0.0,0.0,147456.0,0.0,0.0,1,1.0,1.0,1.0,1.0,0.9999999999993219,1.0,,,,98,18,,0,unetpp
0.0,0.0,0.0,147456.0,0.0,0.0,1,1.0,1.0,1.0,1.0,0.9999999999993219,1.0,,,,98,19,,0,unetpp
0.0,0.0,0.0,147456.0,0.0,0.0,1,1.0,1.0,1.0,1.0,0.9999999999993219,1.0,,,,98,20,,0,unetpp
0.0,0.0,0.0,147456.0,0.0,0.0,1,1.0,1.0,1.0,1.0,0.9999999999993219,1.0,,,,98,21,,0,unetpp
0.0,0.0,0.0,147456.0,0.0,0.0,1,1.0,1.0,1.0,1.0,0.9999999999993219,1.0,,,,98,22,,0,unetpp
0.0,0.0,0.0,147456.0,0.0,0.0,1,1.0,1.0,1.0,1.0,0.9999999999993219,1.0,,,,98,23,,0,unetpp
0.0,0.0,0.0,147456.0,0.0,0.0,1,1.0,1.0,1.0,1.0,0.9999999999993219,1.0,,,,98,24,,0,unetpp
0.0,0.0,0.0,147456.0,0.0,0.0,1,1.0,1.0,1.0,1.0,0.9999999999993219,1.0,,,,98,25,,0,unetpp
0.0,0.0,0.0,147456.0,0.0,0.0,1,1.0,1.0,1.0,1.0,0.9999999999993219,1.0,,,,98,26,,0,unetpp
0.0,0.0,0.0,147456.0,0.0,0.0,1,1.0,1.0,1.0,1.0,0.9999999999993219,1.0,,,,98,27,,0,unetpp
0.0,0.0,0.0,147456.0,0.0,0.0,1,1.0,1.0,1.0,1.0,0.9999999999993219,1.0,,,,98,28,,0,unetpp
0.0,0.0,0.0,147456.0,0.0,0.0,1,1.0,1.0,1.0,1.0,0.9999999999993219,1.0,,,,98,29,,0,unetpp
0.0,0.0,0.0,147456.0,0.0,0.0,1,1.0,1.0,1.0,1.0,0.9999999999993219,1.0,,,,98,30,,0,unetpp
0.0,0.0,0.0,147456.0,0.0,0.0,1,1.0,1.0,1.0,1.0,0.9999999999993219,1.0,,,,98,31,,0,unetpp
0.0,0.0,0.0,147456.0,0.0,0.0,1,1.0,1.0,1.0,1.0,0.9999999999993219,1.0,,,,98,32,,0,unetpp
0.0,0.0,0.0,147456.0,0.0,0.0,1,1.0,1.0,1.0,1.0,0.9999999999993219,1.0,,,,98,33,,0,unetpp
0.0,0.0,0.0,147456.0,0.0,0.0,1,1.0,1.0,1.0,1.0,0.9999999999993219,1.0,,,,98,34,,0,unetpp
0.0,0.0,0.0,147456.0,0.0,0.0,1,1.0,1.0,1.0,1.0,0.9999999999993219,1.0,,,,98,35,,0,unetpp
0.0,0.0,0.0,147456.0,0.0,0.0,1,1.0,1.0,1.0,1.0,0.9999999999993219,1.0,,,,98,36,,0,unetpp
0.0,0.0,0.0,147456.0,0.0,0.0,1,1.0,1.0,1.0,1.0,0.9999999999993219,1.0,,,,98,37,,0,unetpp
0.0,0.0,0.0,147456.0,0.0,0.0,1,1.0,1.0,1.0,1.0,0.9999999999993219,1.0,,,,98,38,,0,unetpp
0.0,0.0,0.0,147456.0,0.0,0.0,1,1.0,1.0,1.0,1.0,0.9999999999993219,1.0,,,,98,39,,0,unetpp
0.0,0.0,0.0,147456.0,0.0,0.0,1,1.0,1.0,1.0,1.0,0.9999999999993219,1.0,,,,98,40,,0,unetpp
0.0,0.0,0.0,147456.0,0.0,0.0,1,1.0,1.0,1.0,1.0,0.9999999999993219,1.0,,,,98,41,,0,unetpp
0.0,0.0,0.0,147456.0,0.0,0.0,1,1.0,1.0,1.0,1.0,0.9999999999993219,1.0,,,,98,42,,0,unetpp
0.0,0.0,0.0,147456.0,0.0,0.0,1,1.0,1.0,1.0,1.0,0.9999999999993219,1.0,,,,98,43,,0,unetpp
0.0,0.0,0.0,147456.0,0.0,0.0,1,1.0,1.0,1.0,1.0,0.9999999999993219,1.0,,,,98,44,,0,unetpp
0.0,0.0,0.0,147456.0,0.0,0.0,1,1.0,1.0,1.0,1.0,0.9999999999993219,1.0,,,,98,45,,0,unetpp
0.0,0.0,0.0,147456.0,0.0,0.0,1,1.0,1.0,1.0,1.0,0.9999999999993219,1.0,,,,98,46,,0,unetpp
0.0,0.0,0.0,147456.0,0.0,0.0,1,1.0,1.0,1.0,1.0,0.9999999999993219,1.0,,,,98,47,,0,unetpp
0.0,0.0,0.0,147456.0,0.0,0.0,1,1.0,1.0,1.0,1.0,0.9999999999993219,1.0,,,,104,0,,0,unetpp
0.0,0.0,0.0,147456.0,0.0,0.0,1,1.0,1.0,1.0,1.0,0.9999999999993219,1.0,,,,104,1,,0,unetpp
0.0,0.0,0.0,147456.0,0.0,0.0,1,1.0,1.0,1.0,1.0,0.9999999999993219,1.0,,,,104,2,,0,unetpp
0.0,0.0,0.0,147456.0,0.0,0.0,1,1.0,1.0,1.0,1.0,0.9999999999993219,1.0,,,,104,3,,0,unetpp
0.0,0.0,0.0,147456.0,0.0,0.0,1,1.0,1.0,1.0,1.0,0.9999999999993219,1.0,,,,104,4,,0,unetpp
0.0,0.0,0.0,147456.0,0.0,0.0,1,1.0,1.0,1.0,1.0,0.9999999999993219,1.0,,,,104,5,,0,unetpp
0.0,0.0,0.0,147456.0,0.0,0.0,1,1.0,1.0,1.0,1.0,0.9999999999993219,1.0,,,,104,6,,0,unetpp
0.0,0.0,0.0,147456.0,0.0,0.0,1,1.0,1.0,1.0,1.0,0.9999999999993219,1.0,,,,104,7,,0,unetpp
0.0,0.0,0.0,147456.0,0.0,0.0,1,1.0,1.0,1.0,1.0,0.9999999999993219,1.0,,,,104,8,,0,unetpp
0.0,0.0,0.0,147456.0,0.0,0.0,1,1.0,1.0,1.0,1.0,0.9999999999993219,1.0,,,,104,9,,0,unetpp
0.0,0.0,0.0,147456.0,0.0,0.0,1,1.0,1.0,1.0,1.0,0.9999999999993219,1.0,,,,104,10,,0,unetpp
0.0,0.0,0.0,147456.0,0.0,0.0,1,1.0,1.0,1.0,1.0,0.9999999999993219,1.0,,,,104,11,,0,unetpp
0.0,0.0,0.0,147456.0,0.0,0.0,1,1.0,1.0,1.0,1.0,0.9999999999993219,1.0,,,,104,12,,0,unetpp
0.0,0.0,0.0,147456.0,0.0,0.0,1,1.0,1.0,1.0,1.0,0.9999999999993219,1.0,,,,104,13,,0,unetpp
0.0,101.0,0.0,147355.0,0.0,101.0,1,0.0,0.0,0.0,1.0,0.9993150499125167,0.0,,,,104,14,,0,unetpp
0.0,0.0,0.0,147456.0,0.0,0.0,1,1.0,1.0,1.0,1.0,0.9999999999993219,1.0,,,,104,15,,0,unetpp
0.0,0.0,0.0,147456.0,0.0,0.0,1,1.0,1.0,1.0,1.0,0.9999999999993219,1.0,,,,104,16,,0,unetpp
0.0,0.0,0.0,147456.0,0.0,0.0,1,1.0,1.0,1.0,1.0,0.9999999999993219,1.0,,,,104,17,,0,unetpp
0.0,0.0,0.0,147456.0,0.0,0.0,1,1.0,1.0,1.0,1.0,0.9999999999993219,1.0,,,,104,18,,0,unetpp
0.0,0.0,0.0,147456.0,0.0,0.0,1,1.0,1.0,1.0,1.0,0.9999999999993219,1.0,,,,104,19,,0,unetpp
0.0,0.0,0.0,147456.0,0.0,0.0,1,1.0,1.0,1.0,1.0,0.9999999999993219,1.0,,,,104,20,,0,unetpp
0.0,0.0,0.0,147456.0,0.0,0.0,1,1.0,1.0,1.0,1.0,0.9999999999993219,1.0,,,,104,21,,0,unetpp
0.0,0.0,0.0,147456.0,0.0,0.0,1,1.0,1.0,1.0,1.0,0.9999999999993219,1.0,,,,104,22,,0,unetpp
0.0,0.0,0.0,147456.0,0.0,0.0,1,1.0,1.0,1.0,1.0,0.9999999999993219,1.0,,,,104,23,,0,unetpp
0.0,0.0,0.0,147456.0,0.0,0.0,1,1.0,1.0,1.0,1.0,0.9999999999993219,1.0,,,,104,24,,0,unetpp
0.0,0.0,0.0,147456.0,0.0,0.0,1,1.0,1.0,1.0,1.0,0.9999999999993219,1.0,,,,104,25,,0,unetpp
0.0,0.0,0.0,147456.0,0.0,0.0,1,1.0,1.0,1.0,1.0,0.9999999999993219,1.0,,,,104,26,,0,unetpp
0.0,0.0,0.0,147456.0,0.0,0.0,1,1.0,1.0,1.0,1.0,0.9999999999993219,1.0,,,,104,27,,0,unetpp
0.0,0.0,0.0,147456.0,0.0,0.0,1,1.0,1.0,1.0,1.0,0.9999999999993219,1.0,,,,104,28,,0,unetpp
0.0,0.0,0.0,147456.0,0.0,0.0,1,1.0,1.0,1.0,1.0,0.9999999999993219,1.0,,,,104,29,,0,unetpp
0.0,0.0,0.0,147456.0,0.0,0.0,1,1.0,1.0,1.0,1.0,0.9999999999993219,1.0,,,,104,30,,0,unetpp
0.0,0.0,0.0,147456.0,0.0,0.0,1,1.0,1.0,1.0,1.0,0.9999999999993219,1.0,,,,108,0,,0,unetpp
0.0,0.0,0.0,147456.0,0.0,0.0,1,1.0,1.0,1.0,1.0,0.9999999999993219,1.0,,,,108,1,,0,unetpp
0.0,0.0,0.0,147456.0,0.0,0.0,1,1.0,1.0,1.0,1.0,0.9999999999993219,1.0,,,,108,2,,0,unetpp
0.0,0.0,0.0,147456.0,0.0,0.0,1,1.0,1.0,1.0,1.0,0.9999999999993219,1.0,,,,108,3,,0,unetpp
0.0,0.0,0.0,147456.0,0.0,0.0,1,1.0,1.0,1.0,1.0,0.9999999999993219,1.0,,,,108,4,,0,unetpp
0.0,0.0,0.0,147456.0,0.0,0.0,1,1.0,1.0,1.0,1.0,0.9999999999993219,1.0,,,,108,5,,0,unetpp
0.0,0.0,0.0,147456.0,0.0,0.0,1,1.0,1.0,1.0,1.0,0.9999999999993219,1.0,,,,108,6,,0,unetpp
0.0,0.0,0.0,147456.0,0.0,0.0,1,1.0,1.0,1.0,1.0,0.9999999999993219,1.0,,,,108,7,,0,unetpp
0.0,0.0,0.0,147456.0,0.0,0.0,1,1.0,1.0,1.0,1.0,0.9999999999993219,1.0,,,,108,8,,0,unetpp
0.0,0.0,0.0,147456.0,0.0,0.0,1,1.0,1.0,1.0,1.0,0.9999999999993219,1.0,,,,108,9,,0,unetpp
0.0,0.0,0.0,147456.0,0.0,0.0,1,1.0,1.0,1.0,1.0,0.9999999999993219,1.0,,,,108,10,,0,unetpp
0.0,0.0,0.0,147456.0,0.0,0.0,1,1.0,1.0,1.0,1.0,0.9999999999993219,1.0,,,,108,11,,0,unetpp
0.0,0.0,0.0,147456.0,0.0,0.0,1,1.0,1.0,1.0,1.0,0.9999999999993219,1.0,,,,108,12,,0,unetpp
0.0,0.0,0.0,147456.0,0.0,0.0,1,1.0,1.0,1.0,1.0,0.9999999999993219,1.0,,,,108,13,,0,unetpp
0.0,0.0,0.0,147456.0,0.0,0.0,1,1.0,1.0,1.0,1.0,0.9999999999993219,1.0,,,,108,14,,0,unetpp
0.0,0.0,0.0,147456.0,0.0,0.0,1,1.0,1.0,1.0,1.0,0.9999999999993219,1.0,,,,108,15,,0,unetpp
0.0,0.0,0.0,147456.0,0.0,0.0,1,1.0,1.0,1.0,1.0,0.9999999999993219,1.0,,,,108,16,,0,unetpp
0.0,0.0,0.0,147456.0,0.0,0.0,1,1.0,1.0,1.0,1.0,0.9999999999993219,1.0,,,,108,17,,0,unetpp
0.0,0.0,0.0,147456.0,0.0,0.0,1,1.0,1.0,1.0,1.0,0.9999999999993219,1.0,,,,108,18,,0,unetpp
0.0,0.0,0.0,147456.0,0.0,0.0,1,1.0,1.0,1.0,1.0,0.9999999999993219,1.0,,,,108,19,,0,unetpp
0.0,0.0,0.0,147456.0,0.0,0.0,1,1.0,1.0,1.0,1.0,0.9999999999993219,1.0,,,,108,20,,0,unetpp
0.0,0.0,0.0,147456.0,0.0,0.0,1,1.0,1.0,1.0,1.0,0.9999999999993219,1.0,,,,108,21,,0,unetpp
0.0,0.0,0.0,147456.0,0.0,0.0,1,1.0,1.0,1.0,1.0,0.9999999999993219,1.0,,,,108,22,,0,unetpp
0.0,0.0,0.0,147456.0,0.0,0.0,1,1.0,1.0,1.0,1.0,0.9999999999993219,1.0,,,,108,23,,0,unetpp
0.0,0.0,0.0,147456.0,0.0,0.0,1,1.0,1.0,1.0,1.0,0.9999999999993219,1.0,,,,108,24,,0,unetpp
0.0,0.0,0.0,147456.0,0.0,0.0,1,1.0,1.0,1.0,1.0,0.9999999999993219,1.0,,,,108,25,,0,unetpp
0.0,0.0,0.0,147456.0,0.0,0.0,1,1.0,1.0,1.0,1.0,0.9999999999993219,1.0,,,,108,26,,0,unetpp
0.0,0.0,0.0,147456.0,0.0,0.0,1,1.0,1.0,1.0,1.0,0.9999999999993219,1.0,,,,108,27,,0,unetpp
0.0,0.0,0.0,147456.0,0.0,0.0,1,1.0,1.0,1.0,1.0,0.9999999999993219,1.0,,,,108,28,,0,unetpp
0.0,0.0,0.0,147456.0,0.0,0.0,1,1.0,1.0,1.0,1.0,0.9999999999993219,1.0,,,,108,29,,0,unetpp
0.0,0.0,0.0,147456.0,0.0,0.0,1,1.0,1.0,1.0,1.0,0.9999999999993219,1.0,,,,108,30,,0,unetpp
0.0,0.0,0.0,147456.0,0.0,0.0,1,1.0,1.0,1.0,1.0,0.9999999999993219,1.0,,,,108,31,,0,unetpp
0.0,0.0,0.0,147456.0,0.0,0.0,1,1.0,1.0,1.0,1.0,0.9999999999993219,1.0,,,,108,32,,0,unetpp
0.0,0.0,0.0,147456.0,0.0,0.0,1,1.0,1.0,1.0,1.0,0.9999999999993219,1.0,,,,108,33,,0,unetpp
0.0,0.0,0.0,147456.0,0.0,0.0,1,1.0,1.0,1.0,1.0,0.9999999999993219,1.0,,,,108,34,,0,unetpp
0.0,0.0,0.0,147456.0,0.0,0.0,1,1.0,1.0,1.0,1.0,0.9999999999993219,1.0,,,,108,35,,0,unetpp
0.0,0.0,0.0,147456.0,0.0,0.0,1,1.0,1.0,1.0,1.0,0.9999999999993219,1.0,,,,108,36,,0,unetpp
0.0,0.0,0.0,147456.0,0.0,0.0,1,1.0,1.0,1.0,1.0,0.9999999999993219,1.0,,,,108,37,,0,unetpp
0.0,0.0,0.0,147456.0,0.0,0.0,1,1.0,1.0,1.0,1.0,0.9999999999993219,1.0,,,,108,38,,0,unetpp
0.0,0.0,0.0,147456.0,0.0,0.0,1,1.0,1.0,1.0,1.0,0.9999999999993219,1.0,,,,108,39,,0,unetpp
0.0,0.0,0.0,147456.0,0.0,0.0,1,1.0,1.0,1.0,1.0,0.9999999999993219,1.0,,,,108,40,,0,unetpp
0.0,0.0,0.0,147456.0,0.0,0.0,1,1.0,1.0,1.0,1.0,0.9999999999993219,1.0,,,,108,41,,0,unetpp
0.0,0.0,0.0,147456.0,0.0,0.0,1,1.0,1.0,1.0,1.0,0.9999999999993219,1.0,,,,108,42,,0,unetpp
0.0,0.0,0.0,147456.0,0.0,0.0,1,1.0,1.0,1.0,1.0,0.9999999999993219,1.0,,,,108,43,,0,unetpp
0.0,0.0,0.0,147456.0,0.0,0.0,1,1.0,1.0,1.0,1.0,0.9999999999993219,1.0,,,,108,44,,0,unetpp
0.0,0.0,0.0,147456.0,0.0,0.0,1,1.0,1.0,1.0,1.0,0.9999999999993219,1.0,,,,108,45,,0,unetpp
0.0,0.0,0.0,147456.0,0.0,0.0,1,1.0,1.0,1.0,1.0,0.9999999999993219,1.0,,,,108,46,,0,unetpp
0.0,0.0,0.0,147456.0,0.0,0.0,1,1.0,1.0,1.0,1.0,0.9999999999993219,1.0,,,,108,47,,0,unetpp
0.0,0.0,0.0,147456.0,0.0,0.0,1,1.0,1.0,1.0,1.0,0.9999999999993219,1.0,,,,108,48,,0,unetpp
0.0,0.0,0.0,147456.0,0.0,0.0,1,1.0,1.0,1.0,1.0,0.9999999999993219,1.0,,,,108,49,,0,unetpp
0.0,0.0,0.0,147456.0,0.0,0.0,1,1.0,1.0,1.0,1.0,0.9999999999993219,1.0,,,,108,50,,0,unetpp
0.0,0.0,0.0,147456.0,0.0,0.0,1,1.0,1.0,1.0,1.0,0.9999999999993219,1.0,,,,108,51,,0,unetpp
0.0,0.0,0.0,147456.0,0.0,0.0,1,1.0,1.0,1.0,1.0,0.9999999999993219,1.0,,,,108,52,,0,unetpp
0.0,0.0,0.0,147456.0,0.0,0.0,1,1.0,1.0,1.0,1.0,0.9999999999993219,1.0,,,,108,53,,0,unetpp
0.0,0.0,0.0,147456.0,0.0,0.0,1,1.0,1.0,1.0,1.0,0.9999999999993219,1.0,,,,108,54,,0,unetpp
0.0,0.0,0.0,147456.0,0.0,0.0,1,1.0,1.0,1.0,1.0,0.9999999999993219,1.0,,,,108,55,,0,unetpp
0.0,0.0,0.0,147456.0,0.0,0.0,1,1.0,1.0,1.0,1.0,0.9999999999993219,1.0,,,,108,56,,0,unetpp
0.0,0.0,0.0,147456.0,0.0,0.0,1,1.0,1.0,1.0,1.0,0.9999999999993219,1.0,,,,108,57,,0,unetpp
0.0,0.0,0.0,147456.0,0.0,0.0,1,1.0,1.0,1.0,1.0,0.9999999999993219,1.0,,,,113,0,,0,unetpp
0.0,0.0,0.0,147456.0,0.0,0.0,1,1.0,1.0,1.0,1.0,0.9999999999993219,1.0,,,,113,1,,0,unetpp
0.0,0.0,0.0,147456.0,0.0,0.0,1,1.0,1.0,1.0,1.0,0.9999999999993219,1.0,,,,113,2,,0,unetpp
0.0,0.0,0.0,147456.0,0.0,0.0,1,1.0,1.0,1.0,1.0,0.9999999999993219,1.0,,,,113,3,,0,unetpp
0.0,0.0,0.0,147456.0,0.0,0.0,1,1.0,1.0,1.0,1.0,0.9999999999993219,1.0,,,,113,4,,0,unetpp
0.0,0.0,0.0,147456.0,0.0,0.0,1,1.0,1.0,1.0,1.0,0.9999999999993219,1.0,,,,113,5,,0,unetpp
0.0,0.0,0.0,147456.0,0.0,0.0,1,1.0,1.0,1.0,1.0,0.9999999999993219,1.0,,,,113,6,,0,unetpp
0.0,0.0,0.0,147456.0,0.0,0.0,1,1.0,1.0,1.0,1.0,0.9999999999993219,1.0,,,,113,7,,0,unetpp
0.0,0.0,0.0,147456.0,0.0,0.0,1,1.0,1.0,1.0,1.0,0.9999999999993219,1.0,,,,113,8,,0,unetpp
0.0,0.0,0.0,147456.0,0.0,0.0,1,1.0,1.0,1.0,1.0,0.9999999999993219,1.0,,,,113,9,,0,unetpp
0.0,0.0,0.0,147456.0,0.0,0.0,1,1.0,1.0,1.0,1.0,0.9999999999993219,1.0,,,,113,10,,0,unetpp
0.0,0.0,0.0,147456.0,0.0,0.0,1,1.0,1.0,1.0,1.0,0.9999999999993219,1.0,,,,113,11,,0,unetpp
0.0,0.0,0.0,147456.0,0.0,0.0,1,1.0,1.0,1.0,1.0,0.9999999999993219,1.0,,,,113,12,,0,unetpp
0.0,0.0,0.0,147456.0,0.0,0.0,1,1.0,1.0,1.0,1.0,0.9999999999993219,1.0,,,,113,13,,0,unetpp
0.0,0.0,0.0,147456.0,0.0,0.0,1,1.0,1.0,1.0,1.0,0.9999999999993219,1.0,,,,113,14,,0,unetpp
0.0,0.0,0.0,147456.0,0.0,0.0,1,1.0,1.0,1.0,1.0,0.9999999999993219,1.0,,,,113,15,,0,unetpp
0.0,0.0,0.0,147456.0,0.0,0.0,1,1.0,1.0,1.0,1.0,0.9999999999993219,1.0,,,,113,16,,0,unetpp
0.0,0.0,0.0,147456.0,0.0,0.0,1,1.0,1.0,1.0,1.0,0.9999999999993219,1.0,,,,113,17,,0,unetpp
0.0,0.0,0.0,147456.0,0.0,0.0,1,1.0,1.0,1.0,1.0,0.9999999999993219,1.0,,,,113,18,,0,unetpp
0.0,102.0,0.0,147354.0,0.0,102.0,1,0.0,0.0,0.0,1.0,0.999308268228489,0.0,,,,113,19,,0,unetpp
0.0,123.0,0.0,147333.0,0.0,123.0,1,0.0,0.0,0.0,1.0,0.9991658528639057,0.0,,,,113,20,,0,unetpp
0.0,0.0,0.0,147456.0,0.0,0.0,1,1.0,1.0,1.0,1.0,0.9999999999993219,1.0,,,,113,21,,0,unetpp
0.0,0.0,0.0,147456.0,0.0,0.0,1,1.0,1.0,1.0,1.0,0.9999999999993219,1.0,,,,113,22,,0,unetpp
0.0,0.0,0.0,147456.0,0.0,0.0,1,1.0,1.0,1.0,1.0,0.9999999999993219,1.0,,,,113,23,,0,unetpp
0.0,0.0,0.0,147456.0,0.0,0.0,1,1.0,1.0,1.0,1.0,0.9999999999993219,1.0,,,,113,24,,0,unetpp
0.0,0.0,0.0,147456.0,0.0,0.0,1,1.0,1.0,1.0,1.0,0.9999999999993219,1.0,,,,113,25,,0,unetpp
0.0,0.0,0.0,147456.0,0.0,0.0,1,1.0,1.0,1.0,1.0,0.9999999999993219,1.0,,,,113,26,,0,unetpp
0.0,0.0,0.0,147456.0,0.0,0.0,1,1.0,1.0,1.0,1.0,0.9999999999993219,1.0,,,,113,27,,0,unetpp
0.0,0.0,0.0,147456.0,0.0,0.0,1,1.0,1.0,1.0,1.0,0.9999999999993219,1.0,,,,113,28,,0,unetpp
0.0,0.0,0.0,147456.0,0.0,0.0,1,1.0,1.0,1.0,1.0,0.9999999999993219,1.0,,,,113,29,,0,unetpp
0.0,0.0,0.0,147456.0,0.0,0.0,1,1.0,1.0,1.0,1.0,0.9999999999993219,1.0,,,,113,30,,0,unetpp
0.0,0.0,0.0,147456.0,0.0,0.0,1,1.0,1.0,1.0,1.0,0.9999999999993219,1.0,,,,113,31,,0,unetpp
0.0,0.0,0.0,147456.0,0.0,0.0,1,1.0,1.0,1.0,1.0,0.9999999999993219,1.0,,,,113,32,,0,unetpp
0.0,0.0,0.0,147456.0,0.0,0.0,1,1.0,1.0,1.0,1.0,0.9999999999993219,1.0,,,,119,0,,0,unetpp
0.0,0.0,0.0,147456.0,0.0,0.0,1,1.0,1.0,1.0,1.0,0.9999999999993219,1.0,,,,119,1,,0,unetpp
0.0,0.0,0.0,147456.0,0.0,0.0,1,1.0,1.0,1.0,1.0,0.9999999999993219,1.0,,,,119,2,,0,unetpp
0.0,0.0,0.0,147456.0,0.0,0.0,1,1.0,1.0,1.0,1.0,0.9999999999993219,1.0,,,,119,3,,0,unetpp
0.0,0.0,0.0,147456.0,0.0,0.0,1,1.0,1.0,1.0,1.0,0.9999999999993219,1.0,,,,119,4,,0,unetpp
0.0,0.0,0.0,147456.0,0.0,0.0,1,1.0,1.0,1.0,1.0,0.9999999999993219,1.0,,,,119,5,,0,unetpp
0.0,0.0,0.0,147456.0,0.0,0.0,1,1.0,1.0,1.0,1.0,0.9999999999993219,1.0,,,,119,6,,0,unetpp
0.0,0.0,0.0,147456.0,0.0,0.0,1,1.0,1.0,1.0,1.0,0.9999999999993219,1.0,,,,119,7,,0,unetpp
0.0,0.0,0.0,147456.0,0.0,0.0,1,1.0,1.0,1.0,1.0,0.9999999999993219,1.0,,,,119,8,,0,unetpp
0.0,0.0,0.0,147456.0,0.0,0.0,1,1.0,1.0,1.0,1.0,0.9999999999993219,1.0,,,,119,9,,0,unetpp
0.0,0.0,0.0,147456.0,0.0,0.0,1,1.0,1.0,1.0,1.0,0.9999999999993219,1.0,,,,119,10,,0,unetpp
0.0,0.0,0.0,147456.0,0.0,0.0,1,1.0,1.0,1.0,1.0,0.9999999999993219,1.0,,,,119,11,,0,unetpp
0.0,0.0,0.0,147456.0,0.0,0.0,1,1.0,1.0,1.0,1.0,0.9999999999993219,1.0,,,,119,12,,0,unetpp
0.0,0.0,0.0,147456.0,0.0,0.0,1,1.0,1.0,1.0,1.0,0.9999999999993219,1.0,,,,119,13,,0,unetpp
0.0,187.0,0.0,147269.0,0.0,187.0,1,0.0,0.0,0.0,1.0,0.9987318250861282,0.0,,,,119,14,,0,unetpp
0.0,0.0,0.0,147456.0,0.0,0.0,1,1.0,1.0,1.0,1.0,0.9999999999993219,1.0,,,,119,15,,0,unetpp
0.0,0.0,0.0,147456.0,0.0,0.0,1,1.0,1.0,1.0,1.0,0.9999999999993219,1.0,,,,119,16,,0,unetpp
0.0,0.0,0.0,147456.0,0.0,0.0,1,1.0,1.0,1.0,1.0,0.9999999999993219,1.0,,,,119,17,,0,unetpp
0.0,0.0,0.0,147456.0,0.0,0.0,1,1.0,1.0,1.0,1.0,0.9999999999993219,1.0,,,,119,18,,0,unetpp
0.0,0.0,0.0,147456.0,0.0,0.0,1,1.0,1.0,1.0,1.0,0.9999999999993219,1.0,,,,119,19,,0,unetpp
0.0,0.0,0.0,147456.0,0.0,0.0,1,1.0,1.0,1.0,1.0,0.9999999999993219,1.0,,,,119,20,,0,unetpp
0.0,0.0,0.0,147456.0,0.0,0.0,1,1.0,1.0,1.0,1.0,0.9999999999993219,1.0,,,,119,21,,0,unetpp
0.0,0.0,0.0,147456.0,0.0,0.0,1,1.0,1.0,1.0,1.0,0.9999999999993219,1.0,,,,119,22,,0,unetpp
0.0,0.0,0.0,147456.0,0.0,0.0,1,1.0,1.0,1.0,1.0,0.9999999999993219,1.0,,,,119,23,,0,unetpp
0.0,0.0,0.0,147456.0,0.0,0.0,1,1.0,1.0,1.0,1.0,0.9999999999993219,1.0,,,,119,24,,0,unetpp
0.0,0.0,0.0,147456.0,0.0,0.0,1,1.0,1.0,1.0,1.0,0.9999999999993219,1.0,,,,119,25,,0,unetpp
0.0,0.0,0.0,147456.0,0.0,0.0,1,1.0,1.0,1.0,1.0,0.9999999999993219,1.0,,,,119,26,,0,unetpp
0.0,0.0,0.0,147456.0,0.0,0.0,1,1.0,1.0,1.0,1.0,0.9999999999993219,1.0,,,,119,27,,0,unetpp
0.0,0.0,0.0,147456.0,0.0,0.0,1,1.0,1.0,1.0,1.0,0.9999999999993219,1.0,,,,119,28,,0,unetpp
0.0,0.0,0.0,147456.0,0.0,0.0,1,1.0,1.0,1.0,1.0,0.9999999999993219,1.0,,,,119,29,,0,unetpp
0.0,0.0,0.0,147456.0,0.0,0.0,1,1.0,1.0,1.0,1.0,0.9999999999993219,1.0,,,,119,30,,0,unetpp
0.0,0.0,0.0,147456.0,0.0,0.0,1,1.0,1.0,1.0,1.0,0.9999999999993219,1.0,,,,119,31,,0,unetpp
0.0,0.0,0.0,147456.0,0.0,0.0,1,1.0,1.0,1.0,1.0,0.9999999999993219,1.0,,,,119,32,,0,unetpp
0.0,0.0,0.0,147456.0,0.0,0.0,1,1.0,1.0,1.0,1.0,0.9999999999993219,1.0,,,,119,33,,0,unetpp
0.0,0.0,0.0,147456.0,0.0,0.0,1,1.0,1.0,1.0,1.0,0.9999999999993219,1.0,,,,119,34,,0,unetpp
0.0,0.0,0.0,147456.0,0.0,0.0,1,1.0,1.0,1.0,1.0,0.9999999999993219,1.0,,,,119,35,,0,unetpp
0.0,0.0,0.0,147456.0,0.0,0.0,1,1.0,1.0,1.0,1.0,0.9999999999993219,1.0,,,,124,0,,0,unetpp
0.0,0.0,0.0,147456.0,0.0,0.0,1,1.0,1.0,1.0,1.0,0.9999999999993219,1.0,,,,124,1,,0,unetpp
0.0,0.0,0.0,147456.0,0.0,0.0,1,1.0,1.0,1.0,1.0,0.9999999999993219,1.0,,,,124,2,,0,unetpp
0.0,0.0,0.0,147456.0,0.0,0.0,1,1.0,1.0,1.0,1.0,0.9999999999993219,1.0,,,,124,3,,0,unetpp
0.0,0.0,0.0,147456.0,0.0,0.0,1,1.0,1.0,1.0,1.0,0.9999999999993219,1.0,,,,124,4,,0,unetpp
0.0,0.0,0.0,147456.0,0.0,0.0,1,1.0,1.0,1.0,1.0,0.9999999999993219,1.0,,,,124,5,,0,unetpp
0.0,0.0,0.0,147456.0,0.0,0.0,1,1.0,1.0,1.0,1.0,0.9999999999993219,1.0,,,,124,6,,0,unetpp
0.0,0.0,0.0,147456.0,0.0,0.0,1,1.0,1.0,1.0,1.0,0.9999999999993219,1.0,,,,124,7,,0,unetpp
0.0,0.0,0.0,147456.0,0.0,0.0,1,1.0,1.0,1.0,1.0,0.9999999999993219,1.0,,,,124,8,,0,unetpp
0.0,0.0,0.0,147456.0,0.0,0.0,1,1.0,1.0,1.0,1.0,0.9999999999993219,1.0,,,,124,9,,0,unetpp
0.0,0.0,0.0,147456.0,0.0,0.0,1,1.0,1.0,1.0,1.0,0.9999999999993219,1.0,,,,124,10,,0,unetpp
0.0,0.0,0.0,147456.0,0.0,0.0,1,1.0,1.0,1.0,1.0,0.9999999999993219,1.0,,,,124,11,,0,unetpp
0.0,0.0,0.0,147456.0,0.0,0.0,1,1.0,1.0,1.0,1.0,0.9999999999993219,1.0,,,,124,12,,0,unetpp
0.0,0.0,0.0,147456.0,0.0,0.0,1,1.0,1.0,1.0,1.0,0.9999999999993219,1.0,,,,124,13,,0,unetpp
0.0,0.0,0.0,147456.0,0.0,0.0,1,1.0,1.0,1.0,1.0,0.9999999999993219,1.0,,,,124,14,,0,unetpp
0.0,0.0,0.0,147456.0,0.0,0.0,1,1.0,1.0,1.0,1.0,0.9999999999993219,1.0,,,,124,15,,0,unetpp
0.0,0.0,0.0,147456.0,0.0,0.0,1,1.0,1.0,1.0,1.0,0.9999999999993219,1.0,,,,124,16,,0,unetpp
0.0,0.0,0.0,147456.0,0.0,0.0,1,1.0,1.0,1.0,1.0,0.9999999999993219,1.0,,,,124,17,,0,unetpp
0.0,0.0,0.0,147456.0,0.0,0.0,1,1.0,1.0,1.0,1.0,0.9999999999993219,1.0,,,,124,18,,0,unetpp
0.0,0.0,0.0,147456.0,0.0,0.0,1,1.0,1.0,1.0,1.0,0.9999999999993219,1.0,,,,124,19,,0,unetpp
0.0,0.0,0.0,147456.0,0.0,0.0,1,1.0,1.0,1.0,1.0,0.9999999999993219,1.0,,,,124,20,,0,unetpp
0.0,0.0,0.0,147456.0,0.0,0.0,1,1.0,1.0,1.0,1.0,0.9999999999993219,1.0,,,,124,21,,0,unetpp
0.0,0.0,0.0,147456.0,0.0,0.0,1,1.0,1.0,1.0,1.0,0.9999999999993219,1.0,,,,124,22,,0,unetpp
0.0,0.0,0.0,147456.0,0.0,0.0,1,1.0,1.0,1.0,1.0,0.9999999999993219,1.0,,,,124,23,,0,unetpp
0.0,0.0,0.0,147456.0,0.0,0.0,1,1.0,1.0,1.0,1.0,0.9999999999993219,1.0,,,,124,24,,0,unetpp
0.0,0.0,0.0,147456.0,0.0,0.0,1,1.0,1.0,1.0,1.0,0.9999999999993219,1.0,,,,124,25,,0,unetpp
0.0,0.0,0.0,147456.0,0.0,0.0,1,1.0,1.0,1.0,1.0,0.9999999999993219,1.0,,,,124,26,,0,unetpp
0.0,0.0,0.0,147456.0,0.0,0.0,1,1.0,1.0,1.0,1.0,0.9999999999993219,1.0,,,,124,27,,0,unetpp
0.0,0.0,0.0,147456.0,0.0,0.0,1,1.0,1.0,1.0,1.0,0.9999999999993219,1.0,,,,124,28,,0,unetpp
0.0,0.0,0.0,147456.0,0.0,0.0,1,1.0,1.0,1.0,1.0,0.9999999999993219,1.0,,,,124,29,,0,unetpp
0.0,0.0,0.0,147456.0,0.0,0.0,1,1.0,1.0,1.0,1.0,0.9999999999993219,1.0,,,,124,30,,0,unetpp
0.0,0.0,0.0,147456.0,0.0,0.0,1,1.0,1.0,1.0,1.0,0.9999999999993219,1.0,,,,124,31,,0,unetpp
0.0,0.0,0.0,147456.0,0.0,0.0,1,1.0,1.0,1.0,1.0,0.9999999999993219,1.0,,,,124,32,,0,unetpp
0.0,0.0,0.0,147456.0,0.0,0.0,1,1.0,1.0,1.0,1.0,0.9999999999993219,1.0,,,,124,33,,0,unetpp
0.0,0.0,0.0,147456.0,0.0,0.0,1,1.0,1.0,1.0,1.0,0.9999999999993219,1.0,,,,124,34,,0,unetpp
0.0,0.0,0.0,147456.0,0.0,0.0,1,1.0,1.0,1.0,1.0,0.9999999999993219,1.0,,,,124,35,,0,unetpp
0.0,0.0,0.0,147456.0,0.0,0.0,1,1.0,1.0,1.0,1.0,0.9999999999993219,1.0,,,,124,36,,0,unetpp
0.0,0.0,0.0,147456.0,0.0,0.0,1,1.0,1.0,1.0,1.0,0.9999999999993219,1.0,,,,125,0,,0,unetpp
0.0,0.0,0.0,147456.0,0.0,0.0,1,1.0,1.0,1.0,1.0,0.9999999999993219,1.0,,,,125,1,,0,unetpp
0.0,0.0,0.0,147456.0,0.0,0.0,1,1.0,1.0,1.0,1.0,0.9999999999993219,1.0,,,,125,2,,0,unetpp
0.0,0.0,0.0,147456.0,0.0,0.0,1,1.0,1.0,1.0,1.0,0.9999999999993219,1.0,,,,125,3,,0,unetpp
0.0,0.0,0.0,147456.0,0.0,0.0,1,1.0,1.0,1.0,1.0,0.9999999999993219,1.0,,,,125,4,,0,unetpp
0.0,0.0,0.0,147456.0,0.0,0.0,1,1.0,1.0,1.0,1.0,0.9999999999993219,1.0,,,,125,5,,0,unetpp
0.0,0.0,0.0,147456.0,0.0,0.0,1,1.0,1.0,1.0,1.0,0.9999999999993219,1.0,,,,125,6,,0,unetpp
0.0,0.0,0.0,147456.0,0.0,0.0,1,1.0,1.0,1.0,1.0,0.9999999999993219,1.0,,,,125,7,,0,unetpp
0.0,0.0,0.0,147456.0,0.0,0.0,1,1.0,1.0,1.0,1.0,0.9999999999993219,1.0,,,,125,8,,0,unetpp
0.0,0.0,0.0,147456.0,0.0,0.0,1,1.0,1.0,1.0,1.0,0.9999999999993219,1.0,,,,125,9,,0,unetpp
0.0,0.0,0.0,147456.0,0.0,0.0,1,1.0,1.0,1.0,1.0,0.9999999999993219,1.0,,,,125,10,,0,unetpp
0.0,0.0,0.0,147456.0,0.0,0.0,1,1.0,1.0,1.0,1.0,0.9999999999993219,1.0,,,,125,11,,0,unetpp
0.0,0.0,0.0,147456.0,0.0,0.0,1,1.0,1.0,1.0,1.0,0.9999999999993219,1.0,,,,125,12,,0,unetpp
0.0,0.0,0.0,147456.0,0.0,0.0,1,1.0,1.0,1.0,1.0,0.9999999999993219,1.0,,,,125,13,,0,unetpp
0.0,0.0,0.0,147456.0,0.0,0.0,1,1.0,1.0,1.0,1.0,0.9999999999993219,1.0,,,,125,14,,0,unetpp
0.0,0.0,0.0,147456.0,0.0,0.0,1,1.0,1.0,1.0,1.0,0.9999999999993219,1.0,,,,125,15,,0,unetpp
0.0,0.0,0.0,147456.0,0.0,0.0,1,1.0,1.0,1.0,1.0,0.9999999999993219,1.0,,,,125,16,,0,unetpp
0.0,0.0,0.0,147456.0,0.0,0.0,1,1.0,1.0,1.0,1.0,0.9999999999993219,1.0,,,,125,17,,0,unetpp
0.0,0.0,0.0,147456.0,0.0,0.0,1,1.0,1.0,1.0,1.0,0.9999999999993219,1.0,,,,125,18,,0,unetpp
0.0,0.0,0.0,147456.0,0.0,0.0,1,1.0,1.0,1.0,1.0,0.9999999999993219,1.0,,,,125,19,,0,unetpp
0.0,0.0,0.0,147456.0,0.0,0.0,1,1.0,1.0,1.0,1.0,0.9999999999993219,1.0,,,,125,20,,0,unetpp
0.0,0.0,0.0,147456.0,0.0,0.0,1,1.0,1.0,1.0,1.0,0.9999999999993219,1.0,,,,125,21,,0,unetpp
0.0,0.0,0.0,147456.0,0.0,0.0,1,1.0,1.0,1.0,1.0,0.9999999999993219,1.0,,,,125,22,,0,unetpp
0.0,0.0,0.0,147456.0,0.0,0.0,1,1.0,1.0,1.0,1.0,0.9999999999993219,1.0,,,,125,23,,0,unetpp
0.0,0.0,0.0,147456.0,0.0,0.0,1,1.0,1.0,1.0,1.0,0.9999999999993219,1.0,,,,125,24,,0,unetpp
0.0,0.0,0.0,147456.0,0.0,0.0,1,1.0,1.0,1.0,1.0,0.9999999999993219,1.0,,,,125,25,,0,unetpp
0.0,0.0,0.0,147456.0,0.0,0.0,1,1.0,1.0,1.0,1.0,0.9999999999993219,1.0,,,,125,26,,0,unetpp
0.0,0.0,0.0,147456.0,0.0,0.0,1,1.0,1.0,1.0,1.0,0.9999999999993219,1.0,,,,125,27,,0,unetpp
0.0,0.0,0.0,147456.0,0.0,0.0,1,1.0,1.0,1.0,1.0,0.9999999999993219,1.0,,,,125,28,,0,unetpp
0.0,0.0,0.0,147456.0,0.0,0.0,1,1.0,1.0,1.0,1.0,0.9999999999993219,1.0,,,,125,29,,0,unetpp
0.0,0.0,0.0,147456.0,0.0,0.0,1,1.0,1.0,1.0,1.0,0.9999999999993219,1.0,,,,125,30,,0,unetpp
0.0,0.0,0.0,147456.0,0.0,0.0,1,1.0,1.0,1.0,1.0,0.9999999999993219,1.0,,,,125,31,,0,unetpp
0.0,0.0,0.0,147456.0,0.0,0.0,1,1.0,1.0,1.0,1.0,0.9999999999993219,1.0,,,,125,32,,0,unetpp
0.0,0.0,0.0,147456.0,0.0,0.0,1,1.0,1.0,1.0,1.0,0.9999999999993219,1.0,,,,125,33,,0,unetpp
0.0,0.0,0.0,147456.0,0.0,0.0,1,1.0,1.0,1.0,1.0,0.9999999999993219,1.0,,,,125,34,,0,unetpp
0.0,0.0,0.0,147456.0,0.0,0.0,1,1.0,1.0,1.0,1.0,0.9999999999993219,1.0,,,,125,35,,0,unetpp
0.0,0.0,0.0,147456.0,0.0,0.0,1,1.0,1.0,1.0,1.0,0.9999999999993219,1.0,,,,125,36,,0,unetpp
0.0,0.0,0.0,147456.0,0.0,0.0,1,1.0,1.0,1.0,1.0,0.9999999999993219,1.0,,,,125,37,,0,unetpp
0.0,0.0,0.0,147456.0,0.0,0.0,1,1.0,1.0,1.0,1.0,0.9999999999993219,1.0,,,,125,38,,0,unetpp
0.0,0.0,0.0,147456.0,0.0,0.0,1,1.0,1.0,1.0,1.0,0.9999999999993219,1.0,,,,125,39,,0,unetpp
0.0,0.0,0.0,147456.0,0.0,0.0,1,1.0,1.0,1.0,1.0,0.9999999999993219,1.0,,,,125,40,,0,unetpp
0.0,0.0,0.0,147456.0,0.0,0.0,1,1.0,1.0,1.0,1.0,0.9999999999993219,1.0,,,,125,41,,0,unetpp
0.0,0.0,0.0,147456.0,0.0,0.0,1,1.0,1.0,1.0,1.0,0.9999999999993219,1.0,,,,125,42,,0,unetpp
0.0,0.0,0.0,147456.0,0.0,0.0,1,1.0,1.0,1.0,1.0,0.9999999999993219,1.0,,,,53,0,0.5555555555555556,0,hemofusion
0.0,0.0,0.0,147456.0,0.0,0.0,1,1.0,1.0,1.0,1.0,0.9999999999993219,1.0,,,,53,1,0.5555555555555556,0,hemofusion
0.0,0.0,0.0,147456.0,0.0,0.0,1,1.0,1.0,1.0,1.0,0.9999999999993219,1.0,,,,53,2,0.5555555555555556,0,hemofusion
0.0,0.0,0.0,147456.0,0.0,0.0,1,1.0,1.0,1.0,1.0,0.9999999999993219,1.0,,,,53,3,0.5555555555555556,0,hemofusion
0.0,0.0,0.0,147456.0,0.0,0.0,1,1.0,1.0,1.0,1.0,0.9999999999993219,1.0,,,,53,4,0.5555555555555556,0,hemofusion
0.0,0.0,0.0,147456.0,0.0,0.0,1,1.0,1.0,1.0,1.0,0.9999999999993219,1.0,,,,53,5,0.5555555555555556,0,hemofusion
0.0,0.0,0.0,147456.0,0.0,0.0,1,1.0,1.0,1.0,1.0,0.9999999999993219,1.0,,,,53,6,0.5555555555555556,0,hemofusion
0.0,0.0,0.0,147456.0,0.0,0.0,1,1.0,1.0,1.0,1.0,0.9999999999993219,1.0,,,,53,7,0.5555555555555556,0,hemofusion
0.0,0.0,0.0,147456.0,0.0,0.0,1,1.0,1.0,1.0,1.0,0.9999999999993219,1.0,,,,53,8,0.5555555555555556,0,hemofusion
0.0,0.0,0.0,147456.0,0.0,0.0,1,1.0,1.0,1.0,1.0,0.9999999999993219,1.0,,,,53,9,0.5555555555555556,0,hemofusion
0.0,0.0,0.0,147456.0,0.0,0.0,1,1.0,1.0,1.0,1.0,0.9999999999993219,1.0,,,,53,10,0.5555555555555556,0,hemofusion
0.0,0.0,0.0,147456.0,0.0,0.0,1,1.0,1.0,1.0,1.0,0.9999999999993219,1.0,,,,53,11,0.5555555555555556,0,hemofusion
0.0,0.0,0.0,147456.0,0.0,0.0,1,1.0,1.0,1.0,1.0,0.9999999999993219,1.0,,,,53,12,0.5555555555555556,0,hemofusion
0.0,0.0,0.0,147456.0,0.0,0.0,1,1.0,1.0,1.0,1.0,0.9999999999993219,1.0,,,,53,13,0.5555555555555556,0,hemofusion
0.0,0.0,0.0,147456.0,0.0,0.0,1,1.0,1.0,1.0,1.0,0.9999999999993219,1.0,,,,53,14,0.5555555555555556,0,hemofusion
0.0,0.0,0.0,147456.0,0.0,0.0,1,1.0,1.0,1.0,1.0,0.9999999999993219,1.0,,,,53,15,0.5555555555555556,0,hemofusion
0.0,0.0,0.0,147456.0,0.0,0.0,1,1.0,1.0,1.0,1.0,0.9999999999993219,1.0,,,,53,16,0.5555555555555556,0,hemofusion
0.0,64.0,71.0,147321.0,71.0,64.0,0,0.0,0.0,0.0,0.0,0.9995657631366831,0.9481481481865569,34.3599043457508,31.07058008474671,0.0,53,17,0.5555555555555556,0,hemofusion
154.0,65.0,212.0,147025.0,366.0,219.0,0,0.5264957264057273,0.3573085846038727,0.7031963467108693,0.42076502720744124,0.9995580936834594,0.7487179487609029,14.20282312198999,3.6948443533103608,0.5562913907284768,53,18,0.5555555555555556,0,hemofusion
0.0,0.0,60.0,147396.0,60.0,0.0,0,0.0,0.0,0.0,0.0,0.9999999999993215,1.6666666935449825e-09,,,,53,19,0.5555555555555556,0,hemofusion
0.0,77.0,0.0,147379.0,0.0,77.0,1,0.0,0.0,0.0,1.0,0.9994778103291833,0.0,,,,53,20,0.5555555555555556,0,hemofusion
199.0,311.0,95.0,146851.0,294.0,510.0,0,0.4950248755603203,0.3289256197803429,0.3901960783548635,0.6768707480690915,0.9978866827027372,0.7313432836155045,83.35200886446866,20.941988632918786,0.6774193548387096,53,21,0.5555555555555556,0,hemofusion
636.0,799.0,417.0,145604.0,1053.0,1435.0,0,0.5112540192720557,0.34341252697929736,0.44320557488200657,0.6039886039312451,0.9945424615609006,0.8464630225142097,74.3857749453667,18.854326397565366,0.4272030651340996,53,22,0.5555555555555556,0,hemofusion
663.0,516.0,158.0,146119.0,821.0,1179.0,0,0.66299999996685,0.49588631260314986,0.5623409668734232,0.8075517660404932,0.9964810584096591,0.82100000000895,70.1908369517936,15.778920375746276,0.6404255319148936,53,23,0.5555555555555556,0,hemofusion
479.0,93.0,72.0,146812.0,551.0,572.0,0,0.8530721281519971,0.7437888197602813,0.8374125872661866,0.8693284934901401,0.9993669378162763,0.9813000890488602,1.4091886288935007,0.5499654659204444,1.0,53,24,0.5555555555555556,0,hemofusion
164.0,148.0,218.0,146926.0,382.0,312.0,0,0.472622478318066,0.3094339622057672,0.5256410254725509,0.4293193716153614,0.9989937038490835,0.8991354467004128,18.332155024084404,4.192932251955385,0.6463878326996197,53,25,0.5555555555555556,0,hemofusion
0.0,0.0,216.0,147240.0,216.0,0.0,0,0.0,0.0,0.0,0.0,0.9999999999993209,4.629628902463878e-10,,,,53,26,0.5555555555555556,0,hemofusion
0.0,0.0,80.0,147376.0,80.0,0.0,0,0.0,0.0,0.0,0.0,0.9999999999993214,1.2499998813808588e-09,,,,53,27,0.5555555555555556,0,hemofusion
0.0,0.0,0.0,147456.0,0.0,0.0,1,1.0,1.0,1.0,1.0,0.9999999999993219,1.0,,,,53,28,0.5555555555555556,0,hemofusion
0.0,0.0,0.0,147456.0,0.0,0.0,1,1.0,1.0,1.0,1.0,0.9999999999993219,1.0,,,,53,29,0.5555555555555556,0,hemofusion
0.0,0.0,0.0,147456.0,0.0,0.0,1,1.0,1.0,1.0,1.0,0.9999999999993219,1.0,,,,53,30,0.5555555555555556,0,hemofusion
0.0,0.0,0.0,147456.0,0.0,0.0,1,1.0,1.0,1.0,1.0,0.9999999999993219,1.0,,,,53,31,0.5555555555555556,0,hemofusion
0.0,0.0,0.0,147456.0,0.0,0.0,1,1.0,1.0,1.0,1.0,0.9999999999993219,1.0,,,,53,32,0.5555555555555556,0,hemofusion
0.0,0.0,0.0,147456.0,0.0,0.0,1,1.0,1.0,1.0,1.0,0.9999999999993219,1.0,,,,53,33,0.5555555555555556,0,hemofusion
0.0,0.0,0.0,147456.0,0.0,0.0,1,1.0,1.0,1.0,1.0,0.9999999999993219,1.0,,,,53,34,0.5555555555555556,0,hemofusion
0.0,0.0,0.0,147456.0,0.0,0.0,1,1.0,1.0,1.0,1.0,0.9999999999993219,1.0,,,,56,0,,0,hemofusion
0.0,0.0,0.0,147456.0,0.0,0.0,1,1.0,1.0,1.0,1.0,0.9999999999993219,1.0,,,,56,1,,0,hemofusion
0.0,0.0,0.0,147456.0,0.0,0.0,1,1.0,1.0,1.0,1.0,0.9999999999993219,1.0,,,,56,2,,0,hemofusion
0.0,0.0,0.0,147456.0,0.0,0.0,1,1.0,1.0,1.0,1.0,0.9999999999993219,1.0,,,,56,3,,0,hemofusion
0.0,0.0,0.0,147456.0,0.0,0.0,1,1.0,1.0,1.0,1.0,0.9999999999993219,1.0,,,,56,4,,0,hemofusion
0.0,0.0,0.0,147456.0,0.0,0.0,1,1.0,1.0,1.0,1.0,0.9999999999993219,1.0,,,,56,5,,0,hemofusion
0.0,0.0,0.0,147456.0,0.0,0.0,1,1.0,1.0,1.0,1.0,0.9999999999993219,1.0,,,,56,6,,0,hemofusion
0.0,0.0,0.0,147456.0,0.0,0.0,1,1.0,1.0,1.0,1.0,0.9999999999993219,1.0,,,,56,7,,0,hemofusion
0.0,0.0,0.0,147456.0,0.0,0.0,1,1.0,1.0,1.0,1.0,0.9999999999993219,1.0,,,,56,8,,0,hemofusion
0.0,0.0,0.0,147456.0,0.0,0.0,1,1.0,1.0,1.0,1.0,0.9999999999993219,1.0,,,,56,9,,0,hemofusion
0.0,0.0,0.0,147456.0,0.0,0.0,1,1.0,1.0,1.0,1.0,0.9999999999993219,1.0,,,,56,10,,0,hemofusion
0.0,0.0,0.0,147456.0,0.0,0.0,1,1.0,1.0,1.0,1.0,0.9999999999993219,1.0,,,,56,11,,0,hemofusion
0.0,0.0,0.0,147456.0,0.0,0.0,1,1.0,1.0,1.0,1.0,0.9999999999993219,1.0,,,,56,12,,0,hemofusion
0.0,0.0,0.0,147456.0,0.0,0.0,1,1.0,1.0,1.0,1.0,0.9999999999993219,1.0,,,,56,13,,0,hemofusion
0.0,0.0,0.0,147456.0,0.0,0.0,1,1.0,1.0,1.0,1.0,0.9999999999993219,1.0,,,,56,14,,0,hemofusion
0.0,0.0,0.0,147456.0,0.0,0.0,1,1.0,1.0,1.0,1.0,0.9999999999993219,1.0,,,,56,15,,0,hemofusion
0.0,0.0,0.0,147456.0,0.0,0.0,1,1.0,1.0,1.0,1.0,0.9999999999993219,1.0,,,,56,16,,0,hemofusion
0.0,0.0,0.0,147456.0,0.0,0.0,1,1.0,1.0,1.0,1.0,0.9999999999993219,1.0,,,,56,17,,0,hemofusion
0.0,0.0,0.0,147456.0,0.0,0.0,1,1.0,1.0,1.0,1.0,0.9999999999993219,1.0,,,,56,18,,0,hemofusion
0.0,0.0,0.0,147456.0,0.0,0.0,1,1.0,1.0,1.0,1.0,0.9999999999993219,1.0,,,,56,19,,0,hemofusion
0.0,0.0,0.0,147456.0,0.0,0.0,1,1.0,1.0,1.0,1.0,0.9999999999993219,1.0,,,,56,20,,0,hemofusion
0.0,0.0,0.0,147456.0,0.0,0.0,1,1.0,1.0,1.0,1.0,0.9999999999993219,1.0,,,,56,21,,0,hemofusion
0.0,0.0,0.0,147456.0,0.0,0.0,1,1.0,1.0,1.0,1.0,0.9999999999993219,1.0,,,,56,22,,0,hemofusion
0.0,0.0,0.0,147456.0,0.0,0.0,1,1.0,1.0,1.0,1.0,0.9999999999993219,1.0,,,,56,23,,0,hemofusion
0.0,0.0,0.0,147456.0,0.0,0.0,1,1.0,1.0,1.0,1.0,0.9999999999993219,1.0,,,,56,24,,0,hemofusion
0.0,0.0,0.0,147456.0,0.0,0.0,1,1.0,1.0,1.0,1.0,0.9999999999993219,1.0,,,,56,25,,0,hemofusion
0.0,0.0,0.0,147456.0,0.0,0.0,1,1.0,1.0,1.0,1.0,0.9999999999993219,1.0,,,,56,26,,0,hemofusion
0.0,0.0,0.0,147456.0,0.0,0.0,1,1.0,1.0,1.0,1.0,0.9999999999993219,1.0,,,,56,27,,0,hemofusion
0.0,0.0,0.0,147456.0,0.0,0.0,1,1.0,1.0,1.0,1.0,0.9999999999993219,1.0,,,,56,28,,0,hemofusion
0.0,0.0,0.0,147456.0,0.0,0.0,1,1.0,1.0,1.0,1.0,0.9999999999993219,1.0,,,,56,29,,0,hemofusion
0.0,0.0,0.0,147456.0,0.0,0.0,1,1.0,1.0,1.0,1.0,0.9999999999993219,1.0,,,,56,30,,0,hemofusion
0.0,0.0,0.0,147456.0,0.0,0.0,1,1.0,1.0,1.0,1.0,0.9999999999993219,1.0,,,,56,31,,0,hemofusion
0.0,0.0,0.0,147456.0,0.0,0.0,1,1.0,1.0,1.0,1.0,0.9999999999993219,1.0,,,,56,32,,0,hemofusion
0.0,0.0,0.0,147456.0,0.0,0.0,1,1.0,1.0,1.0,1.0,0.9999999999993219,1.0,,,,56,33,,0,hemofusion
0.0,0.0,0.0,147456.0,0.0,0.0,1,1.0,1.0,1.0,1.0,0.9999999999993219,1.0,,,,56,34,,0,hemofusion
0.0,0.0,0.0,147456.0,0.0,0.0,1,1.0,1.0,1.0,1.0,0.9999999999993219,1.0,,,,56,35,,0,hemofusion
0.0,0.0,0.0,147456.0,0.0,0.0,1,1.0,1.0,1.0,1.0,0.9999999999993219,1.0,,,,56,36,,0,hemofusion
0.0,0.0,0.0,147456.0,0.0,0.0,1,1.0,1.0,1.0,1.0,0.9999999999993219,1.0,,,,56,37,,0,hemofusion
0.0,0.0,0.0,147456.0,0.0,0.0,1,1.0,1.0,1.0,1.0,0.9999999999993219,1.0,,,,56,38,,0,hemofusion
0.0,0.0,0.0,147456.0,0.0,0.0,1,1.0,1.0,1.0,1.0,0.9999999999993219,1.0,,,,56,39,,0,hemofusion
0.0,0.0,0.0,147456.0,0.0,0.0,1,1.0,1.0,1.0,1.0,0.9999999999993219,1.0,,,,69,0,0.5378151260504201,0,hemofusion
0.0,0.0,0.0,147456.0,0.0,0.0,1,1.0,1.0,1.0,1.0,0.9999999999993219,1.0,,,,69,1,0.5378151260504201,0,hemofusion
0.0,0.0,0.0,147456.0,0.0,0.0,1,1.0,1.0,1.0,1.0,0.9999999999993219,1.0,,,,69,2,0.5378151260504201,0,hemofusion
0.0,0.0,0.0,147456.0,0.0,0.0,1,1.0,1.0,1.0,1.0,0.9999999999993219,1.0,,,,69,3,0.5378151260504201,0,hemofusion
0.0,0.0,0.0,147456.0,0.0,0.0,1,1.0,1.0,1.0,1.0,0.9999999999993219,1.0,,,,69,4,0.5378151260504201,0,hemofusion
0.0,0.0,0.0,147456.0,0.0,0.0,1,1.0,1.0,1.0,1.0,0.9999999999993219,1.0,,,,69,5,0.5378151260504201,0,hemofusion
0.0,0.0,0.0,147456.0,0.0,0.0,1,1.0,1.0,1.0,1.0,0.9999999999993219,1.0,,,,69,6,0.5378151260504201,0,hemofusion
0.0,0.0,0.0,147456.0,0.0,0.0,1,1.0,1.0,1.0,1.0,0.9999999999993219,1.0,,,,69,7,0.5378151260504201,0,hemofusion
0.0,0.0,0.0,147456.0,0.0,0.0,1,1.0,1.0,1.0,1.0,0.9999999999993219,1.0,,,,69,8,0.5378151260504201,0,hemofusion
0.0,0.0,0.0,147456.0,0.0,0.0,1,1.0,1.0,1.0,1.0,0.9999999999993219,1.0,,,,69,9,0.5378151260504201,0,hemofusion
0.0,0.0,0.0,147456.0,0.0,0.0,1,1.0,1.0,1.0,1.0,0.9999999999993219,1.0,,,,69,10,0.5378151260504201,0,hemofusion
0.0,0.0,0.0,147456.0,0.0,0.0,1,1.0,1.0,1.0,1.0,0.9999999999993219,1.0,,,,69,11,0.5378151260504201,0,hemofusion
0.0,0.0,0.0,147456.0,0.0,0.0,1,1.0,1.0,1.0,1.0,0.9999999999993219,1.0,,,,69,12,0.5378151260504201,0,hemofusion
0.0,0.0,0.0,147456.0,0.0,0.0,1,1.0,1.0,1.0,1.0,0.9999999999993219,1.0,,,,69,13,0.5378151260504201,0,hemofusion
0.0,0.0,0.0,147456.0,0.0,0.0,1,1.0,1.0,1.0,1.0,0.9999999999993219,1.0,,,,69,14,0.5378151260504201,0,hemofusion
0.0,0.0,0.0,147456.0,0.0,0.0,1,1.0,1.0,1.0,1.0,0.9999999999993219,1.0,,,,69,15,0.5378151260504201,0,hemofusion
128.0,79.0,3.0,147246.0,131.0,207.0,0,0.7573964494800601,0.6095238092335601,0.6183574876239819,0.9770992358953441,0.9994637705745804,0.7751479290606071,1.6132117072634728,0.7886815783053437,1.0,69,16,0.5378151260504201,0,hemofusion
0.0,0.0,138.0,147318.0,138.0,0.0,0,0.0,0.0,0.0,0.0,0.9999999999993212,7.246376831915313e-10,,,,69,17,0.5378151260504201,0,hemofusion
0.0,0.0,0.0,147456.0,0.0,0.0,1,1.0,1.0,1.0,1.0,0.9999999999993219,1.0,,,,69,18,0.5378151260504201,0,hemofusion
0.0,0.0,0.0,147456.0,0.0,0.0,1,1.0,1.0,1.0,1.0,0.9999999999993219,1.0,,,,69,19,0.5378151260504201,0,hemofusion
0.0,0.0,0.0,147456.0,0.0,0.0,1,1.0,1.0,1.0,1.0,0.9999999999993219,1.0,,,,69,20,0.5378151260504201,0,hemofusion
0.0,0.0,0.0,147456.0,0.0,0.0,1,1.0,1.0,1.0,1.0,0.9999999999993219,1.0,,,,69,21,0.5378151260504201,0,hemofusion
0.0,0.0,0.0,147456.0,0.0,0.0,1,1.0,1.0,1.0,1.0,0.9999999999993219,1.0,,,,69,22,0.5378151260504201,0,hemofusion
0.0,0.0,0.0,147456.0,0.0,0.0,1,1.0,1.0,1.0,1.0,0.9999999999993219,1.0,,,,69,23,0.5378151260504201,0,hemofusion
0.0,0.0,0.0,147456.0,0.0,0.0,1,1.0,1.0,1.0,1.0,0.9999999999993219,1.0,,,,69,24,0.5378151260504201,0,hemofusion
0.0,0.0,0.0,147456.0,0.0,0.0,1,1.0,1.0,1.0,1.0,0.9999999999993219,1.0,,,,69,25,0.5378151260504201,0,hemofusion
0.0,0.0,0.0,147456.0,0.0,0.0,1,1.0,1.0,1.0,1.0,0.9999999999993219,1.0,,,,69,26,0.5378151260504201,0,hemofusion
0.0,0.0,0.0,147456.0,0.0,0.0,1,1.0,1.0,1.0,1.0,0.9999999999993219,1.0,,,,69,27,0.5378151260504201,0,hemofusion
0.0,0.0,0.0,147456.0,0.0,0.0,1,1.0,1.0,1.0,1.0,0.9999999999993219,1.0,,,,69,28,0.5378151260504201,0,hemofusion
0.0,0.0,0.0,147456.0,0.0,0.0,1,1.0,1.0,1.0,1.0,0.9999999999993219,1.0,,,,69,29,0.5378151260504201,0,hemofusion
0.0,0.0,0.0,147456.0,0.0,0.0,1,1.0,1.0,1.0,1.0,0.9999999999993219,1.0,,,,69,30,0.5378151260504201,0,hemofusion
0.0,0.0,0.0,147456.0,0.0,0.0,1,1.0,1.0,1.0,1.0,0.9999999999993219,1.0,,,,69,31,0.5378151260504201,0,hemofusion
0.0,0.0,0.0,147456.0,0.0,0.0,1,1.0,1.0,1.0,1.0,0.9999999999993219,1.0,,,,69,32,0.5378151260504201,0,hemofusion
0.0,0.0,0.0,147456.0,0.0,0.0,1,1.0,1.0,1.0,1.0,0.9999999999993219,1.0,,,,69,33,0.5378151260504201,0,hemofusion
0.0,0.0,0.0,147456.0,0.0,0.0,1,1.0,1.0,1.0,1.0,0.9999999999993219,1.0,,,,69,34,0.5378151260504201,0,hemofusion
0.0,0.0,0.0,147456.0,0.0,0.0,1,1.0,1.0,1.0,1.0,0.9999999999993219,1.0,,,,69,35,0.5378151260504201,0,hemofusion
0.0,0.0,0.0,147456.0,0.0,0.0,1,1.0,1.0,1.0,1.0,0.9999999999993219,1.0,,,,69,36,0.5378151260504201,0,hemofusion
0.0,0.0,0.0,147456.0,0.0,0.0,1,1.0,1.0,1.0,1.0,0.9999999999993219,1.0,,,,69,37,0.5378151260504201,0,hemofusion
0.0,0.0,0.0,147456.0,0.0,0.0,1,1.0,1.0,1.0,1.0,0.9999999999993219,1.0,,,,69,38,0.5378151260504201,0,hemofusion
0.0,0.0,0.0,147456.0,0.0,0.0,1,1.0,1.0,1.0,1.0,0.9999999999993219,1.0,,,,69,39,0.5378151260504201,0,hemofusion
0.0,0.0,0.0,147456.0,0.0,0.0,1,1.0,1.0,1.0,1.0,0.9999999999993219,1.0,,,,73,0,0.0,0,hemofusion
0.0,0.0,0.0,147456.0,0.0,0.0,1,1.0,1.0,1.0,1.0,0.9999999999993219,1.0,,,,73,1,0.0,0,hemofusion
0.0,0.0,0.0,147456.0,0.0,0.0,1,1.0,1.0,1.0,1.0,0.9999999999993219,1.0,,,,73,2,0.0,0,hemofusion
0.0,0.0,0.0,147456.0,0.0,0.0,1,1.0,1.0,1.0,1.0,0.9999999999993219,1.0,,,,73,3,0.0,0,hemofusion
0.0,0.0,0.0,147456.0,0.0,0.0,1,1.0,1.0,1.0,1.0,0.9999999999993219,1.0,,,,73,4,0.0,0,hemofusion
0.0,0.0,0.0,147456.0,0.0,0.0,1,1.0,1.0,1.0,1.0,0.9999999999993219,1.0,,,,73,5,0.0,0,hemofusion
0.0,0.0,0.0,147456.0,0.0,0.0,1,1.0,1.0,1.0,1.0,0.9999999999993219,1.0,,,,73,6,0.0,0,hemofusion
0.0,0.0,0.0,147456.0,0.0,0.0,1,1.0,1.0,1.0,1.0,0.9999999999993219,1.0,,,,73,7,0.0,0,hemofusion
0.0,0.0,0.0,147456.0,0.0,0.0,1,1.0,1.0,1.0,1.0,0.9999999999993219,1.0,,,,73,8,0.0,0,hemofusion
0.0,0.0,0.0,147456.0,0.0,0.0,1,1.0,1.0,1.0,1.0,0.9999999999993219,1.0,,,,73,9,0.0,0,hemofusion
0.0,0.0,0.0,147456.0,0.0,0.0,1,1.0,1.0,1.0,1.0,0.9999999999993219,1.0,,,,73,10,0.0,0,hemofusion
0.0,0.0,0.0,147456.0,0.0,0.0,1,1.0,1.0,1.0,1.0,0.9999999999993219,1.0,,,,73,11,0.0,0,hemofusion
0.0,0.0,0.0,147456.0,0.0,0.0,1,1.0,1.0,1.0,1.0,0.9999999999993219,1.0,,,,73,12,0.0,0,hemofusion
0.0,0.0,0.0,147456.0,0.0,0.0,1,1.0,1.0,1.0,1.0,0.9999999999993219,1.0,,,,73,13,0.0,0,hemofusion
0.0,0.0,0.0,147456.0,0.0,0.0,1,1.0,1.0,1.0,1.0,0.9999999999993219,1.0,,,,73,14,0.0,0,hemofusion
0.0,0.0,0.0,147456.0,0.0,0.0,1,1.0,1.0,1.0,1.0,0.9999999999993219,1.0,,,,73,15,0.0,0,hemofusion
0.0,0.0,0.0,147456.0,0.0,0.0,1,1.0,1.0,1.0,1.0,0.9999999999993219,1.0,,,,73,16,0.0,0,hemofusion
0.0,0.0,0.0,147456.0,0.0,0.0,1,1.0,1.0,1.0,1.0,0.9999999999993219,1.0,,,,73,17,0.0,0,hemofusion
0.0,0.0,0.0,147456.0,0.0,0.0,1,1.0,1.0,1.0,1.0,0.9999999999993219,1.0,,,,73,18,0.0,0,hemofusion
0.0,0.0,0.0,147456.0,0.0,0.0,1,1.0,1.0,1.0,1.0,0.9999999999993219,1.0,,,,73,19,0.0,0,hemofusion
0.0,0.0,0.0,147456.0,0.0,0.0,1,1.0,1.0,1.0,1.0,0.9999999999993219,1.0,,,,73,20,0.0,0,hemofusion
0.0,0.0,0.0,147456.0,0.0,0.0,1,1.0,1.0,1.0,1.0,0.9999999999993219,1.0,,,,73,21,0.0,0,hemofusion
0.0,0.0,0.0,147456.0,0.0,0.0,1,1.0,1.0,1.0,1.0,0.9999999999993219,1.0,,,,73,22,0.0,0,hemofusion
0.0,0.0,0.0,147456.0,0.0,0.0,1,1.0,1.0,1.0,1.0,0.9999999999993219,1.0,,,,73,23,0.0,0,hemofusion
0.0,0.0,0.0,147456.0,0.0,0.0,1,1.0,1.0,1.0,1.0,0.9999999999993219,1.0,,,,73,24,0.0,0,hemofusion
0.0,0.0,427.0,147029.0,427.0,0.0,0,0.0,0.0,0.0,0.0,0.9999999999993199,2.3419211014896746e-10,,,,73,25,0.0,0,hemofusion
0.0,0.0,462.0,146994.0,462.0,0.0,0,0.0,0.0,0.0,0.0,0.9999999999993197,2.164503021262476e-10,,,,73,26,0.0,0,hemofusion
0.0,0.0,729.0,146727.0,729.0,0.0,0,0.0,0.0,0.0,0.0,0.9999999999993184,1.3717416091907353e-10,,,,73,27,0.0,0,hemofusion
0.0,0.0,604.0,146852.0,604.0,0.0,0,0.0,0.0,0.0,0.0,0.999999999999319,1.6556289672564617e-10,,,,73,28,0.0,0,hemofusion
0.0,0.0,408.0,147048.0,408.0,0.0,0,0.0,0.0,0.0,0.0,0.99999999999932,2.450980529644653e-10,,,,73,29,0.0,0,hemofusion
0.0,0.0,253.0,147203.0,253.0,0.0,0,0.0,0.0,0.0,0.0,0.9999999999993207,3.952569382903448e-10,,,,73,30,0.0,0,hemofusion
0.0,0.0,0.0,147456.0,0.0,0.0,1,1.0,1.0,1.0,1.0,0.9999999999993219,1.0,,,,73,31,0.0,0,hemofusion
0.0,0.0,0.0,147456.0,0.0,0.0,1,1.0,1.0,1.0,1.0,0.9999999999993219,1.0,,,,73,32,0.0,0,hemofusion
0.0,0.0,0.0,147456.0,0.0,0.0,1,1.0,1.0,1.0,1.0,0.9999999999993219,1.0,,,,73,33,0.0,0,hemofusion
0.0,0.0,0.0,147456.0,0.0,0.0,1,1.0,1.0,1.0,1.0,0.9999999999993219,1.0,,,,73,34,0.0,0,hemofusion
0.0,0.0,0.0,147456.0,0.0,0.0,1,1.0,1.0,1.0,1.0,0.9999999999993219,1.0,,,,73,35,0.0,0,hemofusion
0.0,0.0,0.0,147456.0,0.0,0.0,1,1.0,1.0,1.0,1.0,0.9999999999993219,1.0,,,,73,36,0.0,0,hemofusion
0.0,0.0,0.0,147456.0,0.0,0.0,1,1.0,1.0,1.0,1.0,0.9999999999993219,1.0,,,,74,0,0.2909843779408997,0,hemofusion
0.0,0.0,0.0,147456.0,0.0,0.0,1,1.0,1.0,1.0,1.0,0.9999999999993219,1.0,,,,74,1,0.2909843779408997,0,hemofusion
0.0,0.0,0.0,147456.0,0.0,0.0,1,1.0,1.0,1.0,1.0,0.9999999999993219,1.0,,,,74,2,0.2909843779408997,0,hemofusion
0.0,0.0,0.0,147456.0,0.0,0.0,1,1.0,1.0,1.0,1.0,0.9999999999993219,1.0,,,,74,3,0.2909843779408997,0,hemofusion
0.0,0.0,0.0,147456.0,0.0,0.0,1,1.0,1.0,1.0,1.0,0.9999999999993219,1.0,,,,74,4,0.2909843779408997,0,hemofusion
0.0,0.0,0.0,147456.0,0.0,0.0,1,1.0,1.0,1.0,1.0,0.9999999999993219,1.0,,,,74,5,0.2909843779408997,0,hemofusion
0.0,0.0,0.0,147456.0,0.0,0.0,1,1.0,1.0,1.0,1.0,0.9999999999993219,1.0,,,,74,6,0.2909843779408997,0,hemofusion
0.0,0.0,0.0,147456.0,0.0,0.0,1,1.0,1.0,1.0,1.0,0.9999999999993219,1.0,,,,74,7,0.2909843779408997,0,hemofusion
0.0,0.0,0.0,147456.0,0.0,0.0,1,1.0,1.0,1.0,1.0,0.9999999999993219,1.0,,,,74,8,0.2909843779408997,0,hemofusion
0.0,0.0,0.0,147456.0,0.0,0.0,1,1.0,1.0,1.0,1.0,0.9999999999993219,1.0,,,,74,9,0.2909843779408997,0,hemofusion
0.0,0.0,0.0,147456.0,0.0,0.0,1,1.0,1.0,1.0,1.0,0.9999999999993219,1.0,,,,74,10,0.2909843779408997,0,hemofusion
0.0,0.0,146.0,147310.0,146.0,0.0,0,0.0,0.0,0.0,0.0,0.9999999999993212,6.849314448942323e-10,,,,74,11,0.2909843779408997,0,hemofusion
0.0,0.0,123.0,147333.0,123.0,0.0,0,0.0,0.0,0.0,0.0,0.9999999999993212,8.130081052826199e-10,,,,74,12,0.2909843779408997,0,hemofusion
0.0,0.0,939.0,146517.0,939.0,0.0,0,0.0,0.0,0.0,0.0,0.9999999999993174,1.0649625625802628e-10,,,,74,13,0.2909843779408997,0,hemofusion
0.0,0.0,743.0,146713.0,743.0,0.0,0,0.0,0.0,0.0,0.0,0.9999999999993184,1.345894506954437e-10,,,,74,14,0.2909843779408997,0,hemofusion
0.0,0.0,624.0,146832.0,624.0,0.0,0,0.0,0.0,0.0,0.0,0.999999999999319,1.602563637348453e-10,,,,74,15,0.2909843779408997,0,hemofusion
0.0,0.0,0.0,147456.0,0.0,0.0,1,1.0,1.0,1.0,1.0,0.9999999999993219,1.0,,,,74,16,0.2909843779408997,0,hemofusion
0.0,0.0,126.0,147330.0,126.0,0.0,0,0.0,0.0,0.0,0.0,0.9999999999993212,7.936507007144655e-10,,,,74,17,0.2909843779408997,0,hemofusion
0.0,0.0,268.0,147188.0,268.0,0.0,0,0.0,0.0,0.0,0.0,0.9999999999993205,3.73134412257059e-10,,,,74,18,0.2909843779408997,0,hemofusion
164.0,25.0,154.0,147113.0,318.0,189.0,0,0.6469428006613525,0.4781341106477743,0.867724867265754,0.5157232702780744,0.9998300914780683,0.7455621302276998,14.602673833429625,2.638425023803909,0.7307692307692307,74,19,0.2909843779408997,0,hemofusion
161.0,72.0,52.0,147171.0,213.0,233.0,0,0.7219730940085262,0.5649122805035395,0.6909871241669583,0.7558685442460711,0.9995110124073813,0.9551569506827002,2.5162862317596217,0.833030788366064,0.9488636363636364,74,20,0.2909843779408997,0,hemofusion
197.0,39.0,43.0,147177.0,240.0,236.0,0,0.8277310922630816,0.7060931897110777,0.8347457623581586,0.8208333329913194,0.9997350831424575,0.9915966386572276,1.3747520977527588,0.5393148806487309,0.9937106918238994,74,21,0.2909843779408997,0,hemofusion
128.0,133.0,24.0,147171.0,152.0,261.0,0,0.6198547213995509,0.44912280685995687,0.4904214557507963,0.8421052626038782,0.9990971053053556,0.7360774819040975,2.713561571341699,1.0245428119550255,0.8439306358381503,74,22,0.2909843779408997,0,hemofusion
123.0,50.0,41.0,147242.0,164.0,173.0,0,0.729970326192887,0.5747663548716045,0.710982658548565,0.7499999995426829,0.9996605382498712,0.9732937685539188,3.6456466695740586,0.7971219069601351,0.9276315789473685,74,23,0.2909843779408997,0,hemofusion
0.0,0.0,165.0,147291.0,165.0,0.0,0,0.0,0.0,0.0,0.0,0.9999999999993211,6.060605350910464e-10,,,,74,24,0.2909843779408997,0,hemofusion
0.0,0.0,0.0,147456.0,0.0,0.0,1,1.0,1.0,1.0,1.0,0.9999999999993219,1.0,,,,74,25,0.2909843779408997,0,hemofusion
0.0,0.0,0.0,147456.0,0.0,0.0,1,1.0,1.0,1.0,1.0,0.9999999999993219,1.0,,,,74,26,0.2909843779408997,0,hemofusion
0.0,0.0,0.0,147456.0,0.0,0.0,1,1.0,1.0,1.0,1.0,0.9999999999993219,1.0,,,,74,27,0.2909843779408997,0,hemofusion
0.0,0.0,0.0,147456.0,0.0,0.0,1,1.0,1.0,1.0,1.0,0.9999999999993219,1.0,,,,74,28,0.2909843779408997,0,hemofusion
0.0,0.0,0.0,147456.0,0.0,0.0,1,1.0,1.0,1.0,1.0,0.9999999999993219,1.0,,,,74,29,0.2909843779408997,0,hemofusion
0.0,0.0,0.0,147456.0,0.0,0.0,1,1.0,1.0,1.0,1.0,0.9999999999993219,1.0,,,,74,30,0.2909843779408997,0,hemofusion
0.0,0.0,0.0,147456.0,0.0,0.0,1,1.0,1.0,1.0,1.0,0.9999999999993219,1.0,,,,74,31,0.2909843779408997,0,hemofusion
0.0,0.0,0.0,147456.0,0.0,0.0,1,1.0,1.0,1.0,1.0,0.9999999999993219,1.0,,,,74,32,0.2909843779408997,0,hemofusion
0.0,0.0,0.0,147456.0,0.0,0.0,1,1.0,1.0,1.0,1.0,0.9999999999993219,1.0,,,,74,33,0.2909843779408997,0,hemofusion
0.0,0.0,0.0,147456.0,0.0,0.0,1,1.0,1.0,1.0,1.0,0.9999999999993219,1.0,,,,74,34,0.2909843779408997,0,hemofusion
0.0,0.0,0.0,147456.0,0.0,0.0,1,1.0,1.0,1.0,1.0,0.9999999999993219,1.0,,,,74,35,0.2909843779408997,0,hemofusion
0.0,0.0,0.0,147456.0,0.0,0.0,1,1.0,1.0,1.0,1.0,0.9999999999993219,1.0,,,,74,36,0.2909843779408997,0,hemofusion
0.0,0.0,0.0,147456.0,0.0,0.0,1,1.0,1.0,1.0,1.0,0.9999999999993219,1.0,,,,74,37,0.2909843779408997,0,hemofusion
0.0,0.0,0.0,147456.0,0.0,0.0,1,1.0,1.0,1.0,1.0,0.9999999999993219,1.0,,,,74,38,0.2909843779408997,0,hemofusion
0.0,0.0,0.0,147456.0,0.0,0.0,1,1.0,1.0,1.0,1.0,0.9999999999993219,1.0,,,,75,0,0.8113923513948953,0,hemofusion
0.0,0.0,0.0,147456.0,0.0,0.0,1,1.0,1.0,1.0,1.0,0.9999999999993219,1.0,,,,75,1,0.8113923513948953,0,hemofusion
0.0,0.0,0.0,147456.0,0.0,0.0,1,1.0,1.0,1.0,1.0,0.9999999999993219,1.0,,,,75,2,0.8113923513948953,0,hemofusion
0.0,0.0,0.0,147456.0,0.0,0.0,1,1.0,1.0,1.0,1.0,0.9999999999993219,1.0,,,,75,3,0.8113923513948953,0,hemofusion
0.0,0.0,0.0,147456.0,0.0,0.0,1,1.0,1.0,1.0,1.0,0.9999999999993219,1.0,,,,75,4,0.8113923513948953,0,hemofusion
0.0,0.0,0.0,147456.0,0.0,0.0,1,1.0,1.0,1.0,1.0,0.9999999999993219,1.0,,,,75,5,0.8113923513948953,0,hemofusion
0.0,0.0,0.0,147456.0,0.0,0.0,1,1.0,1.0,1.0,1.0,0.9999999999993219,1.0,,,,75,6,0.8113923513948953,0,hemofusion
0.0,0.0,0.0,147456.0,0.0,0.0,1,1.0,1.0,1.0,1.0,0.9999999999993219,1.0,,,,75,7,0.8113923513948953,0,hemofusion
0.0,0.0,0.0,147456.0,0.0,0.0,1,1.0,1.0,1.0,1.0,0.9999999999993219,1.0,,,,75,8,0.8113923513948953,0,hemofusion
0.0,0.0,0.0,147456.0,0.0,0.0,1,1.0,1.0,1.0,1.0,0.9999999999993219,1.0,,,,75,9,0.8113923513948953,0,hemofusion
0.0,0.0,0.0,147456.0,0.0,0.0,1,1.0,1.0,1.0,1.0,0.9999999999993219,1.0,,,,75,10,0.8113923513948953,0,hemofusion
0.0,0.0,0.0,147456.0,0.0,0.0,1,1.0,1.0,1.0,1.0,0.9999999999993219,1.0,,,,75,11,0.8113923513948953,0,hemofusion
0.0,0.0,0.0,147456.0,0.0,0.0,1,1.0,1.0,1.0,1.0,0.9999999999993219,1.0,,,,75,12,0.8113923513948953,0,hemofusion
0.0,0.0,0.0,147456.0,0.0,0.0,1,1.0,1.0,1.0,1.0,0.9999999999993219,1.0,,,,75,13,0.8113923513948953,0,hemofusion
0.0,0.0,0.0,147456.0,0.0,0.0,1,1.0,1.0,1.0,1.0,0.9999999999993219,1.0,,,,75,14,0.8113923513948953,0,hemofusion
0.0,0.0,271.0,147185.0,271.0,0.0,0,0.0,0.0,0.0,0.0,0.9999999999993205,3.690038274939411e-10,,,,75,15,0.8113923513948953,0,hemofusion
0.0,0.0,568.0,146888.0,568.0,0.0,0,0.0,0.0,0.0,0.0,0.9999999999993192,1.760562806651933e-10,,,,75,16,0.8113923513948953,0,hemofusion
393.0,7.0,1101.0,145955.0,1494.0,400.0,0,0.4149947201470436,0.26182544968275645,0.982499999754375,0.2630522088177341,0.9999520423116975,0.4223864836630208,21.888346992873664,6.137259748608127,0.38095238095238093,75,17,0.8113923513948953,0,hemofusion
2031.0,43.0,308.0,145074.0,2339.0,2074.0,0,0.920462270543384,0.852644836236245,0.9792671166355223,0.8683197947469723,0.999703687368813,0.9399501472934523,4.6656433310634915,0.9366002412683209,0.8763440860215054,75,18,0.8113923513948953,0,hemofusion
2402.0,327.0,687.0,144040.0,3089.0,2729.0,0,0.8257133035265433,0.7031615924852704,0.8801758885716315,0.7775979281069085,0.9977349394245237,0.9381230663468868,8.338143649517468,2.2602425866875633,0.5610859728506787,75,19,0.8113923513948953,0,hemofusion
3723.0,330.0,459.0,142944.0,4182.0,4053.0,0,0.9041894353259964,0.8251329787051168,0.9185788304732648,0.8902439024177369,0.9976967209675184,0.9843351548271483,6.8242180830298045,1.5298167835367902,0.7328385899814471,75,20,0.8113923513948953,0,hemofusion
4604.0,321.0,126.0,142405.0,4730.0,4925.0,0,0.9537027446819916,0.9115026727200257,0.9348223350063996,0.9733615221781531,0.9977509353579602,0.9798032107718301,1.6470195518422186,0.7087633613356952,0.9711864406779661,75,21,0.8113923513948953,0,hemofusion
4659.0,173.0,629.0,141995.0,5288.0,4832.0,0,0.9207509881331941,0.853140450451325,0.9641970198475953,0.8810514371996776,0.9987831298175407,0.9549407114628958,7.447056707569266,1.3145983630010434,0.8377483443708609,75,22,0.8113923513948953,0,hemofusion
4686.0,70.0,909.0,141791.0,5595.0,4756.0,0,0.9054197661974164,0.8271844660048159,0.9852817493485012,0.8375335120493739,0.9995065592368589,0.9189450294665351,9.47573097964682,1.6234803088204197,0.7838283828382838,75,23,0.8113923513948953,0,hemofusion
4226.0,18.0,1194.0,142018.0,5420.0,4244.0,0,0.8745860927061818,0.7771239426116748,0.9957587181669237,0.7797047970335848,0.9998732715642514,0.8783112582794049,9.431035156740675,1.9404912571047006,0.7008,75,24,0.8113923513948953,0,hemofusion
3685.0,127.0,979.0,142665.0,4664.0,3812.0,0,0.8695139216509024,0.7691504904869725,0.9666841552736967,0.7900943396057013,0.9991105944303609,0.8994808872121345,9.794439864685375,1.755974598846733,0.7727975270479135,75,25,0.8113923513948953,0,hemofusion
3674.0,25.0,1684.0,142073.0,5358.0,3699.0,0,0.8113061720126828,0.6825190414140346,0.9932414165722293,0.6857036207412149,0.9998240650811413,0.816826763831105,10.750851967361216,2.7819065667057092,0.5725429017160687,75,26,0.8113923513948953,0,hemofusion
1927.0,39.0,2614.0,142876.0,4541.0,1966.0,0,0.5922852312802784,0.4207423580694161,0.9801627669898187,0.42435586874203135,0.9997271105195398,0.6042723221207273,21.53297669668078,6.633185599208906,0.32510288065843623,75,27,0.8113923513948953,0,hemofusion
707.0,23.0,2954.0,143772.0,3661.0,730.0,0,0.3220223183711678,0.19191096633572446,0.9684931505522613,0.1931166347939602,0.9998400500705867,0.33249829197603054,29.86993469675607,11.40236343194216,0.18181818181818182,75,28,0.8113923513948953,0,hemofusion
1558.0,73.0,865.0,144960.0,2423.0,1631.0,0,0.7686235816287957,0.6241987179237101,0.9552421826514259,0.6430045398001236,0.9994966662752618,0.8046373951700878,14.439344892695873,3.210590486104893,0.6620370370370371,75,29,0.8113923513948953,0,hemofusion
0.0,0.0,870.0,146586.0,870.0,0.0,0,0.0,0.0,0.0,0.0,0.9999999999993178,1.1494249996246708e-10,,,,75,30,0.8113923513948953,0,hemofusion
0.0,0.0,0.0,147456.0,0.0,0.0,1,1.0,1.0,1.0,1.0,0.9999999999993219,1.0,,,,75,31,0.8113923513948953,0,hemofusion
0.0,0.0,0.0,147456.0,0.0,0.0,1,1.0,1.0,1.0,1.0,0.9999999999993219,1.0,,,,75,32,0.8113923513948953,0,hemofusion
0.0,0.0,0.0,147456.0,0.0,0.0,1,1.0,1.0,1.0,1.0,0.9999999999993219,1.0,,,,75,33,0.8113923513948953,0,hemofusion
0.0,0.0,0.0,147456.0,0.0,0.0,1,1.0,1.0,1.0,1.0,0.9999999999993219,1.0,,,,75,34,0.8113923513948953,0,hemofusion
0.0,0.0,0.0,147456.0,0.0,0.0,1,1.0,1.0,1.0,1.0,0.9999999999993219,1.0,,,,75,35,0.8113923513948953,0,hemofusion
0.0,0.0,0.0,147456.0,0.0,0.0,1,1.0,1.0,1.0,1.0,0.9999999999993219,1.0,,,,76,0,0.04869425472077139,0,hemofusion
0.0,0.0,0.0,147456.0,0.0,0.0,1,1.0,1.0,1.0,1.0,0.9999999999993219,1.0,,,,76,1,0.04869425472077139,0,hemofusion
0.0,0.0,0.0,147456.0,0.0,0.0,1,1.0,1.0,1.0,1.0,0.9999999999993219,1.0,,,,76,2,0.04869425472077139,0,hemofusion
0.0,0.0,0.0,147456.0,0.0,0.0,1,1.0,1.0,1.0,1.0,0.9999999999993219,1.0,,,,76,3,0.04869425472077139,0,hemofusion
0.0,0.0,0.0,147456.0,0.0,0.0,1,1.0,1.0,1.0,1.0,0.9999999999993219,1.0,,,,76,4,0.04869425472077139,0,hemofusion
0.0,0.0,0.0,147456.0,0.0,0.0,1,1.0,1.0,1.0,1.0,0.9999999999993219,1.0,,,,76,5,0.04869425472077139,0,hemofusion
0.0,0.0,0.0,147456.0,0.0,0.0,1,1.0,1.0,1.0,1.0,0.9999999999993219,1.0,,,,76,6,0.04869425472077139,0,hemofusion
0.0,0.0,0.0,147456.0,0.0,0.0,1,1.0,1.0,1.0,1.0,0.9999999999993219,1.0,,,,76,7,0.04869425472077139,0,hemofusion
0.0,0.0,0.0,147456.0,0.0,0.0,1,1.0,1.0,1.0,1.0,0.9999999999993219,1.0,,,,76,8,0.04869425472077139,0,hemofusion
0.0,0.0,0.0,147456.0,0.0,0.0,1,1.0,1.0,1.0,1.0,0.9999999999993219,1.0,,,,76,9,0.04869425472077139,0,hemofusion
0.0,0.0,0.0,147456.0,0.0,0.0,1,1.0,1.0,1.0,1.0,0.9999999999993219,1.0,,,,76,10,0.04869425472077139,0,hemofusion
0.0,0.0,0.0,147456.0,0.0,0.0,1,1.0,1.0,1.0,1.0,0.9999999999993219,1.0,,,,76,11,0.04869425472077139,0,hemofusion
0.0,0.0,0.0,147456.0,0.0,0.0,1,1.0,1.0,1.0,1.0,0.9999999999993219,1.0,,,,76,12,0.04869425472077139,0,hemofusion
0.0,0.0,0.0,147456.0,0.0,0.0,1,1.0,1.0,1.0,1.0,0.9999999999993219,1.0,,,,76,13,0.04869425472077139,0,hemofusion
0.0,0.0,0.0,147456.0,0.0,0.0,1,1.0,1.0,1.0,1.0,0.9999999999993219,1.0,,,,76,14,0.04869425472077139,0,hemofusion
0.0,0.0,0.0,147456.0,0.0,0.0,1,1.0,1.0,1.0,1.0,0.9999999999993219,1.0,,,,76,15,0.04869425472077139,0,hemofusion
0.0,0.0,0.0,147456.0,0.0,0.0,1,1.0,1.0,1.0,1.0,0.9999999999993219,1.0,,,,76,16,0.04869425472077139,0,hemofusion
0.0,0.0,0.0,147456.0,0.0,0.0,1,1.0,1.0,1.0,1.0,0.9999999999993219,1.0,,,,76,17,0.04869425472077139,0,hemofusion
0.0,0.0,0.0,147456.0,0.0,0.0,1,1.0,1.0,1.0,1.0,0.9999999999993219,1.0,,,,76,18,0.04869425472077139,0,hemofusion
0.0,0.0,0.0,147456.0,0.0,0.0,1,1.0,1.0,1.0,1.0,0.9999999999993219,1.0,,,,76,19,0.04869425472077139,0,hemofusion
0.0,0.0,0.0,147456.0,0.0,0.0,1,1.0,1.0,1.0,1.0,0.9999999999993219,1.0,,,,76,20,0.04869425472077139,0,hemofusion
0.0,0.0,0.0,147456.0,0.0,0.0,1,1.0,1.0,1.0,1.0,0.9999999999993219,1.0,,,,76,21,0.04869425472077139,0,hemofusion
0.0,0.0,0.0,147456.0,0.0,0.0,1,1.0,1.0,1.0,1.0,0.9999999999993219,1.0,,,,76,22,0.04869425472077139,0,hemofusion
0.0,0.0,0.0,147456.0,0.0,0.0,1,1.0,1.0,1.0,1.0,0.9999999999993219,1.0,,,,76,23,0.04869425472077139,0,hemofusion
0.0,0.0,0.0,147456.0,0.0,0.0,1,1.0,1.0,1.0,1.0,0.9999999999993219,1.0,,,,76,24,0.04869425472077139,0,hemofusion
0.0,0.0,0.0,147456.0,0.0,0.0,1,1.0,1.0,1.0,1.0,0.9999999999993219,1.0,,,,76,25,0.04869425472077139,0,hemofusion
0.0,0.0,0.0,147456.0,0.0,0.0,1,1.0,1.0,1.0,1.0,0.9999999999993219,1.0,,,,76,26,0.04869425472077139,0,hemofusion
0.0,0.0,264.0,147192.0,264.0,0.0,0,0.0,0.0,0.0,0.0,0.9999999999993207,3.787880009653577e-10,,,,76,27,0.04869425472077139,0,hemofusion
0.0,587.0,0.0,146869.0,0.0,587.0,1,0.0,0.0,0.0,1.0,0.996019151475019,0.0,,,,76,28,0.04869425472077139,0,hemofusion
0.0,0.0,169.0,147287.0,169.0,0.0,0,0.0,0.0,0.0,0.0,0.9999999999993211,5.917158985013771e-10,,,,76,29,0.04869425472077139,0,hemofusion
42.0,36.0,218.0,147160.0,260.0,78.0,0,0.24852070998564474,0.14189189184395543,0.5384615377712032,0.16153846147633136,0.999755428135955,0.4615384616977697,120.97626740373293,43.04214558389235,0.4076923076923077,76,30,0.04869425472077139,0,hemofusion
10.0,0.0,211.0,147235.0,221.0,10.0,0,0.08658008654260603,0.04524886875780594,0.9999999900000002,0.04524886875780594,0.9999999999993208,0.08658008697550645,11.292156790613868,4.6232725716415,0.3382352941176471,76,31,0.04869425472077139,0,hemofusion
42.0,14.0,322.0,147078.0,364.0,56.0,0,0.19999999995238094,0.11111111108171663,0.7499999986607143,0.1153846153529163,0.9999048214715961,0.26666666684126983,134.23498175617593,53.18292720577242,0.35135135135135137,76,32,0.04869425472077139,0,hemofusion
0.0,215.0,887.0,146354.0,887.0,215.0,0,0.0,0.0,0.0,0.0,0.9985331140957511,0.39019963707892935,60.14972956270893,25.30960170794374,0.0,76,33,0.04869425472077139,0,hemofusion
130.0,502.0,1168.0,145656.0,1298.0,632.0,0,0.1347150258997557,0.07222222221820987,0.2056962024990987,0.10015408319721462,0.9965653607732751,0.6549222798106258,52.79581469393588,17.28162333396264,0.2911184210526316,76,34,0.04869425472077139,0,hemofusion
6.0,684.0,953.0,145813.0,959.0,690.0,0,0.00727713765874608,0.0036518563600942263,0.008695652172652805,0.006256517204769915,0.9953309624081071,0.8368708308164421,72.22032841622675,16.61725337662286,0.07991803278688525,76,35,0.04869425472077139,0,hemofusion
69.0,415.0,864.0,146108.0,933.0,484.0,0,0.09738884967555476,0.051186943616380785,0.1425619834416194,0.073954983914903,0.9971676801587483,0.6831333804034486,29.89941235243439,10.721164465418607,0.2639821029082774,76,36,0.04869425472077139,0,hemofusion
0.0,178.0,1072.0,146206.0,1072.0,178.0,0,0.0,0.0,0.0,0.0,0.9987840201108052,0.28480000005721606,109.15692620927547,50.7927281396649,0.0,76,37,0.04869425472077139,0,hemofusion
0.0,0.0,1101.0,146355.0,1101.0,0.0,0,0.0,0.0,0.0,0.0,0.9999999999993168,9.082656848846682e-11,,,,76,38,0.04869425472077139,0,hemofusion
4.0,152.0,483.0,146817.0,487.0,156.0,0,0.01244167962481467,0.006259780906688611,0.025641025624589087,0.008213552359709742,0.9989657682905926,0.485225505523293,56.75079407061066,25.501450391532092,0.09473684210526316,76,39,0.04869425472077139,0,hemofusion
0.0,0.0,761.0,146695.0,761.0,0.0,0,0.0,0.0,0.0,0.0,0.9999999999993183,1.3140599719463353e-10,,,,76,40,0.04869425472077139,0,hemofusion
0.0,0.0,583.0,146873.0,583.0,0.0,0,0.0,0.0,0.0,0.0,0.9999999999993191,1.7152657072472266e-10,,,,76,41,0.04869425472077139,0,hemofusion
0.0,0.0,0.0,147456.0,0.0,0.0,1,1.0,1.0,1.0,1.0,0.9999999999993219,1.0,,,,76,42,0.04869425472077139,0,hemofusion
0.0,0.0,0.0,147456.0,0.0,0.0,1,1.0,1.0,1.0,1.0,0.9999999999993219,1.0,,,,76,43,0.04869425472077139,0,hemofusion
0.0,0.0,0.0,147456.0,0.0,0.0,1,1.0,1.0,1.0,1.0,0.9999999999993219,1.0,,,,76,44,0.04869425472077139,0,hemofusion
0.0,0.0,0.0,147456.0,0.0,0.0,1,1.0,1.0,1.0,1.0,0.9999999999993219,1.0,,,,76,45,0.04869425472077139,0,hemofusion
0.0,0.0,0.0,147456.0,0.0,0.0,1,1.0,1.0,1.0,1.0,0.9999999999993219,1.0,,,,76,46,0.04869425472077139,0,hemofusion
0.0,0.0,0.0,147456.0,0.0,0.0,1,1.0,1.0,1.0,1.0,0.9999999999993219,1.0,,,,76,47,0.04869425472077139,0,hemofusion
0.0,0.0,0.0,147456.0,0.0,0.0,1,1.0,1.0,1.0,1.0,0.9999999999993219,1.0,,,,76,48,0.04869425472077139,0,hemofusion
0.0,0.0,0.0,147456.0,0.0,0.0,1,1.0,1.0,1.0,1.0,0.9999999999993219,1.0,,,,76,49,0.04869425472077139,0,hemofusion
0.0,0.0,0.0,147456.0,0.0,0.0,1,1.0,1.0,1.0,1.0,0.9999999999993219,1.0,,,,76,50,0.04869425472077139,0,hemofusion
0.0,0.0,0.0,147456.0,0.0,0.0,1,1.0,1.0,1.0,1.0,0.9999999999993219,1.0,,,,80,0,0.27547295054762694,0,hemofusion
0.0,0.0,0.0,147456.0,0.0,0.0,1,1.0,1.0,1.0,1.0,0.9999999999993219,1.0,,,,80,1,0.27547295054762694,0,hemofusion
0.0,0.0,0.0,147456.0,0.0,0.0,1,1.0,1.0,1.0,1.0,0.9999999999993219,1.0,,,,80,2,0.27547295054762694,0,hemofusion
0.0,0.0,0.0,147456.0,0.0,0.0,1,1.0,1.0,1.0,1.0,0.9999999999993219,1.0,,,,80,3,0.27547295054762694,0,hemofusion
0.0,0.0,0.0,147456.0,0.0,0.0,1,1.0,1.0,1.0,1.0,0.9999999999993219,1.0,,,,80,4,0.27547295054762694,0,hemofusion
0.0,0.0,0.0,147456.0,0.0,0.0,1,1.0,1.0,1.0,1.0,0.9999999999993219,1.0,,,,80,5,0.27547295054762694,0,hemofusion
0.0,0.0,0.0,147456.0,0.0,0.0,1,1.0,1.0,1.0,1.0,0.9999999999993219,1.0,,,,80,6,0.27547295054762694,0,hemofusion
0.0,0.0,76.0,147380.0,76.0,0.0,0,0.0,0.0,0.0,0.0,0.9999999999993214,1.3157893663517939e-09,,,,80,7,0.27547295054762694,0,hemofusion
0.0,0.0,579.0,146877.0,579.0,0.0,0,0.0,0.0,0.0,0.0,0.9999999999993191,1.727115117589051e-10,,,,80,8,0.27547295054762694,0,hemofusion
0.0,0.0,628.0,146828.0,628.0,0.0,0,0.0,0.0,0.0,0.0,0.9999999999993189,1.5923562468600494e-10,,,,80,9,0.27547295054762694,0,hemofusion
0.0,0.0,0.0,147456.0,0.0,0.0,1,1.0,1.0,1.0,1.0,0.9999999999993219,1.0,,,,80,10,0.27547295054762694,0,hemofusion
0.0,0.0,0.0,147456.0,0.0,0.0,1,1.0,1.0,1.0,1.0,0.9999999999993219,1.0,,,,80,11,0.27547295054762694,0,hemofusion
0.0,0.0,344.0,147112.0,344.0,0.0,0,0.0,0.0,0.0,0.0,0.9999999999993202,2.9069768814338204e-10,,,,80,12,0.27547295054762694,0,hemofusion
243.0,33.0,2078.0,145102.0,2321.0,276.0,0,0.18713900653880866,0.10322854714939557,0.8804347822896975,0.10469625161117208,0.999772625485927,0.21255294573690586,86.23140339096197,39.683557144298085,0.2150313152400835,80,13,0.27547295054762694,0,hemofusion
413.0,11.0,1362.0,145670.0,1775.0,424.0,0,0.37562528420301844,0.2312430011068733,0.9740566035438545,0.23267605632491964,0.9999244925549661,0.3856298317696394,77.60119377026163,31.08311044381844,0.3414043583535109,80,14,0.27547295054762694,0,hemofusion
178.0,1.0,407.0,146870.0,585.0,179.0,0,0.46596858632644395,0.3037542661597689,0.9944134072656908,0.30427350422149174,0.9999931913032525,0.46858638750411175,52.52242350582922,16.377312906046935,0.4491017964071856,80,15,0.27547295054762694,0,hemofusion
195.0,54.0,406.0,146801.0,601.0,249.0,0,0.4588235293577855,0.29770992361867027,0.7831325298059709,0.3244592345549985,0.9996322903537506,0.5858823529898962,50.47146081616418,16.10834665657316,0.40555555555555556,80,16,0.27547295054762694,0,hemofusion
216.0,78.0,155.0,147007.0,371.0,294.0,0,0.6496240600526881,0.481069042209116,0.7346938773011245,0.5822102424306711,0.9994696943937182,0.8842105263332014,44.477670479681414,9.44426654289483,0.68,80,17,0.27547295054762694,0,hemofusion
0.0,0.0,263.0,147193.0,263.0,0.0,0,0.0,0.0,0.0,0.0,0.9999999999993207,3.8022818227290145e-10,,,,80,18,0.27547295054762694,0,hemofusion
0.0,0.0,74.0,147382.0,74.0,0.0,0,0.0,0.0,0.0,0.0,0.9999999999993214,1.3513512531204697e-09,,,,80,19,0.27547295054762694,0,hemofusion
0.0,0.0,0.0,147456.0,0.0,0.0,1,1.0,1.0,1.0,1.0,0.9999999999993219,1.0,,,,80,20,0.27547295054762694,0,hemofusion
0.0,0.0,0.0,147456.0,0.0,0.0,1,1.0,1.0,1.0,1.0,0.9999999999993219,1.0,,,,80,21,0.27547295054762694,0,hemofusion
0.0,0.0,0.0,147456.0,0.0,0.0,1,1.0,1.0,1.0,1.0,0.9999999999993219,1.0,,,,80,22,0.27547295054762694,0,hemofusion
0.0,0.0,0.0,147456.0,0.0,0.0,1,1.0,1.0,1.0,1.0,0.9999999999993219,1.0,,,,80,23,0.27547295054762694,0,hemofusion
0.0,0.0,0.0,147456.0,0.0,0.0,1,1.0,1.0,1.0,1.0,0.9999999999993219,1.0,,,,80,24,0.27547295054762694,0,hemofusion
0.0,0.0,0.0,147456.0,0.0,0.0,1,1.0,1.0,1.0,1.0,0.9999999999993219,1.0,,,,80,25,0.27547295054762694,0,hemofusion
0.0,0.0,0.0,147456.0,0.0,0.0,1,1.0,1.0,1.0,1.0,0.9999999999993219,1.0,,,,80,26,0.27547295054762694,0,hemofusion
0.0,0.0,0.0,147456.0,0.0,0.0,1,1.0,1.0,1.0,1.0,0.9999999999993219,1.0,,,,80,27,0.27547295054762694,0,hemofusion
0.0,0.0,0.0,147456.0,0.0,0.0,1,1.0,1.0,1.0,1.0,0.9999999999993219,1.0,,,,80,28,0.27547295054762694,0,hemofusion
0.0,0.0,0.0,147456.0,0.0,0.0,1,1.0,1.0,1.0,1.0,0.9999999999993219,1.0,,,,80,29,0.27547295054762694,0,hemofusion
0.0,0.0,0.0,147456.0,0.0,0.0,1,1.0,1.0,1.0,1.0,0.9999999999993219,1.0,,,,80,30,0.27547295054762694,0,hemofusion
0.0,0.0,0.0,147456.0,0.0,0.0,1,1.0,1.0,1.0,1.0,0.9999999999993219,1.0,,,,80,31,0.27547295054762694,0,hemofusion
0.0,0.0,0.0,147456.0,0.0,0.0,1,1.0,1.0,1.0,1.0,0.9999999999993219,1.0,,,,80,32,0.27547295054762694,0,hemofusion
0.0,0.0,0.0,147456.0,0.0,0.0,1,1.0,1.0,1.0,1.0,0.9999999999993219,1.0,,,,98,0,,0,hemofusion
0.0,0.0,0.0,147456.0,0.0,0.0,1,1.0,1.0,1.0,1.0,0.9999999999993219,1.0,,,,98,1,,0,hemofusion
0.0,0.0,0.0,147456.0,0.0,0.0,1,1.0,1.0,1.0,1.0,0.9999999999993219,1.0,,,,98,2,,0,hemofusion
0.0,0.0,0.0,147456.0,0.0,0.0,1,1.0,1.0,1.0,1.0,0.9999999999993219,1.0,,,,98,3,,0,hemofusion
0.0,0.0,0.0,147456.0,0.0,0.0,1,1.0,1.0,1.0,1.0,0.9999999999993219,1.0,,,,98,4,,0,hemofusion
0.0,0.0,0.0,147456.0,0.0,0.0,1,1.0,1.0,1.0,1.0,0.9999999999993219,1.0,,,,98,5,,0,hemofusion
0.0,0.0,0.0,147456.0,0.0,0.0,1,1.0,1.0,1.0,1.0,0.9999999999993219,1.0,,,,98,6,,0,hemofusion
0.0,0.0,0.0,147456.0,0.0,0.0,1,1.0,1.0,1.0,1.0,0.9999999999993219,1.0,,,,98,7,,0,hemofusion
0.0,0.0,0.0,147456.0,0.0,0.0,1,1.0,1.0,1.0,1.0,0.9999999999993219,1.0,,,,98,8,,0,hemofusion
0.0,0.0,0.0,147456.0,0.0,0.0,1,1.0,1.0,1.0,1.0,0.9999999999993219,1.0,,,,98,9,,0,hemofusion
0.0,0.0,0.0,147456.0,0.0,0.0,1,1.0,1.0,1.0,1.0,0.9999999999993219,1.0,,,,98,10,,0,hemofusion
0.0,0.0,0.0,147456.0,0.0,0.0,1,1.0,1.0,1.0,1.0,0.9999999999993219,1.0,,,,98,11,,0,hemofusion
0.0,0.0,0.0,147456.0,0.0,0.0,1,1.0,1.0,1.0,1.0,0.9999999999993219,1.0,,,,98,12,,0,hemofusion
0.0,0.0,0.0,147456.0,0.0,0.0,1,1.0,1.0,1.0,1.0,0.9999999999993219,1.0,,,,98,13,,0,hemofusion
0.0,0.0,0.0,147456.0,0.0,0.0,1,1.0,1.0,1.0,1.0,0.9999999999993219,1.0,,,,98,14,,0,hemofusion
0.0,0.0,0.0,147456.0,0.0,0.0,1,1.0,1.0,1.0,1.0,0.9999999999993219,1.0,,,,98,15,,0,hemofusion
0.0,0.0,0.0,147456.0,0.0,0.0,1,1.0,1.0,1.0,1.0,0.9999999999993219,1.0,,,,98,16,,0,hemofusion
0.0,0.0,0.0,147456.0,0.0,0.0,1,1.0,1.0,1.0,1.0,0.9999999999993219,1.0,,,,98,17,,0,hemofusion
0.0,0.0,0.0,147456.0,0.0,0.0,1,1.0,1.0,1.0,1.0,0.9999999999993219,1.0,,,,98,18,,0,hemofusion
0.0,0.0,0.0,147456.0,0.0,0.0,1,1.0,1.0,1.0,1.0,0.9999999999993219,1.0,,,,98,19,,0,hemofusion
0.0,0.0,0.0,147456.0,0.0,0.0,1,1.0,1.0,1.0,1.0,0.9999999999993219,1.0,,,,98,20,,0,hemofusion
0.0,0.0,0.0,147456.0,0.0,0.0,1,1.0,1.0,1.0,1.0,0.9999999999993219,1.0,,,,98,21,,0,hemofusion
0.0,0.0,0.0,147456.0,0.0,0.0,1,1.0,1.0,1.0,1.0,0.9999999999993219,1.0,,,,98,22,,0,hemofusion
0.0,0.0,0.0,147456.0,0.0,0.0,1,1.0,1.0,1.0,1.0,0.9999999999993219,1.0,,,,98,23,,0,hemofusion
0.0,0.0,0.0,147456.0,0.0,0.0,1,1.0,1.0,1.0,1.0,0.9999999999993219,1.0,,,,98,24,,0,hemofusion
0.0,0.0,0.0,147456.0,0.0,0.0,1,1.0,1.0,1.0,1.0,0.9999999999993219,1.0,,,,98,25,,0,hemofusion
0.0,0.0,0.0,147456.0,0.0,0.0,1,1.0,1.0,1.0,1.0,0.9999999999993219,1.0,,,,98,26,,0,hemofusion
0.0,0.0,0.0,147456.0,0.0,0.0,1,1.0,1.0,1.0,1.0,0.9999999999993219,1.0,,,,98,27,,0,hemofusion
0.0,0.0,0.0,147456.0,0.0,0.0,1,1.0,1.0,1.0,1.0,0.9999999999993219,1.0,,,,98,28,,0,hemofusion
0.0,0.0,0.0,147456.0,0.0,0.0,1,1.0,1.0,1.0,1.0,0.9999999999993219,1.0,,,,98,29,,0,hemofusion
0.0,0.0,0.0,147456.0,0.0,0.0,1,1.0,1.0,1.0,1.0,0.9999999999993219,1.0,,,,98,30,,0,hemofusion
0.0,0.0,0.0,147456.0,0.0,0.0,1,1.0,1.0,1.0,1.0,0.9999999999993219,1.0,,,,98,31,,0,hemofusion
0.0,0.0,0.0,147456.0,0.0,0.0,1,1.0,1.0,1.0,1.0,0.9999999999993219,1.0,,,,98,32,,0,hemofusion
0.0,0.0,0.0,147456.0,0.0,0.0,1,1.0,1.0,1.0,1.0,0.9999999999993219,1.0,,,,98,33,,0,hemofusion
0.0,0.0,0.0,147456.0,0.0,0.0,1,1.0,1.0,1.0,1.0,0.9999999999993219,1.0,,,,98,34,,0,hemofusion
0.0,0.0,0.0,147456.0,0.0,0.0,1,1.0,1.0,1.0,1.0,0.9999999999993219,1.0,,,,98,35,,0,hemofusion
0.0,0.0,0.0,147456.0,0.0,0.0,1,1.0,1.0,1.0,1.0,0.9999999999993219,1.0,,,,98,36,,0,hemofusion
0.0,0.0,0.0,147456.0,0.0,0.0,1,1.0,1.0,1.0,1.0,0.9999999999993219,1.0,,,,98,37,,0,hemofusion
0.0,0.0,0.0,147456.0,0.0,0.0,1,1.0,1.0,1.0,1.0,0.9999999999993219,1.0,,,,98,38,,0,hemofusion
0.0,0.0,0.0,147456.0,0.0,0.0,1,1.0,1.0,1.0,1.0,0.9999999999993219,1.0,,,,98,39,,0,hemofusion
0.0,0.0,0.0,147456.0,0.0,0.0,1,1.0,1.0,1.0,1.0,0.9999999999993219,1.0,,,,98,40,,0,hemofusion
0.0,0.0,0.0,147456.0,0.0,0.0,1,1.0,1.0,1.0,1.0,0.9999999999993219,1.0,,,,98,41,,0,hemofusion
0.0,0.0,0.0,147456.0,0.0,0.0,1,1.0,1.0,1.0,1.0,0.9999999999993219,1.0,,,,98,42,,0,hemofusion
0.0,0.0,0.0,147456.0,0.0,0.0,1,1.0,1.0,1.0,1.0,0.9999999999993219,1.0,,,,98,43,,0,hemofusion
0.0,0.0,0.0,147456.0,0.0,0.0,1,1.0,1.0,1.0,1.0,0.9999999999993219,1.0,,,,98,44,,0,hemofusion
0.0,0.0,0.0,147456.0,0.0,0.0,1,1.0,1.0,1.0,1.0,0.9999999999993219,1.0,,,,98,45,,0,hemofusion
0.0,0.0,0.0,147456.0,0.0,0.0,1,1.0,1.0,1.0,1.0,0.9999999999993219,1.0,,,,98,46,,0,hemofusion
0.0,0.0,0.0,147456.0,0.0,0.0,1,1.0,1.0,1.0,1.0,0.9999999999993219,1.0,,,,98,47,,0,hemofusion
0.0,0.0,0.0,147456.0,0.0,0.0,1,1.0,1.0,1.0,1.0,0.9999999999993219,1.0,,,,104,0,,0,hemofusion
0.0,0.0,0.0,147456.0,0.0,0.0,1,1.0,1.0,1.0,1.0,0.9999999999993219,1.0,,,,104,1,,0,hemofusion
0.0,0.0,0.0,147456.0,0.0,0.0,1,1.0,1.0,1.0,1.0,0.9999999999993219,1.0,,,,104,2,,0,hemofusion
0.0,0.0,0.0,147456.0,0.0,0.0,1,1.0,1.0,1.0,1.0,0.9999999999993219,1.0,,,,104,3,,0,hemofusion
0.0,0.0,0.0,147456.0,0.0,0.0,1,1.0,1.0,1.0,1.0,0.9999999999993219,1.0,,,,104,4,,0,hemofusion
0.0,0.0,0.0,147456.0,0.0,0.0,1,1.0,1.0,1.0,1.0,0.9999999999993219,1.0,,,,104,5,,0,hemofusion
0.0,0.0,0.0,147456.0,0.0,0.0,1,1.0,1.0,1.0,1.0,0.9999999999993219,1.0,,,,104,6,,0,hemofusion
0.0,0.0,0.0,147456.0,0.0,0.0,1,1.0,1.0,1.0,1.0,0.9999999999993219,1.0,,,,104,7,,0,hemofusion
0.0,0.0,0.0,147456.0,0.0,0.0,1,1.0,1.0,1.0,1.0,0.9999999999993219,1.0,,,,104,8,,0,hemofusion
0.0,0.0,0.0,147456.0,0.0,0.0,1,1.0,1.0,1.0,1.0,0.9999999999993219,1.0,,,,104,9,,0,hemofusion
0.0,0.0,0.0,147456.0,0.0,0.0,1,1.0,1.0,1.0,1.0,0.9999999999993219,1.0,,,,104,10,,0,hemofusion
0.0,0.0,0.0,147456.0,0.0,0.0,1,1.0,1.0,1.0,1.0,0.9999999999993219,1.0,,,,104,11,,0,hemofusion
0.0,0.0,0.0,147456.0,0.0,0.0,1,1.0,1.0,1.0,1.0,0.9999999999993219,1.0,,,,104,12,,0,hemofusion
0.0,0.0,0.0,147456.0,0.0,0.0,1,1.0,1.0,1.0,1.0,0.9999999999993219,1.0,,,,104,13,,0,hemofusion
0.0,0.0,0.0,147456.0,0.0,0.0,1,1.0,1.0,1.0,1.0,0.9999999999993219,1.0,,,,104,14,,0,hemofusion
0.0,0.0,0.0,147456.0,0.0,0.0,1,1.0,1.0,1.0,1.0,0.9999999999993219,1.0,,,,104,15,,0,hemofusion
0.0,0.0,0.0,147456.0,0.0,0.0,1,1.0,1.0,1.0,1.0,0.9999999999993219,1.0,,,,104,16,,0,hemofusion
0.0,0.0,0.0,147456.0,0.0,0.0,1,1.0,1.0,1.0,1.0,0.9999999999993219,1.0,,,,104,17,,0,hemofusion
0.0,0.0,0.0,147456.0,0.0,0.0,1,1.0,1.0,1.0,1.0,0.9999999999993219,1.0,,,,104,18,,0,hemofusion
0.0,0.0,0.0,147456.0,0.0,0.0,1,1.0,1.0,1.0,1.0,0.9999999999993219,1.0,,,,104,19,,0,hemofusion
0.0,0.0,0.0,147456.0,0.0,0.0,1,1.0,1.0,1.0,1.0,0.9999999999993219,1.0,,,,104,20,,0,hemofusion
0.0,0.0,0.0,147456.0,0.0,0.0,1,1.0,1.0,1.0,1.0,0.9999999999993219,1.0,,,,104,21,,0,hemofusion
0.0,0.0,0.0,147456.0,0.0,0.0,1,1.0,1.0,1.0,1.0,0.9999999999993219,1.0,,,,104,22,,0,hemofusion
0.0,0.0,0.0,147456.0,0.0,0.0,1,1.0,1.0,1.0,1.0,0.9999999999993219,1.0,,,,104,23,,0,hemofusion
0.0,0.0,0.0,147456.0,0.0,0.0,1,1.0,1.0,1.0,1.0,0.9999999999993219,1.0,,,,104,24,,0,hemofusion
0.0,0.0,0.0,147456.0,0.0,0.0,1,1.0,1.0,1.0,1.0,0.9999999999993219,1.0,,,,104,25,,0,hemofusion
0.0,0.0,0.0,147456.0,0.0,0.0,1,1.0,1.0,1.0,1.0,0.9999999999993219,1.0,,,,104,26,,0,hemofusion
0.0,0.0,0.0,147456.0,0.0,0.0,1,1.0,1.0,1.0,1.0,0.9999999999993219,1.0,,,,104,27,,0,hemofusion
0.0,0.0,0.0,147456.0,0.0,0.0,1,1.0,1.0,1.0,1.0,0.9999999999993219,1.0,,,,104,28,,0,hemofusion
0.0,0.0,0.0,147456.0,0.0,0.0,1,1.0,1.0,1.0,1.0,0.9999999999993219,1.0,,,,104,29,,0,hemofusion
0.0,0.0,0.0,147456.0,0.0,0.0,1,1.0,1.0,1.0,1.0,0.9999999999993219,1.0,,,,104,30,,0,hemofusion
0.0,0.0,0.0,147456.0,0.0,0.0,1,1.0,1.0,1.0,1.0,0.9999999999993219,1.0,,,,108,0,,0,hemofusion
0.0,0.0,0.0,147456.0,0.0,0.0,1,1.0,1.0,1.0,1.0,0.9999999999993219,1.0,,,,108,1,,0,hemofusion
0.0,0.0,0.0,147456.0,0.0,0.0,1,1.0,1.0,1.0,1.0,0.9999999999993219,1.0,,,,108,2,,0,hemofusion
0.0,0.0,0.0,147456.0,0.0,0.0,1,1.0,1.0,1.0,1.0,0.9999999999993219,1.0,,,,108,3,,0,hemofusion
0.0,0.0,0.0,147456.0,0.0,0.0,1,1.0,1.0,1.0,1.0,0.9999999999993219,1.0,,,,108,4,,0,hemofusion
0.0,0.0,0.0,147456.0,0.0,0.0,1,1.0,1.0,1.0,1.0,0.9999999999993219,1.0,,,,108,5,,0,hemofusion
0.0,0.0,0.0,147456.0,0.0,0.0,1,1.0,1.0,1.0,1.0,0.9999999999993219,1.0,,,,108,6,,0,hemofusion
0.0,0.0,0.0,147456.0,0.0,0.0,1,1.0,1.0,1.0,1.0,0.9999999999993219,1.0,,,,108,7,,0,hemofusion
0.0,0.0,0.0,147456.0,0.0,0.0,1,1.0,1.0,1.0,1.0,0.9999999999993219,1.0,,,,108,8,,0,hemofusion
0.0,0.0,0.0,147456.0,0.0,0.0,1,1.0,1.0,1.0,1.0,0.9999999999993219,1.0,,,,108,9,,0,hemofusion
0.0,0.0,0.0,147456.0,0.0,0.0,1,1.0,1.0,1.0,1.0,0.9999999999993219,1.0,,,,108,10,,0,hemofusion
0.0,0.0,0.0,147456.0,0.0,0.0,1,1.0,1.0,1.0,1.0,0.9999999999993219,1.0,,,,108,11,,0,hemofusion
0.0,0.0,0.0,147456.0,0.0,0.0,1,1.0,1.0,1.0,1.0,0.9999999999993219,1.0,,,,108,12,,0,hemofusion
0.0,0.0,0.0,147456.0,0.0,0.0,1,1.0,1.0,1.0,1.0,0.9999999999993219,1.0,,,,108,13,,0,hemofusion
0.0,0.0,0.0,147456.0,0.0,0.0,1,1.0,1.0,1.0,1.0,0.9999999999993219,1.0,,,,108,14,,0,hemofusion
0.0,0.0,0.0,147456.0,0.0,0.0,1,1.0,1.0,1.0,1.0,0.9999999999993219,1.0,,,,108,15,,0,hemofusion
0.0,0.0,0.0,147456.0,0.0,0.0,1,1.0,1.0,1.0,1.0,0.9999999999993219,1.0,,,,108,16,,0,hemofusion
0.0,0.0,0.0,147456.0,0.0,0.0,1,1.0,1.0,1.0,1.0,0.9999999999993219,1.0,,,,108,17,,0,hemofusion
0.0,0.0,0.0,147456.0,0.0,0.0,1,1.0,1.0,1.0,1.0,0.9999999999993219,1.0,,,,108,18,,0,hemofusion
0.0,0.0,0.0,147456.0,0.0,0.0,1,1.0,1.0,1.0,1.0,0.9999999999993219,1.0,,,,108,19,,0,hemofusion
0.0,0.0,0.0,147456.0,0.0,0.0,1,1.0,1.0,1.0,1.0,0.9999999999993219,1.0,,,,108,20,,0,hemofusion
0.0,0.0,0.0,147456.0,0.0,0.0,1,1.0,1.0,1.0,1.0,0.9999999999993219,1.0,,,,108,21,,0,hemofusion
0.0,0.0,0.0,147456.0,0.0,0.0,1,1.0,1.0,1.0,1.0,0.9999999999993219,1.0,,,,108,22,,0,hemofusion
0.0,0.0,0.0,147456.0,0.0,0.0,1,1.0,1.0,1.0,1.0,0.9999999999993219,1.0,,,,108,23,,0,hemofusion
0.0,0.0,0.0,147456.0,0.0,0.0,1,1.0,1.0,1.0,1.0,0.9999999999993219,1.0,,,,108,24,,0,hemofusion
0.0,0.0,0.0,147456.0,0.0,0.0,1,1.0,1.0,1.0,1.0,0.9999999999993219,1.0,,,,108,25,,0,hemofusion
0.0,0.0,0.0,147456.0,0.0,0.0,1,1.0,1.0,1.0,1.0,0.9999999999993219,1.0,,,,108,26,,0,hemofusion
0.0,0.0,0.0,147456.0,0.0,0.0,1,1.0,1.0,1.0,1.0,0.9999999999993219,1.0,,,,108,27,,0,hemofusion
0.0,0.0,0.0,147456.0,0.0,0.0,1,1.0,1.0,1.0,1.0,0.9999999999993219,1.0,,,,108,28,,0,hemofusion
0.0,0.0,0.0,147456.0,0.0,0.0,1,1.0,1.0,1.0,1.0,0.9999999999993219,1.0,,,,108,29,,0,hemofusion
0.0,0.0,0.0,147456.0,0.0,0.0,1,1.0,1.0,1.0,1.0,0.9999999999993219,1.0,,,,108,30,,0,hemofusion
0.0,0.0,0.0,147456.0,0.0,0.0,1,1.0,1.0,1.0,1.0,0.9999999999993219,1.0,,,,108,31,,0,hemofusion
0.0,0.0,0.0,147456.0,0.0,0.0,1,1.0,1.0,1.0,1.0,0.9999999999993219,1.0,,,,108,32,,0,hemofusion
0.0,0.0,0.0,147456.0,0.0,0.0,1,1.0,1.0,1.0,1.0,0.9999999999993219,1.0,,,,108,33,,0,hemofusion
0.0,0.0,0.0,147456.0,0.0,0.0,1,1.0,1.0,1.0,1.0,0.9999999999993219,1.0,,,,108,34,,0,hemofusion
0.0,0.0,0.0,147456.0,0.0,0.0,1,1.0,1.0,1.0,1.0,0.9999999999993219,1.0,,,,108,35,,0,hemofusion
0.0,0.0,0.0,147456.0,0.0,0.0,1,1.0,1.0,1.0,1.0,0.9999999999993219,1.0,,,,108,36,,0,hemofusion
0.0,0.0,0.0,147456.0,0.0,0.0,1,1.0,1.0,1.0,1.0,0.9999999999993219,1.0,,,,108,37,,0,hemofusion
0.0,0.0,0.0,147456.0,0.0,0.0,1,1.0,1.0,1.0,1.0,0.9999999999993219,1.0,,,,108,38,,0,hemofusion
0.0,0.0,0.0,147456.0,0.0,0.0,1,1.0,1.0,1.0,1.0,0.9999999999993219,1.0,,,,108,39,,0,hemofusion
0.0,0.0,0.0,147456.0,0.0,0.0,1,1.0,1.0,1.0,1.0,0.9999999999993219,1.0,,,,108,40,,0,hemofusion
0.0,0.0,0.0,147456.0,0.0,0.0,1,1.0,1.0,1.0,1.0,0.9999999999993219,1.0,,,,108,41,,0,hemofusion
0.0,0.0,0.0,147456.0,0.0,0.0,1,1.0,1.0,1.0,1.0,0.9999999999993219,1.0,,,,108,42,,0,hemofusion
0.0,0.0,0.0,147456.0,0.0,0.0,1,1.0,1.0,1.0,1.0,0.9999999999993219,1.0,,,,108,43,,0,hemofusion
0.0,0.0,0.0,147456.0,0.0,0.0,1,1.0,1.0,1.0,1.0,0.9999999999993219,1.0,,,,108,44,,0,hemofusion
0.0,0.0,0.0,147456.0,0.0,0.0,1,1.0,1.0,1.0,1.0,0.9999999999993219,1.0,,,,108,45,,0,hemofusion
0.0,0.0,0.0,147456.0,0.0,0.0,1,1.0,1.0,1.0,1.0,0.9999999999993219,1.0,,,,108,46,,0,hemofusion
0.0,0.0,0.0,147456.0,0.0,0.0,1,1.0,1.0,1.0,1.0,0.9999999999993219,1.0,,,,108,47,,0,hemofusion
0.0,0.0,0.0,147456.0,0.0,0.0,1,1.0,1.0,1.0,1.0,0.9999999999993219,1.0,,,,108,48,,0,hemofusion
0.0,0.0,0.0,147456.0,0.0,0.0,1,1.0,1.0,1.0,1.0,0.9999999999993219,1.0,,,,108,49,,0,hemofusion
0.0,0.0,0.0,147456.0,0.0,0.0,1,1.0,1.0,1.0,1.0,0.9999999999993219,1.0,,,,108,50,,0,hemofusion
0.0,0.0,0.0,147456.0,0.0,0.0,1,1.0,1.0,1.0,1.0,0.9999999999993219,1.0,,,,108,51,,0,hemofusion
0.0,0.0,0.0,147456.0,0.0,0.0,1,1.0,1.0,1.0,1.0,0.9999999999993219,1.0,,,,108,52,,0,hemofusion
0.0,0.0,0.0,147456.0,0.0,0.0,1,1.0,1.0,1.0,1.0,0.9999999999993219,1.0,,,,108,53,,0,hemofusion
0.0,0.0,0.0,147456.0,0.0,0.0,1,1.0,1.0,1.0,1.0,0.9999999999993219,1.0,,,,108,54,,0,hemofusion
0.0,0.0,0.0,147456.0,0.0,0.0,1,1.0,1.0,1.0,1.0,0.9999999999993219,1.0,,,,108,55,,0,hemofusion
0.0,0.0,0.0,147456.0,0.0,0.0,1,1.0,1.0,1.0,1.0,0.9999999999993219,1.0,,,,108,56,,0,hemofusion
0.0,0.0,0.0,147456.0,0.0,0.0,1,1.0,1.0,1.0,1.0,0.9999999999993219,1.0,,,,108,57,,0,hemofusion
0.0,0.0,0.0,147456.0,0.0,0.0,1,1.0,1.0,1.0,1.0,0.9999999999993219,1.0,,,,113,0,,0,hemofusion
0.0,0.0,0.0,147456.0,0.0,0.0,1,1.0,1.0,1.0,1.0,0.9999999999993219,1.0,,,,113,1,,0,hemofusion
0.0,0.0,0.0,147456.0,0.0,0.0,1,1.0,1.0,1.0,1.0,0.9999999999993219,1.0,,,,113,2,,0,hemofusion
0.0,0.0,0.0,147456.0,0.0,0.0,1,1.0,1.0,1.0,1.0,0.9999999999993219,1.0,,,,113,3,,0,hemofusion
0.0,0.0,0.0,147456.0,0.0,0.0,1,1.0,1.0,1.0,1.0,0.9999999999993219,1.0,,,,113,4,,0,hemofusion
0.0,0.0,0.0,147456.0,0.0,0.0,1,1.0,1.0,1.0,1.0,0.9999999999993219,1.0,,,,113,5,,0,hemofusion
0.0,0.0,0.0,147456.0,0.0,0.0,1,1.0,1.0,1.0,1.0,0.9999999999993219,1.0,,,,113,6,,0,hemofusion
0.0,0.0,0.0,147456.0,0.0,0.0,1,1.0,1.0,1.0,1.0,0.9999999999993219,1.0,,,,113,7,,0,hemofusion
0.0,0.0,0.0,147456.0,0.0,0.0,1,1.0,1.0,1.0,1.0,0.9999999999993219,1.0,,,,113,8,,0,hemofusion
0.0,0.0,0.0,147456.0,0.0,0.0,1,1.0,1.0,1.0,1.0,0.9999999999993219,1.0,,,,113,9,,0,hemofusion
0.0,0.0,0.0,147456.0,0.0,0.0,1,1.0,1.0,1.0,1.0,0.9999999999993219,1.0,,,,113,10,,0,hemofusion
0.0,0.0,0.0,147456.0,0.0,0.0,1,1.0,1.0,1.0,1.0,0.9999999999993219,1.0,,,,113,11,,0,hemofusion
0.0,0.0,0.0,147456.0,0.0,0.0,1,1.0,1.0,1.0,1.0,0.9999999999993219,1.0,,,,113,12,,0,hemofusion
0.0,0.0,0.0,147456.0,0.0,0.0,1,1.0,1.0,1.0,1.0,0.9999999999993219,1.0,,,,113,13,,0,hemofusion
0.0,0.0,0.0,147456.0,0.0,0.0,1,1.0,1.0,1.0,1.0,0.9999999999993219,1.0,,,,113,14,,0,hemofusion
0.0,0.0,0.0,147456.0,0.0,0.0,1,1.0,1.0,1.0,1.0,0.9999999999993219,1.0,,,,113,15,,0,hemofusion
0.0,0.0,0.0,147456.0,0.0,0.0,1,1.0,1.0,1.0,1.0,0.9999999999993219,1.0,,,,113,16,,0,hemofusion
0.0,0.0,0.0,147456.0,0.0,0.0,1,1.0,1.0,1.0,1.0,0.9999999999993219,1.0,,,,113,17,,0,hemofusion
0.0,0.0,0.0,147456.0,0.0,0.0,1,1.0,1.0,1.0,1.0,0.9999999999993219,1.0,,,,113,18,,0,hemofusion
0.0,0.0,0.0,147456.0,0.0,0.0,1,1.0,1.0,1.0,1.0,0.9999999999993219,1.0,,,,113,19,,0,hemofusion
0.0,0.0,0.0,147456.0,0.0,0.0,1,1.0,1.0,1.0,1.0,0.9999999999993219,1.0,,,,113,20,,0,hemofusion
0.0,0.0,0.0,147456.0,0.0,0.0,1,1.0,1.0,1.0,1.0,0.9999999999993219,1.0,,,,113,21,,0,hemofusion
0.0,0.0,0.0,147456.0,0.0,0.0,1,1.0,1.0,1.0,1.0,0.9999999999993219,1.0,,,,113,22,,0,hemofusion
0.0,0.0,0.0,147456.0,0.0,0.0,1,1.0,1.0,1.0,1.0,0.9999999999993219,1.0,,,,113,23,,0,hemofusion
0.0,0.0,0.0,147456.0,0.0,0.0,1,1.0,1.0,1.0,1.0,0.9999999999993219,1.0,,,,113,24,,0,hemofusion
0.0,0.0,0.0,147456.0,0.0,0.0,1,1.0,1.0,1.0,1.0,0.9999999999993219,1.0,,,,113,25,,0,hemofusion
0.0,0.0,0.0,147456.0,0.0,0.0,1,1.0,1.0,1.0,1.0,0.9999999999993219,1.0,,,,113,26,,0,hemofusion
0.0,0.0,0.0,147456.0,0.0,0.0,1,1.0,1.0,1.0,1.0,0.9999999999993219,1.0,,,,113,27,,0,hemofusion
0.0,0.0,0.0,147456.0,0.0,0.0,1,1.0,1.0,1.0,1.0,0.9999999999993219,1.0,,,,113,28,,0,hemofusion
0.0,0.0,0.0,147456.0,0.0,0.0,1,1.0,1.0,1.0,1.0,0.9999999999993219,1.0,,,,113,29,,0,hemofusion
0.0,0.0,0.0,147456.0,0.0,0.0,1,1.0,1.0,1.0,1.0,0.9999999999993219,1.0,,,,113,30,,0,hemofusion
0.0,0.0,0.0,147456.0,0.0,0.0,1,1.0,1.0,1.0,1.0,0.9999999999993219,1.0,,,,113,31,,0,hemofusion
0.0,0.0,0.0,147456.0,0.0,0.0,1,1.0,1.0,1.0,1.0,0.9999999999993219,1.0,,,,113,32,,0,hemofusion
0.0,0.0,0.0,147456.0,0.0,0.0,1,1.0,1.0,1.0,1.0,0.9999999999993219,1.0,,,,119,0,,0,hemofusion
0.0,0.0,0.0,147456.0,0.0,0.0,1,1.0,1.0,1.0,1.0,0.9999999999993219,1.0,,,,119,1,,0,hemofusion
0.0,0.0,0.0,147456.0,0.0,0.0,1,1.0,1.0,1.0,1.0,0.9999999999993219,1.0,,,,119,2,,0,hemofusion
0.0,0.0,0.0,147456.0,0.0,0.0,1,1.0,1.0,1.0,1.0,0.9999999999993219,1.0,,,,119,3,,0,hemofusion
0.0,0.0,0.0,147456.0,0.0,0.0,1,1.0,1.0,1.0,1.0,0.9999999999993219,1.0,,,,119,4,,0,hemofusion
0.0,0.0,0.0,147456.0,0.0,0.0,1,1.0,1.0,1.0,1.0,0.9999999999993219,1.0,,,,119,5,,0,hemofusion
0.0,0.0,0.0,147456.0,0.0,0.0,1,1.0,1.0,1.0,1.0,0.9999999999993219,1.0,,,,119,6,,0,hemofusion
0.0,0.0,0.0,147456.0,0.0,0.0,1,1.0,1.0,1.0,1.0,0.9999999999993219,1.0,,,,119,7,,0,hemofusion
0.0,0.0,0.0,147456.0,0.0,0.0,1,1.0,1.0,1.0,1.0,0.9999999999993219,1.0,,,,119,8,,0,hemofusion
0.0,0.0,0.0,147456.0,0.0,0.0,1,1.0,1.0,1.0,1.0,0.9999999999993219,1.0,,,,119,9,,0,hemofusion
0.0,0.0,0.0,147456.0,0.0,0.0,1,1.0,1.0,1.0,1.0,0.9999999999993219,1.0,,,,119,10,,0,hemofusion
0.0,0.0,0.0,147456.0,0.0,0.0,1,1.0,1.0,1.0,1.0,0.9999999999993219,1.0,,,,119,11,,0,hemofusion
0.0,0.0,0.0,147456.0,0.0,0.0,1,1.0,1.0,1.0,1.0,0.9999999999993219,1.0,,,,119,12,,0,hemofusion
0.0,0.0,0.0,147456.0,0.0,0.0,1,1.0,1.0,1.0,1.0,0.9999999999993219,1.0,,,,119,13,,0,hemofusion
0.0,0.0,0.0,147456.0,0.0,0.0,1,1.0,1.0,1.0,1.0,0.9999999999993219,1.0,,,,119,14,,0,hemofusion
0.0,0.0,0.0,147456.0,0.0,0.0,1,1.0,1.0,1.0,1.0,0.9999999999993219,1.0,,,,119,15,,0,hemofusion
0.0,0.0,0.0,147456.0,0.0,0.0,1,1.0,1.0,1.0,1.0,0.9999999999993219,1.0,,,,119,16,,0,hemofusion
0.0,0.0,0.0,147456.0,0.0,0.0,1,1.0,1.0,1.0,1.0,0.9999999999993219,1.0,,,,119,17,,0,hemofusion
0.0,0.0,0.0,147456.0,0.0,0.0,1,1.0,1.0,1.0,1.0,0.9999999999993219,1.0,,,,119,18,,0,hemofusion
0.0,0.0,0.0,147456.0,0.0,0.0,1,1.0,1.0,1.0,1.0,0.9999999999993219,1.0,,,,119,19,,0,hemofusion
0.0,0.0,0.0,147456.0,0.0,0.0,1,1.0,1.0,1.0,1.0,0.9999999999993219,1.0,,,,119,20,,0,hemofusion
0.0,0.0,0.0,147456.0,0.0,0.0,1,1.0,1.0,1.0,1.0,0.9999999999993219,1.0,,,,119,21,,0,hemofusion
0.0,0.0,0.0,147456.0,0.0,0.0,1,1.0,1.0,1.0,1.0,0.9999999999993219,1.0,,,,119,22,,0,hemofusion
0.0,0.0,0.0,147456.0,0.0,0.0,1,1.0,1.0,1.0,1.0,0.9999999999993219,1.0,,,,119,23,,0,hemofusion
0.0,0.0,0.0,147456.0,0.0,0.0,1,1.0,1.0,1.0,1.0,0.9999999999993219,1.0,,,,119,24,,0,hemofusion
0.0,0.0,0.0,147456.0,0.0,0.0,1,1.0,1.0,1.0,1.0,0.9999999999993219,1.0,,,,119,25,,0,hemofusion
0.0,0.0,0.0,147456.0,0.0,0.0,1,1.0,1.0,1.0,1.0,0.9999999999993219,1.0,,,,119,26,,0,hemofusion
0.0,0.0,0.0,147456.0,0.0,0.0,1,1.0,1.0,1.0,1.0,0.9999999999993219,1.0,,,,119,27,,0,hemofusion
0.0,0.0,0.0,147456.0,0.0,0.0,1,1.0,1.0,1.0,1.0,0.9999999999993219,1.0,,,,119,28,,0,hemofusion
0.0,0.0,0.0,147456.0,0.0,0.0,1,1.0,1.0,1.0,1.0,0.9999999999993219,1.0,,,,119,29,,0,hemofusion
0.0,0.0,0.0,147456.0,0.0,0.0,1,1.0,1.0,1.0,1.0,0.9999999999993219,1.0,,,,119,30,,0,hemofusion
0.0,0.0,0.0,147456.0,0.0,0.0,1,1.0,1.0,1.0,1.0,0.9999999999993219,1.0,,,,119,31,,0,hemofusion
0.0,0.0,0.0,147456.0,0.0,0.0,1,1.0,1.0,1.0,1.0,0.9999999999993219,1.0,,,,119,32,,0,hemofusion
0.0,0.0,0.0,147456.0,0.0,0.0,1,1.0,1.0,1.0,1.0,0.9999999999993219,1.0,,,,119,33,,0,hemofusion
0.0,0.0,0.0,147456.0,0.0,0.0,1,1.0,1.0,1.0,1.0,0.9999999999993219,1.0,,,,119,34,,0,hemofusion
0.0,0.0,0.0,147456.0,0.0,0.0,1,1.0,1.0,1.0,1.0,0.9999999999993219,1.0,,,,119,35,,0,hemofusion
0.0,0.0,0.0,147456.0,0.0,0.0,1,1.0,1.0,1.0,1.0,0.9999999999993219,1.0,,,,124,0,,0,hemofusion
0.0,0.0,0.0,147456.0,0.0,0.0,1,1.0,1.0,1.0,1.0,0.9999999999993219,1.0,,,,124,1,,0,hemofusion
0.0,0.0,0.0,147456.0,0.0,0.0,1,1.0,1.0,1.0,1.0,0.9999999999993219,1.0,,,,124,2,,0,hemofusion
0.0,0.0,0.0,147456.0,0.0,0.0,1,1.0,1.0,1.0,1.0,0.9999999999993219,1.0,,,,124,3,,0,hemofusion
0.0,0.0,0.0,147456.0,0.0,0.0,1,1.0,1.0,1.0,1.0,0.9999999999993219,1.0,,,,124,4,,0,hemofusion
0.0,0.0,0.0,147456.0,0.0,0.0,1,1.0,1.0,1.0,1.0,0.9999999999993219,1.0,,,,124,5,,0,hemofusion
0.0,0.0,0.0,147456.0,0.0,0.0,1,1.0,1.0,1.0,1.0,0.9999999999993219,1.0,,,,124,6,,0,hemofusion
0.0,0.0,0.0,147456.0,0.0,0.0,1,1.0,1.0,1.0,1.0,0.9999999999993219,1.0,,,,124,7,,0,hemofusion
0.0,0.0,0.0,147456.0,0.0,0.0,1,1.0,1.0,1.0,1.0,0.9999999999993219,1.0,,,,124,8,,0,hemofusion
0.0,0.0,0.0,147456.0,0.0,0.0,1,1.0,1.0,1.0,1.0,0.9999999999993219,1.0,,,,124,9,,0,hemofusion
0.0,0.0,0.0,147456.0,0.0,0.0,1,1.0,1.0,1.0,1.0,0.9999999999993219,1.0,,,,124,10,,0,hemofusion
0.0,0.0,0.0,147456.0,0.0,0.0,1,1.0,1.0,1.0,1.0,0.9999999999993219,1.0,,,,124,11,,0,hemofusion
0.0,0.0,0.0,147456.0,0.0,0.0,1,1.0,1.0,1.0,1.0,0.9999999999993219,1.0,,,,124,12,,0,hemofusion
0.0,0.0,0.0,147456.0,0.0,0.0,1,1.0,1.0,1.0,1.0,0.9999999999993219,1.0,,,,124,13,,0,hemofusion
0.0,0.0,0.0,147456.0,0.0,0.0,1,1.0,1.0,1.0,1.0,0.9999999999993219,1.0,,,,124,14,,0,hemofusion
0.0,0.0,0.0,147456.0,0.0,0.0,1,1.0,1.0,1.0,1.0,0.9999999999993219,1.0,,,,124,15,,0,hemofusion
0.0,0.0,0.0,147456.0,0.0,0.0,1,1.0,1.0,1.0,1.0,0.9999999999993219,1.0,,,,124,16,,0,hemofusion
0.0,0.0,0.0,147456.0,0.0,0.0,1,1.0,1.0,1.0,1.0,0.9999999999993219,1.0,,,,124,17,,0,hemofusion
0.0,0.0,0.0,147456.0,0.0,0.0,1,1.0,1.0,1.0,1.0,0.9999999999993219,1.0,,,,124,18,,0,hemofusion
0.0,0.0,0.0,147456.0,0.0,0.0,1,1.0,1.0,1.0,1.0,0.9999999999993219,1.0,,,,124,19,,0,hemofusion
0.0,0.0,0.0,147456.0,0.0,0.0,1,1.0,1.0,1.0,1.0,0.9999999999993219,1.0,,,,124,20,,0,hemofusion
0.0,0.0,0.0,147456.0,0.0,0.0,1,1.0,1.0,1.0,1.0,0.9999999999993219,1.0,,,,124,21,,0,hemofusion
0.0,0.0,0.0,147456.0,0.0,0.0,1,1.0,1.0,1.0,1.0,0.9999999999993219,1.0,,,,124,22,,0,hemofusion
0.0,0.0,0.0,147456.0,0.0,0.0,1,1.0,1.0,1.0,1.0,0.9999999999993219,1.0,,,,124,23,,0,hemofusion
0.0,0.0,0.0,147456.0,0.0,0.0,1,1.0,1.0,1.0,1.0,0.9999999999993219,1.0,,,,124,24,,0,hemofusion
0.0,0.0,0.0,147456.0,0.0,0.0,1,1.0,1.0,1.0,1.0,0.9999999999993219,1.0,,,,124,25,,0,hemofusion
0.0,0.0,0.0,147456.0,0.0,0.0,1,1.0,1.0,1.0,1.0,0.9999999999993219,1.0,,,,124,26,,0,hemofusion
0.0,0.0,0.0,147456.0,0.0,0.0,1,1.0,1.0,1.0,1.0,0.9999999999993219,1.0,,,,124,27,,0,hemofusion
0.0,0.0,0.0,147456.0,0.0,0.0,1,1.0,1.0,1.0,1.0,0.9999999999993219,1.0,,,,124,28,,0,hemofusion
0.0,0.0,0.0,147456.0,0.0,0.0,1,1.0,1.0,1.0,1.0,0.9999999999993219,1.0,,,,124,29,,0,hemofusion
0.0,0.0,0.0,147456.0,0.0,0.0,1,1.0,1.0,1.0,1.0,0.9999999999993219,1.0,,,,124,30,,0,hemofusion
0.0,0.0,0.0,147456.0,0.0,0.0,1,1.0,1.0,1.0,1.0,0.9999999999993219,1.0,,,,124,31,,0,hemofusion
0.0,0.0,0.0,147456.0,0.0,0.0,1,1.0,1.0,1.0,1.0,0.9999999999993219,1.0,,,,124,32,,0,hemofusion
0.0,0.0,0.0,147456.0,0.0,0.0,1,1.0,1.0,1.0,1.0,0.9999999999993219,1.0,,,,124,33,,0,hemofusion
0.0,0.0,0.0,147456.0,0.0,0.0,1,1.0,1.0,1.0,1.0,0.9999999999993219,1.0,,,,124,34,,0,hemofusion
0.0,0.0,0.0,147456.0,0.0,0.0,1,1.0,1.0,1.0,1.0,0.9999999999993219,1.0,,,,124,35,,0,hemofusion
0.0,0.0,0.0,147456.0,0.0,0.0,1,1.0,1.0,1.0,1.0,0.9999999999993219,1.0,,,,124,36,,0,hemofusion
0.0,0.0,0.0,147456.0,0.0,0.0,1,1.0,1.0,1.0,1.0,0.9999999999993219,1.0,,,,125,0,,0,hemofusion
0.0,0.0,0.0,147456.0,0.0,0.0,1,1.0,1.0,1.0,1.0,0.9999999999993219,1.0,,,,125,1,,0,hemofusion
0.0,0.0,0.0,147456.0,0.0,0.0,1,1.0,1.0,1.0,1.0,0.9999999999993219,1.0,,,,125,2,,0,hemofusion
0.0,0.0,0.0,147456.0,0.0,0.0,1,1.0,1.0,1.0,1.0,0.9999999999993219,1.0,,,,125,3,,0,hemofusion
0.0,0.0,0.0,147456.0,0.0,0.0,1,1.0,1.0,1.0,1.0,0.9999999999993219,1.0,,,,125,4,,0,hemofusion
0.0,0.0,0.0,147456.0,0.0,0.0,1,1.0,1.0,1.0,1.0,0.9999999999993219,1.0,,,,125,5,,0,hemofusion
0.0,0.0,0.0,147456.0,0.0,0.0,1,1.0,1.0,1.0,1.0,0.9999999999993219,1.0,,,,125,6,,0,hemofusion
0.0,0.0,0.0,147456.0,0.0,0.0,1,1.0,1.0,1.0,1.0,0.9999999999993219,1.0,,,,125,7,,0,hemofusion
0.0,0.0,0.0,147456.0,0.0,0.0,1,1.0,1.0,1.0,1.0,0.9999999999993219,1.0,,,,125,8,,0,hemofusion
0.0,0.0,0.0,147456.0,0.0,0.0,1,1.0,1.0,1.0,1.0,0.9999999999993219,1.0,,,,125,9,,0,hemofusion
0.0,0.0,0.0,147456.0,0.0,0.0,1,1.0,1.0,1.0,1.0,0.9999999999993219,1.0,,,,125,10,,0,hemofusion
0.0,0.0,0.0,147456.0,0.0,0.0,1,1.0,1.0,1.0,1.0,0.9999999999993219,1.0,,,,125,11,,0,hemofusion
0.0,0.0,0.0,147456.0,0.0,0.0,1,1.0,1.0,1.0,1.0,0.9999999999993219,1.0,,,,125,12,,0,hemofusion
0.0,0.0,0.0,147456.0,0.0,0.0,1,1.0,1.0,1.0,1.0,0.9999999999993219,1.0,,,,125,13,,0,hemofusion
0.0,0.0,0.0,147456.0,0.0,0.0,1,1.0,1.0,1.0,1.0,0.9999999999993219,1.0,,,,125,14,,0,hemofusion
0.0,0.0,0.0,147456.0,0.0,0.0,1,1.0,1.0,1.0,1.0,0.9999999999993219,1.0,,,,125,15,,0,hemofusion
0.0,0.0,0.0,147456.0,0.0,0.0,1,1.0,1.0,1.0,1.0,0.9999999999993219,1.0,,,,125,16,,0,hemofusion
0.0,0.0,0.0,147456.0,0.0,0.0,1,1.0,1.0,1.0,1.0,0.9999999999993219,1.0,,,,125,17,,0,hemofusion
0.0,0.0,0.0,147456.0,0.0,0.0,1,1.0,1.0,1.0,1.0,0.9999999999993219,1.0,,,,125,18,,0,hemofusion
0.0,0.0,0.0,147456.0,0.0,0.0,1,1.0,1.0,1.0,1.0,0.9999999999993219,1.0,,,,125,19,,0,hemofusion
0.0,0.0,0.0,147456.0,0.0,0.0,1,1.0,1.0,1.0,1.0,0.9999999999993219,1.0,,,,125,20,,0,hemofusion
0.0,0.0,0.0,147456.0,0.0,0.0,1,1.0,1.0,1.0,1.0,0.9999999999993219,1.0,,,,125,21,,0,hemofusion
0.0,0.0,0.0,147456.0,0.0,0.0,1,1.0,1.0,1.0,1.0,0.9999999999993219,1.0,,,,125,22,,0,hemofusion
0.0,0.0,0.0,147456.0,0.0,0.0,1,1.0,1.0,1.0,1.0,0.9999999999993219,1.0,,,,125,23,,0,hemofusion
0.0,0.0,0.0,147456.0,0.0,0.0,1,1.0,1.0,1.0,1.0,0.9999999999993219,1.0,,,,125,24,,0,hemofusion
0.0,0.0,0.0,147456.0,0.0,0.0,1,1.0,1.0,1.0,1.0,0.9999999999993219,1.0,,,,125,25,,0,hemofusion
0.0,0.0,0.0,147456.0,0.0,0.0,1,1.0,1.0,1.0,1.0,0.9999999999993219,1.0,,,,125,26,,0,hemofusion
0.0,0.0,0.0,147456.0,0.0,0.0,1,1.0,1.0,1.0,1.0,0.9999999999993219,1.0,,,,125,27,,0,hemofusion
0.0,0.0,0.0,147456.0,0.0,0.0,1,1.0,1.0,1.0,1.0,0.9999999999993219,1.0,,,,125,28,,0,hemofusion
0.0,0.0,0.0,147456.0,0.0,0.0,1,1.0,1.0,1.0,1.0,0.9999999999993219,1.0,,,,125,29,,0,hemofusion
0.0,0.0,0.0,147456.0,0.0,0.0,1,1.0,1.0,1.0,1.0,0.9999999999993219,1.0,,,,125,30,,0,hemofusion
0.0,0.0,0.0,147456.0,0.0,0.0,1,1.0,1.0,1.0,1.0,0.9999999999993219,1.0,,,,125,31,,0,hemofusion
0.0,0.0,0.0,147456.0,0.0,0.0,1,1.0,1.0,1.0,1.0,0.9999999999993219,1.0,,,,125,32,,0,hemofusion
0.0,0.0,0.0,147456.0,0.0,0.0,1,1.0,1.0,1.0,1.0,0.9999999999993219,1.0,,,,125,33,,0,hemofusion
0.0,0.0,0.0,147456.0,0.0,0.0,1,1.0,1.0,1.0,1.0,0.9999999999993219,1.0,,,,125,34,,0,hemofusion
0.0,0.0,0.0,147456.0,0.0,0.0,1,1.0,1.0,1.0,1.0,0.9999999999993219,1.0,,,,125,35,,0,hemofusion
0.0,0.0,0.0,147456.0,0.0,0.0,1,1.0,1.0,1.0,1.0,0.9999999999993219,1.0,,,,125,36,,0,hemofusion
0.0,0.0,0.0,147456.0,0.0,0.0,1,1.0,1.0,1.0,1.0,0.9999999999993219,1.0,,,,125,37,,0,hemofusion
0.0,0.0,0.0,147456.0,0.0,0.0,1,1.0,1.0,1.0,1.0,0.9999999999993219,1.0,,,,125,38,,0,hemofusion
0.0,0.0,0.0,147456.0,0.0,0.0,1,1.0,1.0,1.0,1.0,0.9999999999993219,1.0,,,,125,39,,0,hemofusion
0.0,0.0,0.0,147456.0,0.0,0.0,1,1.0,1.0,1.0,1.0,0.9999999999993219,1.0,,,,125,40,,0,hemofusion
0.0,0.0,0.0,147456.0,0.0,0.0,1,1.0,1.0,1.0,1.0,0.9999999999993219,1.0,,,,125,41,,0,hemofusion
0.0,0.0,0.0,147456.0,0.0,0.0,1,1.0,1.0,1.0,1.0,0.9999999999993219,1.0,,,,125,42,,0,hemofusion
